-- Generated by scripts/make_dla_param_mif.py -- do not edit
DEPTH = 8192;
WIDTH = 64;
ADDRESS_RADIX = HEX;
DATA_RADIX = HEX;
CONTENT
BEGIN
0: b5030800f8f018b9;
1: fe7e63f405115b2e;
2: e070674fbc0065c4;
3: 3a4db85e948b3588;
4: 000000000006ed8b;
5: 0000000000000000;
6: 0000000000000000;
7: 0000000000000000;
8: f2f5ccecb5d01b5c;
9: 83bd7440fe7b046e;
a: c755a03fdb9c29c3;
b: 777afd11051838cb;
c: 00000000000781a4;
d: 0000000000000000;
e: 0000000000000000;
f: 0000000000000000;
10: f20b0848f2bff9db;
11: e1010d421b49e30e;
12: db9403e31358a9b5;
13: 96140df9f17cb811;
14: 000000000007a5f5;
15: 0000000000000000;
16: 0000000000000000;
17: 0000000000000000;
18: f59013daf0febe1c;
19: 6862983c3afae18e;
1a: 600bd137c7451dd9;
1b: f1a2090a00fb3fb0;
1c: 000000000007f7f8;
1d: 0000000000000000;
1e: 0000000000000000;
1f: 0000000000000000;
20: b36d1753eae01de4;
21: 65c0125e1eb53aee;
22: 9bcfbbb8db70adad;
23: 14ef32fe1883bb1d;
24: 000000000006ec81;
25: 0000000000000000;
26: 0000000000000000;
27: 0000000000000000;
28: c1f7efbc05e31cec;
29: c2fd359c013cc46f;
2a: 8f0c684ffadc09e0;
2b: 58f17aa46884bb7f;
2c: 0000000000076093;
2d: 0000000000000000;
2e: 0000000000000000;
2f: 0000000000000000;
30: 1606f2f2d2b7380f;
31: d8e175256aeae36e;
32: 40deadc3073c21a2;
33: 132bfb9506773478;
34: 0000000000073464;
35: 0000000000000000;
36: 0000000000000000;
37: 0000000000000000;
38: 16bbfce8ff07d2f8;
39: 6a9fa88384a01def;
3a: e1385b9bafb905db;
3b: d8a08c6b7782b86b;
3c: 0000000000070288;
3d: 0000000000000000;
3e: 0000000000000000;
3f: 0000000000000000;
40: 24d2115d09357081;
41: 9ac251a12690ac24;
42: 480d9424d5f5c884;
43: fed8849a44569093;
44: 000000000002126a;
45: 0000000000000000;
46: 0000000000000000;
47: 8000000000000000;
48: 24d1e661093586f7;
49: 9a4190a126911724;
4a: 58445424d2244c84;
4b: 1a06849a44219093;
4c: 0000000000021269;
4d: 0000000000000000;
4e: 0000000000000000;
4f: 8000000000000000;
50: 20d013bf0528ca4b;
51: f943f91e3e61ed6d;
52: bf7fcbfbbb8001d4;
53: 026afc79e8a939cc;
54: 0000000000077680;
55: 0000000000000000;
56: 0000000000000000;
57: 0000000000000000;
58: c017eae2dcf2094c;
59: 7e787f07a15fd64e;
5a: a0cc041ad09505c2;
5b: 8b91534a010bbbb8;
5c: 0000000000070b90;
5d: 0000000000000000;
5e: 0000000000000000;
5f: 0000000000000000;
60: 20e21d09e000e0ae;
61: 81c182b929000c6f;
62: f4212228402305d9;
63: 6c8088fb02d9bb7e;
64: 0000000000070a62;
65: 0000000000000000;
66: 0000000000000000;
67: 0000000000000000;
68: f9085f05120f1b5f;
69: e8416520e7ea840e;
6a: cdb3d4a89b1b2dbe;
6b: 796707ec93edb8f2;
6c: 0000000000076b35;
6d: 0000000000000000;
6e: 0000000000000000;
6f: 0000000000000000;
70: 0ff3a5f93ac9efed;
71: 63c1799be39daaae;
72: 9c1efceff39109db;
73: 15eaf8737009bb58;
74: 0000000000077caa;
75: 0000000000000000;
76: 0000000000000000;
77: 0000000000000000;
78: 0a5fd8d4df03fd07;
79: 37169ec30ac69f6e;
7a: 3c00f2e71383c18a;
7b: 8131564f755a3b80;
7c: 000000000006ed97;
7d: 0000000000000000;
7e: 0000000000000000;
7f: 0000000000000000;
80: 2bd13fcaf638a334;
81: 42fe47fefe5c6aee;
82: c514c7ad204835df;
83: dc06193382a3bb73;
84: 000000000007745b;
85: 0000000000000000;
86: 0000000000000000;
87: 0000000000000000;
88: e541fe210c07f437;
89: f2dcf30058b6bbce;
8a: 897bf0615a7fc1ba;
8b: 5c64ff007d80386b;
8c: 0000000000077a0d;
8d: 0000000000000000;
8e: 0000000000000000;
8f: 0000000000000000;
90: 7cda8fe5ad1bd2f5;
91: e700f4bea53d0a6d;
92: 0372e9d77fb8d1d1;
93: 8b9990b0733cbba4;
94: 0000000000068d1f;
95: 0000000000000000;
96: 0000000000000000;
97: 0000000000000000;
98: 21460df4d0c80110;
99: 49663ec22921642e;
9a: c7fb12f72ff3fdc9;
9b: 7a720d5b07a5b84b;
9c: 000000000007711b;
9d: 0000000000000000;
9e: 0000000000000000;
9f: 0000000000000000;
a0: 2ad82f2ace21b51d;
a1: 6301645f61f8884e;
a2: 40853fb1303255db;
a3: 52ff0292f8823b74;
a4: 0000000000077d5c;
a5: 0000000000000000;
a6: 0000000000000000;
a7: 0000000000000000;
a8: e21bf1e500a432dd;
a9: 8e6858b75efc6b0e;
aa: 2ca0645016c6e5a4;
ab: 760ff80a1e2db8c0;
ac: 0000000000076134;
ad: 0000000000000000;
ae: 0000000000000000;
af: 0000000000000000;
b0: af28bb381745f345;
b1: a09bfdb7a0c822ce;
b2: bce3943e794e51dd;
b3: a9e57cf48f0bb5b3;
b4: 0000000000071115;
b5: 0000000000000000;
b6: 0000000000000000;
b7: 0000000000000000;
b8: d451edefdf183418;
b9: d801478e06e6592e;
ba: 6467d8abc7f131bf;
bb: 7a67917cdd6fbfc4;
bc: 0000000000076d79;
bd: 0000000000000000;
be: 0000000000000000;
bf: 0000000000000000;
c0: 3c0dd2d4c5b0b7d9;
c1: 3ea29dffa7e9bb6e;
c2: 93402b0e480c69d5;
c3: 621c6b0dd260bb43;
c4: 0000000000076ee4;
c5: 0000000000000000;
c6: 0000000000000000;
c7: 0000000000000000;
c8: c7c7303723b821d0;
c9: 8f47b827bc0b558e;
ca: 0cfb4783becfe5b9;
cb: e92382758d743897;
cc: 00000000000770a4;
cd: 0000000000000000;
ce: 0000000000000000;
cf: 0000000000000000;
d0: ae329311e922edd9;
d1: e29a8a3d5fe3bf4e;
d2: 6def7bd345e2bde5;
d3: a1808f0264ef3753;
d4: 0000000000072218;
d5: 0000000000000000;
d6: 0000000000000000;
d7: 0000000000000000;
d8: 150cfbf31831ca9c;
d9: 77817ca32bc242ae;
da: db796176fbe5fddf;
db: 23f7887758f5b6b4;
dc: 0000000000077d06;
dd: 0000000000000000;
de: 0000000000000000;
df: 0000000000000000;
e0: 0aea1aeaf6faa51c;
e1: 36012698ceeb380f;
e2: af77b40697c041a6;
e3: 22087819731a3fa7;
e4: 000000000007007e;
e5: 0000000000000000;
e6: 0000000000000000;
e7: 0000000000000000;
e8: e0bbec6812e2cbd1;
e9: aa3e9ac35e02fd0e;
ea: 13ecbcdc7a1879dd;
eb: 61f3e84ffcd534bf;
ec: 0000000000077582;
ed: 0000000000000000;
ee: 0000000000000000;
ef: 0000000000000000;
f0: f54e9f649a5e18d0;
f1: e1b303e0404ae5cd;
f2: a43f70ef99ac45c1;
f3: 8400f5f59407bbb3;
f4: 0000000000072087;
f5: 0000000000000000;
f6: 0000000000000000;
f7: 0000000000000000;
f8: fd2202e808d3b0e8;
f9: 5da24104e3246ace;
fa: 27ef64ce3b9845c6;
fb: 1868867bcc8a3814;
fc: 000000000007730b;
fd: 0000000000000000;
fe: 0000000000000000;
ff: 0000000000000000;
100: f7455676aa649339;
101: fd0d7361ea6574ed;
102: 879fc0429f9ebda6;
103: 6a14eb2705633b9b;
104: 000000000007027e;
105: 0000000000000000;
106: 0000000000000000;
107: 0000000000000000;
108: 1111df5e07b05421;
109: 2b3f5c80bc613bcd;
10a: ab9c78001ea39dc0;
10b: 6c9c8f822086380b;
10c: 0000000000077930;
10d: 0000000000000000;
10e: 0000000000000000;
10f: 0000000000000000;
110: fb5ef50f421ed5dc;
111: bf37a104ff06a0ee;
112: d4900793dbd005e0;
113: 78781c03bd8d3d23;
114: 0000000000070d29;
115: 0000000000000000;
116: 0000000000000000;
117: 0000000000000000;
118: ed28e801feed553a;
119: 1f3e80f841df320e;
11a: 28da95386f83f9b7;
11b: e5df1b04e4f3b795;
11c: 000000000007737f;
11d: 0000000000000000;
11e: 0000000000000000;
11f: 0000000000000000;
120: ef4292df1e450e0e;
121: e9ba24651c864aee;
122: 2393e433cf8571c1;
123: e98568f3e1babb99;
124: 00000000000704f6;
125: 0000000000000000;
126: 0000000000000000;
127: 0000000000000000;
128: a6f6ef05d8a40cef;
129: 27423838375ab92e;
12a: cbf176d3eea801dd;
12b: 829edcfa968eb843;
12c: 0000000000074db3;
12d: 0000000000000000;
12e: 0000000000000000;
12f: 0000000000000000;
130: 0c0db9ffe4fdb9a6;
131: bdb9cfe0db2a576e;
132: 6972d6d490a74dc7;
133: 0cfba623f613b84b;
134: 0000000000070c88;
135: 0000000000000000;
136: 0000000000000000;
137: 0000000000000000;
138: ebaf029089eb9a10;
139: 5920f25b47823ccd;
13a: 765f506f9c316dbe;
13b: 1afa0c8700d7b700;
13c: 0000000000071506;
13d: 0000000000000000;
13e: 0000000000000000;
13f: 0000000000000000;
140: 240402a6f2f4c601;
141: ff8162441de8082f;
142: a7ac17eeeb6845fd;
143: 120dde20f437bf84;
144: 0000000000070a9a;
145: 0000000000000000;
146: 0000000000000000;
147: 0000000000000000;
148: d3e5e726ee9cf1d8;
149: 4ca3fedd36415b4e;
14a: c3807f988e53a1c4;
14b: 7f7477f07df3b86f;
14c: 00000000000783a0;
14d: 0000000000000000;
14e: 0000000000000000;
14f: 0000000000000000;
150: 0e0ae40d0914eeb9;
151: 00510de59ccd62cf;
152: 1c249a951d34edc6;
153: d3f5f6862a35b811;
154: 00000000000682ef;
155: 0000000000000000;
156: 0000000000000000;
157: 0000000000000000;
158: c5aa13c2ffceebfa;
159: a4398f954c943c6e;
15a: f682e40b6e4b9d97;
15b: 63ff1b77dc93b794;
15c: 000000000006ea7f;
15d: 0000000000000000;
15e: 0000000000000000;
15f: 0000000000000000;
160: 6a160a18071dcbdc;
161: fddf61641aae272e;
162: e77d0ad2c5c275d1;
163: 7e78599393b4357f;
164: 0000000000071214;
165: 0000000000000000;
166: 0000000000000000;
167: 0000000000000000;
168: 3efdfbe7d5fd5237;
169: 243b6062fb9f1bee;
16a: 3c7d6008034795cb;
16b: 1020dd0df2f03b94;
16c: 0000000000070331;
16d: 0000000000000000;
16e: 0000000000000000;
16f: 0000000000000000;
170: c9ae42b34aafc370;
171: 03c13c2e3f27a82e;
172: ff14db8e9696b5d9;
173: ea7af8f8f7223489;
174: 0000000000078b78;
175: 0000000000000000;
176: 0000000000000000;
177: 0000000000000000;
178: 1d41aab137ca1602;
179: 9b5ca3bd11bca1ae;
17a: 990653cf670301c1;
17b: 926ba3961eebb9b7;
17c: 00000000000774ec;
17d: 0000000000000000;
17e: 0000000000000000;
17f: 0000000000000000;
180: cf13f3fcbff5f90d;
181: 216a2001c0c318cf;
182: 8f4af9328900d9dc;
183: 9512fb527288b964;
184: 000000000006c73f;
185: 0000000000000000;
186: 0000000000000000;
187: 0000000000000000;
188: d572005ae0d11903;
189: 68df207ce1c1a1ce;
18a: 27dc8b7b3bd165e0;
18b: ede88a5ba16ebb88;
18c: 00000000000723f6;
18d: 0000000000000000;
18e: 0000000000000000;
18f: 0000000000000000;
190: d6e80cf0010de949;
191: fe37504d1cdb7a8f;
192: 704be80ba6f8c5a0;
193: 56ea5a06e83bbbdd;
194: 00000000000723de;
195: 0000000000000000;
196: 0000000000000000;
197: 0000000000000000;
198: ddcdcf15004d1569;
199: 3a09f706f17e430d;
19a: d54b60402f5b21bf;
19b: ff48826e2577b850;
19c: 0000000000077e73;
19d: 0000000000000000;
19e: 0000000000000000;
19f: 0000000000000000;
1a0: 25360dab2fc8f50b;
1a1: 60668632bfa809ae;
1a2: 9078cf768500c5bd;
1a3: 0d00647082adb84b;
1a4: 0000000000076b9d;
1a5: 0000000000000000;
1a6: 0000000000000000;
1a7: 0000000000000000;
1a8: f8181941f3eb0a07;
1a9: c11d9cc33bc2e9af;
1aa: a7753f3b6fd7f9de;
1ab: 69aae8581d703feb;
1ac: 0000000000077355;
1ad: 0000000000000000;
1ae: 0000000000000000;
1af: 0000000000000000;
1b0: cd0bd9b9f8101e79;
1b1: c00d7b69d8a7652e;
1b2: 9b3d4b6757ed89a8;
1b3: 03f3d1e47ba03803;
1b4: 0000000000072b56;
1b5: 0000000000000000;
1b6: 0000000000000000;
1b7: 0000000000000000;
1b8: dec3dd1b112ff44e;
1b9: 6182a57dac9cd4ae;
1ba: 589d63af7342b5a8;
1bb: 03f887ef2cecb8ed;
1bc: 0000000000071ef9;
1bd: 0000000000000000;
1be: 0000000000000000;
1bf: 0000000000000000;
1c0: f314d5b524fd2b4c;
1c1: 44b9387255ab3eee;
1c2: a3d12303947f99a7;
1c3: fe2af0120c82bfaf;
1c4: 000000000007786d;
1c5: 0000000000000000;
1c6: 0000000000000000;
1c7: 0000000000000000;
1c8: d601216a08c11502;
1c9: fa347c6b0687e0ef;
1ca: dfd90fb03b488dba;
1cb: 57677a472d55bbc7;
1cc: 000000000006a900;
1cd: 0000000000000000;
1ce: 0000000000000000;
1cf: 0000000000000000;
1d0: 36b56c0576caaa16;
1d1: 227e2105e13da84c;
1d2: a427b8bd1f7b91fd;
1d3: 80807880021bb832;
1d4: 00000000000709d7;
1d5: 0000000000000000;
1d6: 0000000000000000;
1d7: 0000000000000000;
1d8: e26fa8e600d002ed;
1d9: c27cfc5cda37496e;
1da: dcc313bb907fedde;
1db: 021a108bac8539f7;
1dc: 0000000000071a6f;
1dd: 0000000000000000;
1de: 0000000000000000;
1df: 0000000000000000;
1e0: 2262cab0adf709ec;
1e1: 7f4bfc3ddd7b624d;
1e2: 400b386f43b90db8;
1e3: 787da4f4005c3c78;
1e4: 00000000000763a2;
1e5: 0000000000000000;
1e6: 0000000000000000;
1e7: 0000000000000000;
1e8: 3b4adbf821e2d3bd;
1e9: a3fc211b92dea6ae;
1ea: cbbd3caa27c67ddc;
1eb: 7f7794e0667b3408;
1ec: 000000000007f77b;
1ed: 0000000000000000;
1ee: 0000000000000000;
1ef: 0000000000000000;
1f0: d9e64b66fc364233;
1f1: 7f438d5a5fd5a6ce;
1f2: 185c95c16f26edc7;
1f3: 21d7917f88293b9b;
1f4: 0000000000071676;
1f5: 0000000000000000;
1f6: 0000000000000000;
1f7: 0000000000000000;
1f8: 9c543a5bf7a5aa2f;
1f9: 1deabb629a19e3cd;
1fa: 38ac090b37ff9dc6;
1fb: f626027ca585b919;
1fc: 0000000000071204;
1fd: 0000000000000000;
1fe: 0000000000000000;
1ff: 0000000000000000;
200: d8fdd5e2d92bca45;
201: df46d1e85e3de18e;
202: 30348c1fdf591dc0;
203: 51990c76d005bfd8;
204: 000000000007762c;
205: 0000000000000000;
206: 0000000000000000;
207: 0000000000000000;
208: 4146c42f0af9fbdd;
209: 597efac1f1fa60ce;
20a: b7c1ae4f2fd75dc1;
20b: 669110527069382a;
20c: 0000000000076bf3;
20d: 0000000000000000;
20e: 0000000000000000;
20f: 0000000000000000;
210: f3085e3bdd381bcd;
211: a4e60ea5dd9689cd;
212: ef818c705ca849db;
213: 94fd7c0a25f83882;
214: 00000000000725ec;
215: 0000000000000000;
216: 0000000000000000;
217: 0000000000000000;
218: d8b3f4f2489ec8ba;
219: e0a5579d982480cd;
21a: ad0108a3d037cdc9;
21b: 8507888bb6763bcc;
21c: 0000000000071814;
21d: 0000000000000000;
21e: 0000000000000000;
21f: 0000000000000000;
220: e69317fd3cbea736;
221: 7b798009325d1d6d;
222: d8d4cf937c98adb6;
223: 0f3bc4f3fdb6b832;
224: 000000000006622d;
225: 0000000000000000;
226: 0000000000000000;
227: 0000000000000000;
228: 03f3545f08c2e2e5;
229: 58b702205ae163ae;
22a: 3bd58c57705bfddf;
22b: 82e20a6c85c4bb9b;
22c: 000000000007141b;
22d: 0000000000000000;
22e: 0000000000000000;
22f: 0000000000000000;
230: 10ec220b46ff18ce;
231: c76420c076c0038e;
232: fc72d0dfbcff7de0;
233: 10257bf50601383e;
234: 0000000000078788;
235: 0000000000000000;
236: 0000000000000000;
237: 0000000000000000;
238: 0023f401b8b8a301;
239: 5f80b7a1e0bce1ce;
23a: a83fb3a7a93491e5;
23b: 3008f785e375bbc4;
23c: 000000000007067a;
23d: 0000000000000000;
23e: 0000000000000000;
23f: 0000000000000000;
240: 59a10ddf48faf5ff;
241: e5c253d9e06750ce;
242: f4f73f7736143dab;
243: 02dd0b6dd15ebbe6;
244: 000000000006cd61;
245: 0000000000000000;
246: 0000000000000000;
247: 0000000000000000;
248: 300df3ba2df9c9f1;
249: 97d2624cdf653c6e;
24a: 43dc34a6ffffbdb0;
24b: 980b24d98c943f6c;
24c: 0000000000076dec;
24d: 0000000000000000;
24e: 0000000000000000;
24f: 0000000000000000;
250: fcbe032cec2c14fc;
251: 0644687bd77be38f;
252: b70f4dfc111699e9;
253: ff27036a1b9abbc6;
254: 000000000007659c;
255: 0000000000000000;
256: 0000000000000000;
257: 0000000000000000;
258: d44f310e18abc51f;
259: 3e043d811df705ae;
25a: df609c4384c129cd;
25b: a482897d87aa3840;
25c: 0000000000070f7a;
25d: 0000000000000000;
25e: 0000000000000000;
25f: 0000000000000000;
260: edca0e10f6befc53;
261: 1fe3bc2c2057f78e;
262: d05cea4f92a559e3;
263: 530709e5e0873b66;
264: 0000000000071bf4;
265: 0000000000000000;
266: 0000000000000000;
267: 0000000000000000;
268: 2608e92b1be5febf;
269: 31fcbc041b98b94e;
26a: 50dc59c2639c29c0;
26b: faf60b5bfc8cb408;
26c: 0000000000071bf2;
26d: 0000000000000000;
26e: 0000000000000000;
26f: 0000000000000000;
270: 97af2046e2dd10c5;
271: 68a26c96127de22d;
272: bb178f92d78f39c7;
273: c397e46e12f93986;
274: 0000000000070997;
275: 0000000000000000;
276: 0000000000000000;
277: 0000000000000000;
278: a14d33213689c6d8;
279: 1f27c04ee305614d;
27a: 5b591bf0d98c41ab;
27b: 0a0f7f690aa7bbcc;
27c: 0000000000070609;
27d: 0000000000000000;
27e: 0000000000000000;
27f: 0000000000000000;
280: deff4a15f80afbfc;
281: 4164019c21075aef;
282: 2100f433a4d809c8;
283: f3d31182e3f139c3;
284: 0000000000069bfd;
285: 0000000000000000;
286: 0000000000000000;
287: 0000000000000000;
288: 05b3144355fe21b6;
289: 1781df1ff1de98ee;
28a: 7b750d3e24f311c0;
28b: 07a2125f8d6e36b0;
28c: 0000000000070ff6;
28d: 0000000000000000;
28e: 0000000000000000;
28f: 0000000000000000;
290: f06e112cf10b5511;
291: 7f447381b987bdee;
292: 5f0c474353d70dc8;
293: 7a8effa209e83ba5;
294: 0000000000075991;
295: 0000000000000000;
296: 0000000000000000;
297: 0000000000000000;
298: a5c800fa14011ce1;
299: bffddac55d609fce;
29a: 47bc1fb8589acde8;
29b: 4a0a07811573bab7;
29c: 000000000006857b;
29d: 0000000000000000;
29e: 0000000000000000;
29f: 0000000000000000;
2a0: 28201b8a0dd514d1;
2a1: 9b64407fbc83844e;
2a2: c5179b5041e05db1;
2a3: 3f69a8e68efb3878;
2a4: 000000000007067b;
2a5: 0000000000000000;
2a6: 0000000000000000;
2a7: 0000000000000000;
2a8: 26e7fecbd8a1ac66;
2a9: 39a988df3abee06e;
2aa: 0152daff9f1cc9c9;
2ab: 91752d13ef02346c;
2ac: 00000000000750a6;
2ad: 0000000000000000;
2ae: 0000000000000000;
2af: 0000000000000000;
2b0: 2765c3dc0c683fbb;
2b1: dec07a7d9ddce12e;
2b2: f73340976bebe9ee;
2b3: 8ee5597c84923809;
2b4: 0000000000074402;
2b5: 0000000000000000;
2b6: 0000000000000000;
2b7: 0000000000000000;
2b8: 07d7294bf3d446da;
2b9: be9bfde3fbf3c3ae;
2ba: 0017fed7f396b5a8;
2bb: cf5648f39b563bec;
2bc: 0000000000069cae;
2bd: 0000000000000000;
2be: 0000000000000000;
2bf: 0000000000000000;
2c0: 931de64bf51406f2;
2c1: 34ffb9dd1c0a7b4d;
2c2: ecbb564ce1cc65d4;
2c3: 2ab336907f2ab893;
2c4: 000000000006e9c3;
2c5: 0000000000000000;
2c6: 0000000000000000;
2c7: 0000000000000000;
2c8: 1b3001b3dad5d80a;
2c9: bee385bca59add0f;
2ca: 30968c07a28105c8;
2cb: 7dd1d0057f953960;
2cc: 0000000000076a28;
2cd: 0000000000000000;
2ce: 0000000000000000;
2cf: 0000000000000000;
2d0: 7428fdc5aa0d1828;
2d1: 7e61745bbe7db98d;
2d2: 46cfb39717b3bdd5;
2d3: 23fe682e90f23bcb;
2d4: 00000000000765fe;
2d5: 0000000000000000;
2d6: 0000000000000000;
2d7: 0000000000000000;
2d8: eac1ff23cfbc2f9d;
2d9: 426d2a8f9c3f784e;
2da: 98cc46a27b0405b8;
2db: caf274b533e038a3;
2dc: 0000000000077f0d;
2dd: 0000000000000000;
2de: 0000000000000000;
2df: 0000000000000000;
2e0: 8db3062a0af50a2e;
2e1: d300619d6182418e;
2e2: b8c4239f857049b3;
2e3: a404f2df9077b829;
2e4: 00000000000755f8;
2e5: 0000000000000000;
2e6: 0000000000000000;
2e7: 0000000000000000;
2e8: f8d548f1089fa92b;
2e9: 3d010d1ffd0282ae;
2ea: 999f23970b8089c7;
2eb: bce0cf6c9392bb40;
2ec: 0000000000076717;
2ed: 0000000000000000;
2ee: 0000000000000000;
2ef: 0000000000000000;
2f0: ca0ce246032b4f36;
2f1: c0c012d919c57c8e;
2f2: da77b3805cc629c2;
2f3: 7c721271e87e3b67;
2f4: 0000000000072df9;
2f5: 0000000000000000;
2f6: 0000000000000000;
2f7: 0000000000000000;
2f8: cdcaba385f460056;
2f9: 26e8d559bdfa7ead;
2fa: 30436767fc6afdc2;
2fb: 0f7911789cf73808;
2fc: 000000000007dffe;
2fd: 0000000000000000;
2fe: 0000000000000000;
2ff: 0000000000000000;
300: 2135d6973c2817c1;
301: dbd3d61e86367aae;
302: 72b0f593e13e49b3;
303: 27ff8df36a7f3abf;
304: 000000000007fb85;
305: 0000000000000000;
306: 0000000000000000;
307: 0000000000000000;
308: 4fbffee2efd3eef8;
309: 23219406e0262d4e;
30a: 6377d4bb2ec75ddf;
30b: 8d8d9ba0b855b87f;
30c: 000000000006ae02;
30d: 0000000000000000;
30e: 0000000000000000;
30f: 0000000000000000;
310: 07f1aef1d1e247d0;
311: cabd1eb45116c04e;
312: fedf88181fa7bdcc;
313: 9144ddecf66ebff0;
314: 0000000000071f9c;
315: 0000000000000000;
316: 0000000000000000;
317: 0000000000000000;
318: 25362cf7acf4c172;
319: 5daa065fc0f8e02d;
31a: c046d7cf7c1abdde;
31b: 22737f7c927b3bd4;
31c: 000000000007f773;
31d: 0000000000000000;
31e: 0000000000000000;
31f: 0000000000000000;
320: c700fde5f73cbe22;
321: b438f93dc17bc28e;
322: f4908fd2b3ec99de;
323: 6b790207d207b82a;
324: 0000000000071ecd;
325: 0000000000000000;
326: 0000000000000000;
327: 0000000000000000;
328: 30f6fde0f3b5b02b;
329: 85debafc6a25c28e;
32a: 2b0af6e2faab09c1;
32b: 01575205004a3bfc;
32c: 0000000000077868;
32d: 0000000000000000;
32e: 0000000000000000;
32f: 0000000000000000;
330: d10f4a37cc000405;
331: 89dd41a1fe7dbd0e;
332: aaf38c97d06bddc3;
333: 7cea808421deb85b;
334: 0000000000077c99;
335: 0000000000000000;
336: 0000000000000000;
337: 0000000000000000;
338: 07f01c15fbeb214e;
339: 938fd98f4606fe4e;
33a: dc575b4613b279a6;
33b: 6af360893344bbcf;
33c: 0000000000075b87;
33d: 0000000000000000;
33e: 0000000000000000;
33f: 0000000000000000;
340: b5effdf0f7f21b18;
341: 77d6fe4561fe230e;
342: 53e8305f00b32dc0;
343: fd7ae62d6ea33fac;
344: 0000000000077842;
345: 0000000000000000;
346: 0000000000000000;
347: 0000000000000000;
348: d1c02d21bbbfe2bd;
349: db5e00bedcc989ae;
34a: 3ce4e6c6a67e25d2;
34b: 10f55fed9385b6d9;
34c: 000000000007fc00;
34d: 0000000000000000;
34e: 0000000000000000;
34f: 0000000000000000;
350: 2a081fc90c0c3f62;
351: f87ef87c895f5aae;
352: a8707fd7149a75c0;
353: 656b0aa44499b82b;
354: 000000000006b71d;
355: 0000000000000000;
356: 0000000000000000;
357: 0000000000000000;
358: 0fe5dc152337c14e;
359: bdacbc60242a1cee;
35a: 17a8cf28949d91dd;
35b: 94f899549cf7b78d;
35c: 000000000007528b;
35d: 0000000000000000;
35e: 0000000000000000;
35f: 0000000000000000;
360: d6cbf0cf06184399;
361: 080288c222207f4e;
362: f429a0ff3d53b9c4;
363: 247ba16162003a5e;
364: 0000000000076897;
365: 0000000000000000;
366: 0000000000000000;
367: 0000000000000000;
368: efb1f62a3cd56489;
369: 77a43b1adc63048e;
36a: fb2c7ba84c3b59da;
36b: 218dfd7c89cf391b;
36c: 0000000000072d9c;
36d: 0000000000000000;
36e: 0000000000000000;
36f: 0000000000000000;
370: 53f5ea92d88ccd74;
371: e09c8617ab7c5aed;
372: 4b3c134f57ab85da;
373: b46909be7820b875;
374: 0000000000071e10;
375: 0000000000000000;
376: 0000000000000000;
377: 0000000000000000;
378: 09492f1bdd568964;
379: 3d9e0288c3001c2e;
37a: c3384ba8243d39c0;
37b: 9beb2b679ffb3808;
37c: 0000000000076ffb;
37d: 0000000000000000;
37e: 0000000000000000;
37f: 0000000000000000;
380: d2ad7afcb8caeccf;
381: 453823be5f59c3ee;
382: 7020efe7503531cc;
383: 8d92f6017c8fb8ac;
384: 0000000000076b59;
385: 0000000000000000;
386: 0000000000000000;
387: 0000000000000000;
388: f7e20d0416a303c2;
389: 5725ddfd6245486f;
38a: 16a75aeacd4b81df;
38b: 296c787155c8b7f8;
38c: 0000000000073282;
38d: 0000000000000000;
38e: 0000000000000000;
38f: 0000000000000000;
390: fdd842ea0cce38ea;
391: a182839a88df5e4e;
392: ec33bf581c1ff1fd;
393: a3f9f67c61113b92;
394: 000000000007728c;
395: 0000000000000000;
396: 0000000000000000;
397: 0000000000000000;
398: 4b2954b8c6480172;
399: 079f635c02bba28e;
39a: 1bd2a3c34f6af5d8;
39b: f00382ee1ddcb834;
39c: 00000000000772ec;
39d: 0000000000000000;
39e: 0000000000000000;
39f: 0000000000000000;
3a0: dedb4d03a9be16fc;
3a1: d7bd154698d99a4e;
3a2: 776bb26b6bba95bd;
3a3: 7280f79d6b2e3b1b;
3a4: 0000000000076e59;
3a5: 0000000000000000;
3a6: 0000000000000000;
3a7: 0000000000000000;
3a8: 0026f9efcbc0038b;
3a9: 58689dfd672061ee;
3aa: 041cfb83a928b5d9;
3ab: 1411d9f8f7ec35ad;
3ac: 000000000006b367;
3ad: 0000000000000000;
3ae: 0000000000000000;
3af: 0000000000000000;
3b0: f3e246fdada264ed;
3b1: 98b401f99afa15cd;
3b2: 9b43d31350e2d1ba;
3b3: 9b87e86f984c3b71;
3b4: 00000000000700e7;
3b5: 0000000000000000;
3b6: 0000000000000000;
3b7: 0000000000000000;
3b8: 22009508ed41b4f0;
3b9: 1cbaac38c484d74e;
3ba: 2fd8cb6e708bddde;
3bb: 0a13b2776e2b3864;
3bc: 0000000000071a81;
3bd: 0000000000000000;
3be: 0000000000000000;
3bf: 0000000000000000;
3c0: fce356de410be39a;
3c1: 23f6405aa17f774e;
3c2: e10c4397af500dde;
3c3: 2185a9906eea3cba;
3c4: 00000000000770f0;
3c5: 0000000000000000;
3c6: 0000000000000000;
3c7: 0000000000000000;
3c8: c5c71baee907b5b6;
3c9: 9da065e8e0433f4e;
3ca: 348028ab763b89c2;
3cb: d68df117f2e83549;
3cc: 0000000000074580;
3cd: 0000000000000000;
3ce: 0000000000000000;
3cf: 0000000000000000;
3d0: 11e5d496e5fce590;
3d1: 5e609779c001f7ee;
3d2: ce97508883bf29c3;
3d3: 7aa9e5996bcf3415;
3d4: 0000000000070a07;
3d5: 0000000000000000;
3d6: 0000000000000000;
3d7: 0000000000000000;
3d8: e249145ef742e6f9;
3d9: 3cd503191ceabdee;
3da: 048b2786d44085d5;
3db: 0af3f5e0f123bbdc;
3dc: 00000000000705ed;
3dd: 0000000000000000;
3de: 0000000000000000;
3df: 0000000000000000;
3e0: f3c2f01000f2edb7;
3e1: 4395ffbd89df616e;
3e2: 987cbb52ceefaddb;
3e3: 2d88baa496dd3958;
3e4: 000000000007241d;
3e5: 0000000000000000;
3e6: 0000000000000000;
3e7: 0000000000000000;
3e8: a6d5eac2a7fd34df;
3e9: 7142444ac65e19ce;
3ea: 2b13da3b3aa69dbc;
3eb: 6d80ee0b7dcc37f8;
3ec: 0000000000077100;
3ed: 0000000000000000;
3ee: 0000000000000000;
3ef: 0000000000000000;
3f0: 7c13c8e843e2f3af;
3f1: be3cdc38ff43960d;
3f2: 5bbaffad0813d9da;
3f3: 82f8d5e3f9673b51;
3f4: 0000000000076b60;
3f5: 0000000000000000;
3f6: 0000000000000000;
3f7: 0000000000000000;
3f8: dff65a3b311c3141;
3f9: be44d77c3705aace;
3fa: 645bec75a7d115b7;
3fb: 007d10fcd9b836ef;
3fc: 00000000000702ea;
3fd: 0000000000000000;
3fe: 0000000000000000;
3ff: 0000000000000000;
400: c2df11fbe54304d9;
401: ff1fdb13dabebb6f;
402: 35cc6ac62ffa95c3;
403: b68071ab77fbb89a;
404: 0000000000070382;
405: 0000000000000000;
406: 0000000000000000;
407: 0000000000000000;
408: 3b9cf8d8c2a637b6;
409: bfbde509c6c51a8e;
40a: 1bbf0b8845c289de;
40b: de84878af071b675;
40c: 0000000000077068;
40d: 0000000000000000;
40e: 0000000000000000;
40f: 0000000000000000;
410: d5d043820b4bd2f3;
411: a91aa340dd947b6d;
412: 148aa2527814d9c7;
413: e78d0b98a917b265;
414: 000000000006d012;
415: 0000000000000000;
416: 0000000000000000;
417: 0000000000000000;
418: 4f1690d1b8f017f4;
419: a35b5ecc5c6a3dee;
41a: e84026503c379db2;
41b: 83f80af7f8f738c8;
41c: 0000000000072a68;
41d: 0000000000000000;
41e: 0000000000000000;
41f: 0000000000000000;
420: e0d6fa287df6e5d9;
421: 7ae39fa04a9c3c0e;
422: 96f4bbdb9f37adc5;
423: 07bfb9237b72b802;
424: 000000000006eb1f;
425: 0000000000000000;
426: 0000000000000000;
427: 0000000000000000;
428: df25dbc5dfbab8fb;
429: 68c48776fd99c26e;
42a: a2918cdc47f9c9c3;
42b: 5b85d2e77fd7b504;
42c: 000000000007088c;
42d: 0000000000000000;
42e: 0000000000000000;
42f: 0000000000000000;
430: caefe5ab080bfbf7;
431: ed047c8122d75aaf;
432: e6a30dc46c8915dd;
433: e6f95c317a8a3797;
434: 0000000000071782;
435: 0000000000000000;
436: 0000000000000000;
437: 0000000000000000;
438: e52f365e0040ec05;
439: d85ac11d3f83256e;
43a: 3c509ef876d065c9;
43b: 8d52605d98103450;
43c: 0000000000071ce3;
43d: 0000000000000000;
43e: 0000000000000000;
43f: 0000000000000000;
440: 11eaed3217e2bde9;
441: a19d7a410a013fce;
442: 9ec4849c02e48dc0;
443: 756c80997423b81c;
444: 0000000000071198;
445: 0000000000000000;
446: 0000000000000000;
447: 0000000000000000;
448: bd469fd0acd019d1;
449: 4001e25c2ae7444e;
44a: 47e930406840cdda;
44b: 5ce86eff04c5baa0;
44c: 0000000000077603;
44d: 0000000000000000;
44e: 0000000000000000;
44f: 0000000000000000;
450: a9f8cec220de0511;
451: 1f1eb9d9bfc4d7ee;
452: 77b2a3c4fc074dff;
453: 607cf5fa0a8ab828;
454: 00000000000753fa;
455: 0000000000000000;
456: 0000000000000000;
457: 0000000000000000;
458: 9e28236beb2370c8;
459: 9e7c60a6fbf7c0ed;
45a: ccef4393d32935c4;
45b: 0ce5604a5198b8c0;
45c: 00000000000622a5;
45d: 0000000000000000;
45e: 0000000000000000;
45f: 0000000000000000;
460: bef3e92c046cdbd2;
461: e35c9d0a251b7d0e;
462: 14649efa43b3b9dd;
463: 6b3af51e6121bba4;
464: 000000000006c70f;
465: 0000000000000000;
466: 0000000000000000;
467: 0000000000000000;
468: 051132dbb3124f9d;
469: 05d9e664ab8bfa2e;
46a: 2f40e6fba3d839de;
46b: 4a070f826ed4bbec;
46c: 0000000000075405;
46d: 0000000000000000;
46e: 0000000000000000;
46f: 0000000000000000;
470: be001e0ced2e3726;
471: 9f53dc261440034e;
472: fd724f83704745c2;
473: 140b56bf8106bbee;
474: 0000000000075317;
475: 0000000000000000;
476: 0000000000000000;
477: 0000000000000000;
478: 1611c3ffa8b21e2b;
479: 97dd05202375664e;
47a: f3c0ae8befa7cddf;
47b: 8a91200cd8f13864;
47c: 0000000000075e00;
47d: 0000000000000000;
47e: 0000000000000000;
47f: 0000000000000000;
480: dce3b5207328f94b;
481: 399b693ddbd307ae;
482: 5eb0356c73c079a6;
483: 0e85067694d73bb8;
484: 0000000000070501;
485: 0000000000000000;
486: 0000000000000000;
487: 0000000000000000;
488: 2b1c16ce21aeab34;
489: f5017583af05a0ae;
48a: ff4064aba3f911bc;
48b: dc5ef7cd006b3803;
48c: 0000000000068f36;
48d: 0000000000000000;
48e: 0000000000000000;
48f: 0000000000000000;
490: 92b718aa38fbfb4e;
491: 013ef1670718a0cd;
492: 9cd6cce06cdfe5dd;
493: a38388317de83853;
494: 0000000000076387;
495: 0000000000000000;
496: 0000000000000000;
497: 0000000000000000;
498: b4dbeafedc050813;
499: 3a16c1427d64c26e;
49a: 58182f64500459a5;
49b: 73f05f0388ff3a88;
49c: 000000000006806a;
49d: 0000000000000000;
49e: 0000000000000000;
49f: 0000000000000000;
4a0: 50f720f03e11f607;
4a1: bd753e405f44656e;
4a2: 56608d1ce3e13dc0;
4a3: 5bfa0288a48c3878;
4a4: 0000000000077df1;
4a5: 0000000000000000;
4a6: 0000000000000000;
4a7: 0000000000000000;
4a8: 26fde4f1f8d6b512;
4a9: 7861d9412fe6476e;
4aa: b227d98f13bd65bf;
4ab: 7811797aebe3b6c7;
4ac: 0000000000077cb5;
4ad: 0000000000000000;
4ae: 0000000000000000;
4af: 0000000000000000;
4b0: 97cee40922361813;
4b1: 81b9999a95a1f5ce;
4b2: 6cb69000e83fa9dc;
4b3: 7a8d919f4109bac7;
4b4: 0000000000076135;
4b5: 0000000000000000;
4b6: 0000000000000000;
4b7: 0000000000000000;
4b8: f9d31d4cd4f86321;
4b9: c0e9ea878d61d58e;
4ba: d928837bfff92db9;
4bb: b06a4f66078db880;
4bc: 000000000006cb1d;
4bd: 0000000000000000;
4be: 0000000000000000;
4bf: 0000000000000000;
4c0: 3c00a109f578f778;
4c1: fcd95de2a174000d;
4c2: cf74f4d7dbc545d9;
4c3: 4c21a1f06c243bef;
4c4: 000000000006d5e1;
4c5: 0000000000000000;
4c6: 0000000000000000;
4c7: 0000000000000000;
4c8: bffbf40cd1fdfddd;
4c9: 455fc1884361fece;
4ca: 124f942b24e4b5c1;
4cb: 6f7e2dee658fb627;
4cc: 0000000000077191;
4cd: 0000000000000000;
4ce: 0000000000000000;
4cf: 0000000000000000;
4d0: baccd8600bc95d9a;
4d1: 999c80dd9f571eee;
4d2: c76a5825af43f9c0;
4d3: 93986ef502a03817;
4d4: 0000000000071886;
4d5: 0000000000000000;
4d6: 0000000000000000;
4d7: 0000000000000000;
4d8: fef1e613f6afff29;
4d9: bdbabcd851a0a72e;
4da: ceeebcf6eebe29b2;
4db: 95d1ff7a8f6cb7e4;
4dc: 0000000000076e3a;
4dd: 0000000000000000;
4de: 0000000000000000;
4df: 0000000000000000;
4e0: fcb4d8d9cc71b7ec;
4e1: 22210e84b2639c0e;
4e2: 4a90e09d71cfe5d8;
4e3: df8d110d72d5364d;
4e4: 0000000000076680;
4e5: 0000000000000000;
4e6: 0000000000000000;
4e7: 0000000000000000;
4e8: f41cf021e9fcfe42;
4e9: 161f01205f055fcf;
4ea: 27583f88090429cc;
4eb: ea12d29aeee3b763;
4ec: 00000000000778fb;
4ed: 0000000000000000;
4ee: 0000000000000000;
4ef: 0000000000000000;
4f0: e4ec4a4f04131ec1;
4f1: 1ef7799b6597198e;
4f2: f3a8383c16c831c3;
4f3: 95946b03909ebcc7;
4f4: 0000000000073386;
4f5: 0000000000000000;
4f6: 0000000000000000;
4f7: 0000000000000000;
4f8: f9aadf3ec99e06fe;
4f9: 42158c4e7e5f24ae;
4fa: 4803f068368335c3;
4fb: aacfa2f8784d3934;
4fc: 0000000000076b95;
4fd: 0000000000000000;
4fe: 0000000000000000;
4ff: 0000000000000000;
500: d9eff5c2217beae0;
501: 9e20cca79c199bce;
502: d4ef700bc0f58dd9;
503: 7a1d2af40ef1bbd8;
504: 0000000000070a69;
505: 0000000000000000;
506: 0000000000000000;
507: 0000000000000000;
508: 0f41d878b808ec2f;
509: 413d6a3f16a2036e;
50a: 63e7e7ebbc4505c4;
50b: 8121c30c151e3fa8;
50c: 0000000000076d82;
50d: 0000000000000000;
50e: 0000000000000000;
50f: 0000000000000000;
510: 4df8fd46fc3205cd;
511: febfdda27a9d160e;
512: e3a7d7d366ec05c3;
513: 847e910a09213c07;
514: 00000000000795fb;
515: 0000000000000000;
516: 0000000000000000;
517: 0000000000000000;
518: c7d7cc300d010656;
519: b8de1ae87b7f800e;
51a: 4bac27c073b3d1c2;
51b: 8b7aa7992273bd28;
51c: 0000000000077d05;
51d: 0000000000000000;
51e: 0000000000000000;
51f: 0000000000000000;
520: aa3417cf4d035ce3;
521: b4ed6c45cb881c8d;
522: f49ee3a6a9201db5;
523: 71037900ef4f3bc4;
524: 0000000000074cf4;
525: 0000000000000000;
526: 0000000000000000;
527: 0000000000000000;
528: 211708d1f1a90f4a;
529: 6181851b9704a32e;
52a: 44a73584cca4a5e3;
52b: f386458f1455bb87;
52c: 0000000000071e83;
52d: 0000000000000000;
52e: 0000000000000000;
52f: 0000000000000000;
530: 1bb3e5301bb52be4;
531: a53d47e8d220fc4e;
532: 33e72f789ffba9b7;
533: 376eeb630bd63859;
534: 00000000000682f9;
535: 0000000000000000;
536: 0000000000000000;
537: 0000000000000000;
538: 6b1a9ebfed82cdfb;
539: 3aba63fdddb7192d;
53a: db6f9d330ed815dc;
53b: df73fcf14f0cb45a;
53c: 000000000006fa13;
53d: 0000000000000000;
53e: 0000000000000000;
53f: 0000000000000000;
540: 07f3f2421b5dff3c;
541: 3e469d7aad1b574e;
542: c3b4301c53e001dd;
543: e3fc9a03f3c83ee7;
544: 000000000006a96d;
545: 0000000000000000;
546: 0000000000000000;
547: 0000000000000000;
548: d61eea12e95f2ba2;
549: 7e1ae0aac286864e;
54a: f3802f32b41859a7;
54b: 80778c9ba5e73b5b;
54c: 000000000006caee;
54d: 0000000000000000;
54e: 0000000000000000;
54f: 0000000000000000;
550: f8084e09dce9bbb5;
551: e73c53dfc225776e;
552: 5b333fd1768d3dde;
553: 9679fcef025d3529;
554: 000000000007110b;
555: 0000000000000000;
556: 0000000000000000;
557: 0000000000000000;
558: 2f1bdbdcc7edf069;
559: 59fe9cff62143ace;
55a: ac37d83c92feeddf;
55b: 105863f7e393b8bc;
55c: 000000000007730d;
55d: 0000000000000000;
55e: 0000000000000000;
55f: 0000000000000000;
560: 2a52f9d50601032e;
561: 5a8259438812188e;
562: 5c6f9bbc340505da;
563: fa5866e9f671bfd4;
564: 0000000000070640;
565: 0000000000000000;
566: 0000000000000000;
567: 0000000000000000;
568: 0624da3e1321fabf;
569: 0d554b5d9d88902f;
56a: 27111c18b403adb5;
56b: fe7b91f0f78fbbfd;
56c: 0000000000074672;
56d: 0000000000000000;
56e: 0000000000000000;
56f: 0000000000000000;
570: 36c23341f013ddaf;
571: ac1a5cc58163170d;
572: 3eab6fa8e35b29da;
573: a35290f6fd92b403;
574: 000000000006f925;
575: 0000000000000000;
576: 0000000000000000;
577: 0000000000000000;
578: de26e53ab00f1f24;
579: 9db8d024a5fbf46e;
57a: 9c03d884e32391db;
57b: d8d57c8b078cb889;
57c: 000000000006ff61;
57d: 0000000000000000;
57e: 0000000000000000;
57f: 0000000000000000;
580: 5d5a0de01ece1843;
581: bee1993d77bdc30e;
582: 23ec3c57f7a469b7;
583: 7d69ea6979663959;
584: 0000000000074ef6;
585: 0000000000000000;
586: 0000000000000000;
587: 0000000000000000;
588: 26430500f9bdfb97;
589: 9d9b89819d241e2e;
58a: 539844e5134ff1c1;
58b: 6b5ef5066383b840;
58c: 00000000000697f6;
58d: 0000000000000000;
58e: 0000000000000000;
58f: 0000000000000000;
590: 1bdee12043c8041c;
591: 5ebeb0c77c54782e;
592: a82fcb95585f0da9;
593: 128be45f87803b04;
594: 000000000007590f;
595: 0000000000000000;
596: 0000000000000000;
597: 0000000000000000;
598: 45f22bd02cddfec7;
599: 7242b85e86fdbc2e;
59a: f3c27753d69159a8;
59b: 5f18aa9b9632b88b;
59c: 00000000000730f8;
59d: 0000000000000000;
59e: 0000000000000000;
59f: 0000000000000000;
5a0: 4bbd7dfc702c31e5;
5a1: c2869c0cee33650e;
5a2: d7775003e3e2b9c4;
5a3: 746f0dfa677ab800;
5a4: 0000000000076727;
5a5: 0000000000000000;
5a6: 0000000000000000;
5a7: 0000000000000000;
5a8: e9055598526d2dc7;
5a9: 5b803e3dbc7d688e;
5aa: 47244c31e08a75de;
5ab: 4831fa195875b88b;
5ac: 0000000000071186;
5ad: 0000000000000000;
5ae: 0000000000000000;
5af: 0000000000000000;
5b0: 17b553111ccdc3f4;
5b1: 3d1eb1adbfdebaee;
5b2: 803bbba52ffb41c4;
5b3: 8382035cfd143b80;
5b4: 0000000000074e7d;
5b5: 0000000000000000;
5b6: 0000000000000000;
5b7: 0000000000000000;
5b8: cd3d05dd643fe464;
5b9: 21448095c23a6a8d;
5ba: e767449c8bd9cddc;
5bb: f4797cfb79273563;
5bc: 0000000000078d00;
5bd: 0000000000000000;
5be: 0000000000000000;
5bf: 0000000000000000;
5c0: f911063f0bfd4d11;
5c1: 1d67bd6a26dba44e;
5c2: 7878e3c3732d09db;
5c3: dff088f188f83b2c;
5c4: 0000000000078116;
5c5: 0000000000000000;
5c6: 0000000000000000;
5c7: 0000000000000000;
5c8: 190335b6610825da;
5c9: 5bba979d7e43bc2e;
5ca: ff0b311cebeaf9c1;
5cb: 01118d9ce4dc3802;
5cc: 000000000006fcf0;
5cd: 0000000000000000;
5ce: 0000000000000000;
5cf: 0000000000000000;
5d0: 302ed856bdf5eae8;
5d1: 2597b6c042d4e0ed;
5d2: 075c0fe427d2e9dc;
5d3: 03de02fd7509bc18;
5d4: 00000000000763ee;
5d5: 0000000000000000;
5d6: 0000000000000000;
5d7: 0000000000000000;
5d8: c64ba5790e2136c8;
5d9: dc1aeade801641ad;
5da: 00c037bbb3ed31dc;
5db: 779dea7a0637b800;
5dc: 00000000000700fe;
5dd: 0000000000000000;
5de: 0000000000000000;
5df: 0000000000000000;
5e0: 1431f253c5ea3f3e;
5e1: f9c25bba97bd942e;
5e2: 2c1413944412fdc1;
5e3: f6f913807804bc70;
5e4: 0000000000074600;
5e5: 0000000000000000;
5e6: 0000000000000000;
5e7: 0000000000000000;
5e8: 5fe5119a07da32e9;
5e9: 3ae05e1a7e19d1ae;
5ea: d3d06cf3c85689a3;
5eb: fc9f21f04707b8f8;
5ec: 0000000000077188;
5ed: 0000000000000000;
5ee: 0000000000000000;
5ef: 0000000000000000;
5f0: 38044e1f38f9e110;
5f1: 8b39061a8350c58e;
5f2: 5cbf03dea23ad5ba;
5f3: 0b9467c484863b65;
5f4: 000000000006c97a;
5f5: 0000000000000000;
5f6: 0000000000000000;
5f7: 0000000000000000;
5f8: d81ff200d51b8d4d;
5f9: bae1452527d7626e;
5fa: 6703daa13aee51ab;
5fb: f24f631490fab52a;
5fc: 0000000000070a08;
5fd: 0000000000000000;
5fe: 0000000000000000;
5ff: 0000000000000000;
600: 3b0a3b0ae5a346bf;
601: d5b077b9ef5f5aae;
602: 9f07929390d8a5a0;
603: 6b077473a878bb2f;
604: 000000000007696f;
605: 0000000000000000;
606: 0000000000000000;
607: 0000000000000000;
608: 0c2df32b140fd5b5;
609: 0169c406a321412e;
60a: 07b076df404c05dd;
60b: d570e41a7384bb30;
60c: 0000000000077578;
60d: 0000000000000000;
60e: 0000000000000000;
60f: 0000000000000000;
610: 4ecd410cf05abb3d;
611: a282dc3f8960c20e;
612: 07801f285a3b65fb;
613: 736beddc0f0cb9c8;
614: 0000000000075e12;
615: 0000000000000000;
616: 0000000000000000;
617: 0000000000000000;
618: c9144025d4f3f445;
619: 21609f3ea85ca3ce;
61a: 8c130f55c2bcadc3;
61b: 4ddb51e8c88b38a3;
61c: 000000000006f636;
61d: 0000000000000000;
61e: 0000000000000000;
61f: 0000000000000000;
620: e63b3c49befa7bf3;
621: 1e5d77bf4b831dce;
622: 855eeeb037d8d5dc;
623: 0612058c8a00ba4c;
624: 0000000000076baf;
625: 0000000000000000;
626: 0000000000000000;
627: 0000000000000000;
628: f32ae9fe2b4af61b;
629: ee2bfb9270d8326e;
62a: 3b1ffad380c35d8b;
62b: 69f163a3eee8ba6b;
62c: 00000000000765dc;
62d: 0000000000000000;
62e: 0000000000000000;
62f: 0000000000000000;
630: 03d6601fda75c5fc;
631: bdf837bd48bde0ce;
632: 7c1827788aac05d8;
633: 8067fcf49c4e38a8;
634: 000000000006cf7c;
635: 0000000000000000;
636: 0000000000000000;
637: 0000000000000000;
638: e2c6401ae426ef77;
639: 7f63c223e9029c2e;
63a: 6988c8087346b9d8;
63b: 10fdff7f751e3800;
63c: 000000000007520e;
63d: 0000000000000000;
63e: 0000000000000000;
63f: 0000000000000000;
640: e5ff214b280148d1;
641: cc445d012ee5de8e;
642: 27e027ec08278db8;
643: 857989f810013eb8;
644: 000000000007ff21;
645: 0000000000000000;
646: 0000000000000000;
647: 0000000000000000;
648: a22d1b232b3bdbb6;
649: 65e1971e3ee51e4e;
64a: a06fd397886761c3;
64b: 21ff5fbd5aff3a54;
64c: 0000000000068dfa;
64d: 0000000000000000;
64e: 0000000000000000;
64f: 0000000000000000;
650: ffbe081cf9160f2f;
651: 439da1bb3871a82e;
652: 4868452f27afd1c6;
653: e5d70b6ef922bfd0;
654: 00000000000706f4;
655: 0000000000000000;
656: 0000000000000000;
657: 0000000000000000;
658: 130af81f1b4d0648;
659: e87a25a1a320c56e;
65a: 23e6fbbd47db21c3;
65b: 075667739dfbb737;
65c: 0000000000076b80;
65d: 0000000000000000;
65e: 0000000000000000;
65f: 0000000000000000;
660: 56f5cafafd99222b;
661: 1c3aa1c34419e16d;
662: f66b2ceb2d4bcdd8;
663: dd71da6683073867;
664: 000000000007787b;
665: 0000000000000000;
666: 0000000000000000;
667: 0000000000000000;
668: 4aa28121c0f3a28b;
669: be1de4459f7d866d;
66a: d01cf74723aefdd7;
66b: 04ebd7a4f07fb810;
66c: 00000000000777f5;
66d: 0000000000000000;
66e: 0000000000000000;
66f: 0000000000000000;
670: 3bd4d526a0220b1e;
671: ed6bb7b5d7ba88ce;
672: e4d3edc2e327ddad;
673: 615e6d8a7f9fbac7;
674: 0000000000070294;
675: 0000000000000000;
676: 0000000000000000;
677: 0000000000000000;
678: c636df072abc1a3a;
679: e4fa60dca15c5e0d;
67a: ec470f0557ad45cb;
67b: f007dbf278ed3ae7;
67c: 000000000007627a;
67d: 0000000000000000;
67e: 0000000000000000;
67f: 0000000000000000;
680: 0938f75dcedf5318;
681: f9dea0c9a7be200e;
682: 190ac722d117f5c1;
683: 7377d7df8df836e2;
684: 000000000007662d;
685: 0000000000000000;
686: 0000000000000000;
687: 0000000000000000;
688: 0a14bfdaec1e02e2;
689: 1ddebca1dedec98e;
68a: 56d9b235a03ff1c3;
68b: 0475fd20f3f9384f;
68c: 00000000000780ed;
68d: 0000000000000000;
68e: 0000000000000000;
68f: 0000000000000000;
690: 51c203003bf5204b;
691: c1baa56c9c96d60d;
692: 384bc4581843edc2;
693: 61f255090a12babf;
694: 0000000000071902;
695: 0000000000000000;
696: 0000000000000000;
697: 0000000000000000;
698: d4aa7e7415eb8e51;
699: 5e419d81e21e7f2d;
69a: 8027b2f47c309de8;
69b: 055deb679b38b85f;
69c: 000000000006d195;
69d: 0000000000000000;
69e: 0000000000000000;
69f: 0000000000000000;
6a0: a425253f28f77606;
6a1: 2b29292c42bc262d;
6a2: 9f039feff5a371a6;
6a3: 957f086b7ff03b87;
6a4: 000000000007673b;
6a5: 0000000000000000;
6a6: 0000000000000000;
6a7: 0000000000000000;
6a8: fd0a88cb6bf65084;
6a9: dd0036411e2047ed;
6aa: f8c8d046e87a05cd;
6ab: 20e1f804eb06343c;
6ac: 000000000007116b;
6ad: 0000000000000000;
6ae: 0000000000000000;
6af: 0000000000000000;
6b0: bee2f10422e233dd;
6b1: 1aec9d9c5a9ae1ae;
6b2: 3b24a40ae8bfd1c3;
6b3: fb849cdae3d9bafb;
6b4: 0000000000077f03;
6b5: 0000000000000000;
6b6: 0000000000000000;
6b7: 0000000000000000;
6b8: 022ab9feb815e8ef;
6b9: 19fa2921de1883ae;
6ba: 488bd1839b0c01dd;
6bb: 60db67ff92f93800;
6bc: 0000000000077a8f;
6bd: 0000000000000000;
6be: 0000000000000000;
6bf: 0000000000000000;
6c0: 45a1cc2020e68a0b;
6c1: 3b7d68c25f61daad;
6c2: 57d8c4a7afbbb1c2;
6c3: 646ee0fd9e593928;
6c4: 000000000007165e;
6c5: 0000000000000000;
6c6: 0000000000000000;
6c7: 0000000000000000;
6c8: 17c2c4a1934398b8;
6c9: 1fd99ec02165c66e;
6ca: 6553aa43b05239d8;
6cb: ae83778669dbb781;
6cc: 0000000000070a91;
6cd: 0000000000000000;
6ce: 0000000000000000;
6cf: 0000000000000000;
6d0: f8e616d4b10d09f3;
6d1: e9483a4172beed4e;
6d2: 2fc43386ef6cbdc7;
6d3: 689187db56593b3b;
6d4: 0000000000072016;
6d5: 0000000000000000;
6d6: 0000000000000000;
6d7: 0000000000000000;
6d8: dcffc008af14d4bb;
6d9: d795dccce25a7d0e;
6da: 2ae7d50bdb47ddc6;
6db: ef4a5287e5213ae5;
6dc: 000000000006d1a2;
6dd: 0000000000000000;
6de: 0000000000000000;
6df: 0000000000000000;
6e0: 183bba538d1603dc;
6e1: 75e0a2589b1b5fce;
6e2: ac1cf68baca6b9c0;
6e3: 287a8f1257703b73;
6e4: 0000000000072743;
6e5: 0000000000000000;
6e6: 0000000000000000;
6e7: 0000000000000000;
6e8: e54b20b3e52abdbd;
6e9: 16f93d3f3c7cc38e;
6ea: b04fff83e90441c1;
6eb: 6bfd9a7e67593bab;
6ec: 000000000007768c;
6ed: 0000000000000000;
6ee: 0000000000000000;
6ef: 0000000000000000;
6f0: 10f72ad251e10f32;
6f1: 62caa2cbbe3d198e;
6f2: 4c301b501afc55c8;
6f3: fd1427457c6eb83f;
6f4: 00000000000723ee;
6f5: 0000000000000000;
6f6: 0000000000000000;
6f7: 0000000000000000;
6f8: 338a2806d81acc8d;
6f9: fd83d5e32330a0ae;
6fa: 1a972bc41358b5c4;
6fb: 7cfd0fe7dc9e381d;
6fc: 00000000000760ee;
6fd: 0000000000000000;
6fe: 0000000000000000;
6ff: 0000000000000000;
700: d9facf1a1ef504b1;
701: a060429875b703ae;
702: 3f2c169f9086d1c2;
703: 2bd9950b0c6e3857;
704: 0000000000070163;
705: 0000000000000000;
706: 0000000000000000;
707: 0000000000000000;
708: 3e2fcb5cf912c91b;
709: dcbfd27d64a0f92e;
70a: 514d5c28788359c5;
70b: 97da92f175d9bbf8;
70c: 0000000000076e17;
70d: 0000000000000000;
70e: 0000000000000000;
70f: 0000000000000000;
710: 603fd0d810d2b2f7;
711: a3016280ca61f94e;
712: acd02414bc8641cd;
713: 828035897c7cb8bc;
714: 0000000000077c97;
715: 0000000000000000;
716: 0000000000000000;
717: 0000000000000000;
718: 3f5f13c61e1510ca;
719: dce64fc220a5288d;
71a: ac03d39123c7bddf;
71b: ed60fcd50093bb70;
71c: 0000000000071a5d;
71d: 0000000000000000;
71e: 0000000000000000;
71f: 0000000000000000;
720: 36e6411d03924825;
721: c6333bb5e689bdce;
722: ae776b77cc37c5df;
723: d6a202736365bb2c;
724: 0000000000076b20;
725: 0000000000000000;
726: 0000000000000000;
727: 0000000000000000;
728: 6435d372b1506b16;
729: 7a3ec57b54df5fce;
72a: 4fd447851130e1c2;
72b: 676f752a9e9abbdc;
72c: 0000000000076be9;
72d: 0000000000000000;
72e: 0000000000000000;
72f: 0000000000000000;
730: f4173fff4fd004f1;
731: fcbfbd1f4120bf0e;
732: 8f53cbad9842b5ed;
733: 8ce19e6886d9399b;
734: 000000000007730b;
735: 0000000000000000;
736: 0000000000000000;
737: 0000000000000000;
738: 2ac666f92acaacdb;
739: bae37e7c011b828d;
73a: e796ec74c6d251d6;
73b: 7d77055aebe4b783;
73c: 0000000000076dd3;
73d: 0000000000000000;
73e: 0000000000000000;
73f: 0000000000000000;
740: 50112428fcec5906;
741: 407b585dc8653c8e;
742: aeefffa377f3a5e4;
743: 68e8007782f1bfaf;
744: 000000000007de8f;
745: 0000000000000000;
746: 0000000000000000;
747: 0000000000000000;
748: 25e9ce05faf644fd;
749: 446324011642e4cf;
74a: fcd4640050f919c4;
74b: e80c039cb613bbbe;
74c: 0000000000076661;
74d: 0000000000000000;
74e: 0000000000000000;
74f: 0000000000000000;
750: d0e866f807d509e5;
751: a0c2bf1ba73fdfce;
752: 534cb39137d4dde8;
753: 9100150391deb8f6;
754: 0000000000071180;
755: 0000000000000000;
756: 0000000000000000;
757: 0000000000000000;
758: 00e23d3d541aed28;
759: fd8421de68c0c78d;
75a: 27188115330745c7;
75b: 1dfa0dc77a41bbf0;
75c: 0000000000076cdd;
75d: 0000000000000000;
75e: 0000000000000000;
75f: 0000000000000000;
760: fd24f5ec5cdb27e0;
761: e53c9882af81806e;
762: 76ef87679c1f51c7;
763: f104f5d873733b57;
764: 0000000000074ca5;
765: 0000000000000000;
766: 0000000000000000;
767: 0000000000000000;
768: e0c0d8d32af855f8;
769: 55e9bcf8f6245f6e;
76a: cca3efd4c87d61b7;
76b: 83abd98a2e4c3a8c;
76c: 000000000006857c;
76d: 0000000000000000;
76e: 0000000000000000;
76f: 0000000000000000;
770: d253c2e008af97c2;
771: 0efc4efebd54670d;
772: a3b11546fb33bdac;
773: f0159c0e78fe35fe;
774: 0000000000077e31;
775: 0000000000000000;
776: 0000000000000000;
777: 0000000000000000;
778: 392881f4d665053b;
779: fa61a19b8037dcae;
77a: 7ed4d6e3f01739c0;
77b: 7b7003a288dcb834;
77c: 000000000006bcb5;
77d: 0000000000000000;
77e: 0000000000000000;
77f: 0000000000000000;
780: 69ff4546040918ed;
781: bae461e7f7a9c3ae;
782: d4177f70b08d3dc0;
783: 5fbe7116f16db8b8;
784: 0000000000068a76;
785: 0000000000000000;
786: 0000000000000000;
787: 0000000000000000;
788: 26f8d637bf450f55;
789: dd39df66496de72e;
78a: 1818000908882dbd;
78b: 8824619bfda4bb4c;
78c: 0000000000075c8f;
78d: 0000000000000000;
78e: 0000000000000000;
78f: 0000000000000000;
790: f813d2005e0b8f00;
791: 227a9db09b7983ed;
792: d8242a93840381c5;
793: 68816f847200b818;
794: 0000000000072181;
795: 0000000000000000;
796: 0000000000000000;
797: 0000000000000000;
798: f6b8f6391d23e523;
799: b69df818e879d84e;
79a: 07254b1afb7feda3;
79b: 6b1b5dba7888b8cc;
79c: 000000000006fa06;
79d: 0000000000000000;
79e: 0000000000000000;
79f: 0000000000000000;
7a0: 2a3e5f52d90d3c70;
7a1: 7de31e43e3eca06e;
7a2: 91930064cff775c9;
7a3: 080871647857bbd3;
7a4: 000000000007129e;
7a5: 0000000000000000;
7a6: 0000000000000000;
7a7: 0000000000000000;
7a8: 1cefdddbb3cc28f4;
7a9: 4bb4c04bb6ba632e;
7aa: 6efbb413491015b7;
7ab: 9e3d767a140b3bdb;
7ac: 0000000000068a2a;
7ad: 0000000000000000;
7ae: 0000000000000000;
7af: 0000000000000000;
7b0: f5386de5f93ec31b;
7b1: 22dd57b6c6c3c12e;
7b2: 07a45a808bc091c8;
7b3: 6e837f7fe37e386c;
7b4: 000000000007259e;
7b5: 0000000000000000;
7b6: 0000000000000000;
7b7: 0000000000000000;
7b8: c0cf071ee101214b;
7b9: 0278469cdf836a2e;
7ba: c6d03e8b53d895c2;
7bb: 9be8a6857d6f3848;
7bc: 0000000000070822;
7bd: 0000000000000000;
7be: 0000000000000000;
7bf: 0000000000000000;
7c0: 071d76160ee0e23e;
7c1: 02ec64c816fd60ae;
7c2: c5b677aeb15c49df;
7c3: af1973e38f0f3857;
7c4: 000000000006baa6;
7c5: 0000000000000000;
7c6: 0000000000000000;
7c7: 0000000000000000;
7c8: 300034b5192d3efd;
7c9: f83637c5746166ce;
7ca: 288bd3fcf7f3edbc;
7cb: 961fdaf3080f38dd;
7cc: 000000000007148a;
7cd: 0000000000000000;
7ce: 0000000000000000;
7cf: 0000000000000000;
7d0: 171fe41e05f0aee4;
7d1: aa6825dcc1f34a6e;
7d2: d91043c7fc7ca9d7;
7d3: 928d7c74ad083fbf;
7d4: 0000000000071e8d;
7d5: 0000000000000000;
7d6: 0000000000000000;
7d7: 0000000000000000;
7d8: 38e8d8eadc6105e8;
7d9: 249f03ba83df4d2e;
7da: ba94cb93737051c7;
7db: 000387d002d8bbb3;
7dc: 0000000000069780;
7dd: 0000000000000000;
7de: 0000000000000000;
7df: 0000000000000000;
7e0: 621aca216c2716c5;
7e1: a45c3eea0519398e;
7e2: 748690c57305b5a9;
7e3: bd11b41431e2354a;
7e4: 000000000006f526;
7e5: 0000000000000000;
7e6: 0000000000000000;
7e7: 0000000000000000;
7e8: f8260ff7ec44fe30;
7e9: fefd22f645e4c68f;
7ea: a483811b822731dc;
7eb: 7f0144b1ca96b7d2;
7ec: 0000000000069699;
7ed: 0000000000000000;
7ee: 0000000000000000;
7ef: 0000000000000000;
7f0: 383eea332e238738;
7f1: e9182a1951fc264d;
7f2: c89c6c1ba46ce9c4;
7f3: e7a0eaf11ea53ad8;
7f4: 0000000000070adf;
7f5: 0000000000000000;
7f6: 0000000000000000;
7f7: 0000000000000000;
7f8: 4b951707483f663a;
7f9: fa22a87ea2a6eb2d;
7fa: f283bf9ae3bec9c6;
7fb: 84ede8e61e013867;
7fc: 0000000000077ca6;
7fd: 0000000000000000;
7fe: 0000000000000000;
7ff: 0000000000000000;
800: 143cbd031404d6e9;
801: 2058c45fa6f801ce;
802: a1208004138765dd;
803: f785a0768f73bc4f;
804: 0000000000079a8a;
805: 0000000000000000;
806: 0000000000000000;
807: 0000000000000000;
808: 1659c5a91e592335;
809: a2bdc3f3e8407d8e;
80a: 2f22d0bf884745df;
80b: 786de585f8f43918;
80c: 0000000000073d07;
80d: 0000000000000000;
80e: 0000000000000000;
80f: 0000000000000000;
810: fd64f0bd921894d2;
811: 3f089ec200a0c2cd;
812: 709c970417d455fd;
813: 720684de837fbaef;
814: 0000000000078a7c;
815: 0000000000000000;
816: 0000000000000000;
817: 0000000000000000;
818: f6c80937f1f8411a;
819: baa18325556586ee;
81a: f328fea3bc279dc2;
81b: b3c19a55728db85b;
81c: 000000000006928c;
81d: 0000000000000000;
81e: 0000000000000000;
81f: 0000000000000000;
820: f62e9667fde09d18;
821: 63831f7778c067ae;
822: 15d4afe70fbbd1d6;
823: 83638a7f9e81386b;
824: 0000000000071425;
825: 0000000000000000;
826: 0000000000000000;
827: 0000000000000000;
828: 1137ec410c6821f9;
829: bef781999cbc04ae;
82a: cbefa0a83fca91da;
82b: ef0ceeff8a8cb8d7;
82c: 000000000007a7fe;
82d: 0000000000000000;
82e: 0000000000000000;
82f: 0000000000000000;
830: 2656d20c1a3e052a;
831: 2520d3827f22dc4e;
832: 364b7bd11d6fedc2;
833: eefd71a2ef76b562;
834: 000000000007125c;
835: 0000000000000000;
836: 0000000000000000;
837: 0000000000000000;
838: d3f00cf9080a42d6;
839: 7fe2f48413c2448e;
83a: 0b700ca07c73f1c9;
83b: 7b0a0ff59278bf8d;
83c: 0000000000078f5f;
83d: 0000000000000000;
83e: 0000000000000000;
83f: 0000000000000000;
840: 283fed01501dd4fa;
841: d55f5b76a401feee;
842: e432ec14281beddc;
843: 7503681c6589bff7;
844: 00000000000733ef;
845: 0000000000000000;
846: 0000000000000000;
847: 0000000000000000;
848: 05d6213423f62568;
849: ebe373edb995e00e;
84a: e7fb74508d7b6dab;
84b: d312b459a81cb7d8;
84c: 0000000000069a73;
84d: 0000000000000000;
84e: 0000000000000000;
84f: 0000000000000000;
850: a7002e05003608f5;
851: 999f80e3c3cc028d;
852: b8c7c547e413adc5;
853: 814874d00d11bb02;
854: 000000000006fcee;
855: 0000000000000000;
856: 0000000000000000;
857: 0000000000000000;
858: e625f090e65bc107;
859: 1abf732014ba000d;
85a: d88a611fc54bd9ab;
85b: ec890b6ca3f3b817;
85c: 000000000007867d;
85d: 0000000000000000;
85e: 0000000000000000;
85f: 0000000000000000;
860: 3fed07a314faf013;
861: 51f0743865045a4e;
862: e3c637a4a52b2db5;
863: e9b81cb955b43808;
864: 00000000000687ab;
865: 0000000000000000;
866: 0000000000000000;
867: 0000000000000000;
868: 25db17e508a23416;
869: 8e1f1bc5d87b7eae;
86a: ffb6f85498e911c3;
86b: 888397eb3d12b908;
86c: 000000000006b431;
86d: 0000000000000000;
86e: 0000000000000000;
86f: 0000000000000000;
870: f7bdf4f9f31c220f;
871: f9895381e582c0ef;
872: cbc118c715094dba;
873: fbdc02760598382b;
874: 000000000007677f;
875: 0000000000000000;
876: 0000000000000000;
877: 0000000000000000;
878: e3370caff0f7d8d7;
879: fd5eb7dfbb1dbd0e;
87a: 032a792c58c405e1;
87b: eb0008f594dcb887;
87c: 00000000000790f4;
87d: 0000000000000000;
87e: 0000000000000000;
87f: 0000000000000000;
880: 0d004632dcc55cfc;
881: 161e86fe9c9b62ae;
882: 5acc539b0c9be1b8;
883: 680216967128b879;
884: 000000000007298c;
885: 0000000000000000;
886: 0000000000000000;
887: 0000000000000000;
888: 413c37cb21f928db;
889: 633340a297c5600e;
88a: b478d080646535a7;
88b: f7d90054b8f13481;
88c: 0000000000070a9e;
88d: 0000000000000000;
88e: 0000000000000000;
88f: 0000000000000000;
890: f1e024b7ea1ff817;
891: 27a35ae1b53deaae;
892: 83bb0c6fd4fee5c1;
893: 09d9f8f564633897;
894: 0000000000071e54;
895: 0000000000000000;
896: 0000000000000000;
897: 0000000000000000;
898: 42d0efe8c73a1c01;
899: ad46f8c6df657d8e;
89a: 8819380bb01fadda;
89b: 04d8158a90ef3fac;
89c: 0000000000070b6b;
89d: 0000000000000000;
89e: 0000000000000000;
89f: 0000000000000000;
8a0: be38c71e0bffe9f3;
8a1: 1d2a3ab6480a13ae;
8a2: c10a3b14505055c1;
8a3: 0543582beb78b8e3;
8a4: 000000000006e77a;
8a5: 0000000000000000;
8a6: 0000000000000000;
8a7: 0000000000000000;
8a8: 261914a90c0f1946;
8a9: 59c0d7a8b81a7d0e;
8aa: 7ea7e5e8bd5c31c4;
8ab: 6813afdef5fb374e;
8ac: 00000000000700fb;
8ad: 0000000000000000;
8ae: 0000000000000000;
8af: 0000000000000000;
8b0: 8ece0df1e6fbd21c;
8b1: 627701271bb744ee;
8b2: 9597f93f80efd1c1;
8b3: 14ea85c8ecf6379c;
8b4: 0000000000072afe;
8b5: 0000000000000000;
8b6: 0000000000000000;
8b7: 0000000000000000;
8b8: 03ccfff9d0180e44;
8b9: 2b0010943548b3ce;
8ba: 7d0d589b98bf91b9;
8bb: 757370a06bbe3b43;
8bc: 0000000000076b9e;
8bd: 0000000000000000;
8be: 0000000000000000;
8bf: 0000000000000000;
8c0: 173babe5e317c13c;
8c1: 02e477c22a0960ce;
8c2: f94b4ac48c20f5d6;
8c3: 7b000b8af4a238a7;
8c4: 000000000007e60b;
8c5: 0000000000000000;
8c6: 0000000000000000;
8c7: 0000000000000000;
8c8: e22f28880a176439;
8c9: 4367534352ffbf4d;
8ca: b776a08814f0a1de;
8cb: eb7f29f30a013b96;
8cc: 0000000000070c1f;
8cd: 0000000000000000;
8ce: 0000000000000000;
8cf: 0000000000000000;
8d0: ad8104f8081708ea;
8d1: e940e26167babc4e;
8d2: 80091470ac257dc4;
8d3: 9d7589716b22bbbc;
8d4: 0000000000071ff4;
8d5: 0000000000000000;
8d6: 0000000000000000;
8d7: 0000000000000000;
8d8: 0d33feea88ca0816;
8d9: fdddf3363d1c792e;
8da: b7c400fc4013a5c4;
8db: e571702593003b52;
8dc: 0000000000077b2e;
8dd: 0000000000000000;
8de: 0000000000000000;
8df: 0000000000000000;
8e0: f764cfba1d1dea14;
8e1: 0a6005607424a1ee;
8e2: a734abc8705fcda0;
8e3: 7f730da8e7643ca1;
8e4: 0000000000075316;
8e5: 0000000000000000;
8e6: 0000000000000000;
8e7: 0000000000000000;
8e8: 4655f1ba26263bf3;
8e9: 897ebefd98ff02ae;
8ea: 8b63d8050b5fc1de;
8eb: 65f6fadf6385bb77;
8ec: 0000000000070ab6;
8ed: 0000000000000000;
8ee: 0000000000000000;
8ef: 0000000000000000;
8f0: d9cd5b1bd4f4cc1c;
8f1: a8a29b7a9539df4e;
8f2: 1684395ed48371cd;
8f3: 03eaf8775c603889;
8f4: 0000000000070260;
8f5: 0000000000000000;
8f6: 0000000000000000;
8f7: 0000000000000000;
8f8: 08e5b7db1a312b24;
8f9: 1fdd369e631e7f6e;
8fa: 3474828b66f431ff;
8fb: 07111d8612c4bacf;
8fc: 00000000000703fb;
8fd: 0000000000000000;
8fe: 0000000000000000;
8ff: 0000000000000000;
900: b1b538dbe01a0101;
901: 2b8879f55f4dd92e;
902: f45c0be7c0173586;
903: 82df56f97a69b8e2;
904: 0000000000077887;
905: 0000000000000000;
906: 0000000000000000;
907: 0000000000000000;
908: d8f33ba1ea1b641b;
909: 179abce7bb6c5b6e;
90a: 5d08632397c81ddd;
90b: 0c8c7be9c985bbfb;
90c: 0000000000070764;
90d: 0000000000000000;
90e: 0000000000000000;
90f: 0000000000000000;
910: 0dea6147dcd6c24f;
911: 04374760d8f1746e;
912: c7f8f14b540819c7;
913: 1505f5016223389c;
914: 00000000000723e9;
915: 0000000000000000;
916: 0000000000000000;
917: 0000000000000000;
918: da01ba46f713096b;
919: 58fdb7777f4246ce;
91a: 6888a257d7cff1dc;
91b: 8599080a9fb0bb9f;
91c: 000000000007108c;
91d: 0000000000000000;
91e: 0000000000000000;
91f: 0000000000000000;
920: 0fe50aaa0118d4f0;
921: 00a10138e2e85d0f;
922: b07cc3c2e70799dd;
923: f2f97de860a238ba;
924: 000000000007676b;
925: 0000000000000000;
926: 0000000000000000;
927: 0000000000000000;
928: f100d32ffefe419c;
929: dc651c285e4ce2ee;
92a: cd2a4ae41c40e9de;
92b: 6898737ae5d53b62;
92c: 0000000000077ff3;
92d: 0000000000000000;
92e: 0000000000000000;
92f: 0000000000000000;
930: f0044b60ddecd808;
931: 3cd71d5b7a19976e;
932: f6590066daefe5ce;
933: 7f76230357bab4b0;
934: 0000000000071761;
935: 0000000000000000;
936: 0000000000000000;
937: 0000000000000000;
938: e84ac921eb05ff0d;
939: 81589b84998b06ef;
93a: 8bf3b2602c13fdb3;
93b: fe2582121524bbfa;
93c: 000000000007761e;
93d: 0000000000000000;
93e: 0000000000000000;
93f: 0000000000000000;
940: 27441bb43d2002f5;
941: 018860df19e3feef;
942: e34103ccaf22bdc5;
943: c34c5844e20a3800;
944: 000000000006f673;
945: 0000000000000000;
946: 0000000000000000;
947: 0000000000000000;
948: 0cb330f8f61126d8;
949: 032c0164dde9234e;
94a: 3d188397b327f9df;
94b: e424f5ac5308b690;
94c: 0000000000076880;
94d: 0000000000000000;
94e: 0000000000000000;
94f: 0000000000000000;
950: 24d219cd09348de1;
951: 9ac332a126b0c524;
952: 484e4424d2123484;
953: 149a849ac05a1093;
954: 0000000000021269;
955: 0000000000000000;
956: 0000000000000000;
957: 8000000000000000;
958: 24d2279d093582a7;
959: 9ac2aa2126916ac4;
95a: 581c4424d21de084;
95b: f6c2849a3f2a1093;
95c: 000000000002126a;
95d: 0000000000000000;
95e: 0000000000000000;
95f: 8000000000000000;
960: c01603fafd410c08;
961: bc20a476c0a3ea0e;
962: d5a990ad55a39ddb;
963: 6c086c6c28483701;
964: 000000000007776d;
965: 0000000000000000;
966: 0000000000000000;
967: 0000000000000000;
968: fd3c1ce3ed4622e6;
969: 9cf6db7b83057c6e;
96a: 52900bd6e9c37dc1;
96b: f17ddc881890b4ce;
96c: 0000000000078f8d;
96d: 0000000000000000;
96e: 0000000000000000;
96f: 0000000000000000;
970: 823b8799bbe17bc5;
971: 398a7a2b02b6ea8d;
972: 33a3ac5482b701c8;
973: 79fe041a5e7f3f1c;
974: 000000000007710d;
975: 0000000000000000;
976: 0000000000000000;
977: 0000000000000000;
978: 43b3dcec99e908bd;
979: fddb2140bc17a14e;
97a: 6e83882f6b935de3;
97b: da00130f8796bbbf;
97c: 00000000000774c9;
97d: 0000000000000000;
97e: 0000000000000000;
97f: 0000000000000000;
980: b72cae19ed015913;
981: bf5d8138a325ac6e;
982: 6d1cf3e8589ecdd4;
983: 7d80756f96cdbb79;
984: 000000000007699d;
985: 0000000000000000;
986: 0000000000000000;
987: 0000000000000000;
988: d3f65410251a135e;
989: 0afd9a2223471aee;
98a: 6e3ffff76982b9d8;
98b: e6fadff7a712b87f;
98c: 00000000000768f0;
98d: 0000000000000000;
98e: 0000000000000000;
98f: 0000000000000000;
990: f32305a506edf4bd;
991: bfa13c256023c80e;
992: 2f832488de6455e5;
993: 792657d91f2c3ae9;
994: 000000000006cb92;
995: 0000000000000000;
996: 0000000000000000;
997: 0000000000000000;
998: 3bf8f0d4a9141cfe;
999: da576a053c5104ee;
99a: 7a6b714bc2b2d1ca;
99b: eff3d0e9690cb453;
99c: 0000000000061f71;
99d: 0000000000000000;
99e: 0000000000000000;
99f: 0000000000000000;
9a0: aa113900e0cd3ef8;
9a1: 5ca5fef6a33f604e;
9a2: d17c5c001c7741fd;
9a3: 6f8c08159e533874;
9a4: 0000000000076d1a;
9a5: 0000000000000000;
9a6: 0000000000000000;
9a7: 0000000000000000;
9a8: 93c7fb3950440066;
9a9: 1e5d9ae7c12ddb6e;
9aa: a3ac0c4fa7a2e9c8;
9ab: 657eee10a9843ffb;
9ac: 0000000000077527;
9ad: 0000000000000000;
9ae: 0000000000000000;
9af: 0000000000000000;
9b0: ab40d4e42e17eb94;
9b1: b2c3f98bb7bfae4d;
9b2: 0b9f842c8e9d29a0;
9b3: 8e83e5ff61fb3814;
9b4: 0000000000072776;
9b5: 0000000000000000;
9b6: 0000000000000000;
9b7: 0000000000000000;
9b8: 55ba3341a6fb2eee;
9b9: 41398082207da10e;
9ba: 3f6ec4a76ccaf1ea;
9bb: 758a8bfa91df3927;
9bc: 0000000000070409;
9bd: 0000000000000000;
9be: 0000000000000000;
9bf: 0000000000000000;
9c0: 03a7a5d6fd4befd1;
9c1: be83bdff446a5f6d;
9c2: d798986d0c8525d3;
9c3: 06faa9faa0dcba8f;
9c4: 0000000000070487;
9c5: 0000000000000000;
9c6: 0000000000000000;
9c7: 0000000000000000;
9c8: 24274168c6411085;
9c9: 60fda6451b96202d;
9ca: a77bb06fa45505d9;
9cb: 790ae27ba07b38af;
9cc: 000000000007ff8c;
9cd: 0000000000000000;
9ce: 0000000000000000;
9cf: 0000000000000000;
9d0: eb160af3f4b01853;
9d1: d9e11fb8435b248e;
9d2: bb86b6da564871a8;
9d3: fd728a8476dd36cf;
9d4: 0000000000078202;
9d5: 0000000000000000;
9d6: 0000000000000000;
9d7: 0000000000000000;
9d8: f6abb1dff6bbd9e9;
9d9: 760cfd3b8a0638ad;
9da: b65422fc043c29b7;
9db: 8c037d120413391c;
9dc: 0000000000075891;
9dd: 0000000000000000;
9de: 0000000000000000;
9df: 0000000000000000;
9e0: 5eeaaa2ffd1cfdbe;
9e1: bcfbbfc8a189878d;
9e2: 671dc77857f089de;
9e3: 168499fdf9453798;
9e4: 000000000007029b;
9e5: 0000000000000000;
9e6: 0000000000000000;
9e7: 0000000000000000;
9e8: d95b17d337b2009f;
9e9: 635f82005f88080d;
9ea: 267c000b998ff1d9;
9eb: 6e8c5e780f7fb409;
9ec: 000000000007f278;
9ed: 0000000000000000;
9ee: 0000000000000000;
9ef: 0000000000000000;
9f0: 0d050dbed8a9d416;
9f1: 010159d7ff43e64e;
9f2: 37becff74b5021c5;
9f3: 00fa7a842585bb47;
9f4: 000000000007fa04;
9f5: 0000000000000000;
9f6: 0000000000000000;
9f7: 0000000000000000;
9f8: 12380b244122a314;
9f9: 58a1deddc4e09fae;
9fa: 5a2acb290aa361c8;
9fb: 24f880736ff53438;
9fc: 0000000000076d9d;
9fd: 0000000000000000;
9fe: 0000000000000000;
9ff: 0000000000000000;
a00: 13dc8efaef952511;
a01: 922688961a48ed2e;
a02: 4b097b87bc43f5a3;
a03: 71a4127c9a7e3be8;
a04: 0000000000076d0a;
a05: 0000000000000000;
a06: 0000000000000000;
a07: 0000000000000000;
a08: 0de4021dfab227ee;
a09: b7a023a1db4be14e;
a0a: fef3d0939b110dc2;
a0b: ee9551eab2f0bbc3;
a0c: 0000000000075f95;
a0d: 0000000000000000;
a0e: 0000000000000000;
a0f: 0000000000000000;
a10: 214423d043e5e5f1;
a11: 9bca7c37fbdc322e;
a12: f87383f89aec0da7;
a13: 0a658a1c6867b823;
a14: 00000000000720ff;
a15: 0000000000000000;
a16: 0000000000000000;
a17: 0000000000000000;
a18: 55d22b4b2e5c454f;
a19: 7fe969c2c6a3e10d;
a1a: f32ac2d3d38a89c9;
a1b: 096e6aebfe5ab45a;
a1c: 0000000000071c0f;
a1d: 0000000000000000;
a1e: 0000000000000000;
a1f: 0000000000000000;
a20: 1df6f4bead1d2824;
a21: 19be866e9d24fdce;
a22: d37c3c0fc11421c0;
a23: 002d6e169b023aaa;
a24: 0000000000076a93;
a25: 0000000000000000;
a26: 0000000000000000;
a27: 0000000000000000;
a28: 46e8db3c08e15408;
a29: 4f5ec14376c41bae;
a2a: a3cc4ffc11287daf;
a2b: f823ea7e0182b8b7;
a2c: 0000000000078511;
a2d: 0000000000000000;
a2e: 0000000000000000;
a2f: 0000000000000000;
a30: f6c20e2a2a476b59;
a31: 67fb3f02bd611c2e;
a32: 10731f3eefbca5d7;
a33: 7c5e74a01ecdb823;
a34: 000000000007719c;
a35: 0000000000000000;
a36: 0000000000000000;
a37: 0000000000000000;
a38: bd0dde073319d7fe;
a39: e260bc99c2ea822e;
a3a: 136be412ec3ce9d5;
a3b: 96f16c1090abb97d;
a3c: 000000000007509b;
a3d: 0000000000000000;
a3e: 0000000000000000;
a3f: 0000000000000000;
a40: 530a0ad8d0f153d9;
a41: 9c3c21299e7f842e;
a42: 837fa827a93805fe;
a43: f603c50c16e9bba7;
a44: 0000000000070fb1;
a45: 0000000000000000;
a46: 0000000000000000;
a47: 0000000000000000;
a48: b73ab4ee36ba06d4;
a49: 21e0565f6143066e;
a4a: 246b53d6dd7ea9cc;
a4b: fab9d1fb0e8eb5c8;
a4c: 00000000000719f5;
a4d: 0000000000000000;
a4e: 0000000000000000;
a4f: 0000000000000000;
a50: 21d471cf8f6200f1;
a51: 27803cf945833ded;
a52: 937b1c3f577419d2;
a53: 6e037f3033fd3aeb;
a54: 000000000007550c;
a55: 0000000000000000;
a56: 0000000000000000;
a57: 0000000000000000;
a58: 91410aee57ececfe;
a59: 1575dfbd78e0bf6e;
a5a: b08ae31b2181b1b8;
a5b: 977a0b788cbc3400;
a5c: 000000000007658a;
a5d: 0000000000000000;
a5e: 0000000000000000;
a5f: 0000000000000000;
a60: 25c49fbedfcd32e8;
a61: 58b57eee1566198e;
a62: 8b007802dc8c11dd;
a63: fa9b72911e55bb13;
a64: 00000000000706b2;
a65: 0000000000000000;
a66: 0000000000000000;
a67: 0000000000000000;
a68: 0518d4fb2aebeda8;
a69: 815c00e25cc0fe4e;
a6a: 87987ebca8a035e9;
a6b: f02ed168fa85348e;
a6c: 0000000000071d0f;
a6d: 0000000000000000;
a6e: 0000000000000000;
a6f: 0000000000000000;
a70: 1fea43fff3040d03;
a71: c1841df515989caf;
a72: 743f1123a68f6dc4;
a73: 1de08f6def6b3800;
a74: 0000000000075d0f;
a75: 0000000000000000;
a76: 0000000000000000;
a77: 0000000000000000;
a78: 0c0dffba0bf5ec01;
a79: 2007ccfcc490ae2f;
a7a: 57bc37a4f4793587;
a7b: 5d6e6dfbf879bbd8;
a7c: 0000000000071e20;
a7d: 0000000000000000;
a7e: 0000000000000000;
a7f: 0000000000000000;
a80: 2e2eb2f4ddc2addc;
a81: bfc3ada1e5683aae;
a82: b3a90bb0487765db;
a83: 238df2f1a086bbef;
a84: 0000000000077459;
a85: 0000000000000000;
a86: 0000000000000000;
a87: 0000000000000000;
a88: 4125e0e6c9d6e803;
a89: 0142036036fc7c6e;
a8a: 1c7d0f1806e4cdde;
a8b: 871224fc62023bdb;
a8c: 0000000000077b24;
a8d: 0000000000000000;
a8e: 0000000000000000;
a8f: 0000000000000000;
a90: e616ebe5e4e1e8a6;
a91: 87bdc9833e84142e;
a92: f426d79f631c69db;
a93: 6a800f6e0ca93bf6;
a94: 0000000000072209;
a95: 0000000000000000;
a96: 0000000000000000;
a97: 0000000000000000;
a98: 7c26d48c0ae412f6;
a99: 20979e7f76be5dee;
a9a: 64d3d767c0d5a1d7;
a9b: 8806a6681cf43808;
a9c: 0000000000070be5;
a9d: 0000000000000000;
a9e: 0000000000000000;
a9f: 0000000000000000;
aa0: 0edba618cda2c6ee;
aa1: 6631c244be2df66e;
aa2: 6518adc798a2d1a0;
aa3: a3ae6314108c3bf7;
aa4: 000000000007145c;
aa5: 0000000000000000;
aa6: 0000000000000000;
aa7: 0000000000000000;
aa8: 0302f1c105b70ae0;
aa9: 0fa183023afc64ae;
aaa: 041c80002014fdc2;
aab: 6936706568e1b8b1;
aac: 0000000000075397;
aad: 0000000000000000;
aae: 0000000000000000;
aaf: 0000000000000000;
ab0: dfd76008b287ae51;
ab1: e958671d53590aee;
ab2: fb53ae3f8c08addf;
ab3: 6f80ddde1285ba3e;
ab4: 00000000000700e4;
ab5: 0000000000000000;
ab6: 0000000000000000;
ab7: 0000000000000000;
ab8: 3da629a8b8df1dec;
ab9: b9fc973ffa62c62e;
aba: ac3336c8a05fb5c9;
abb: 843617800ce8385c;
abc: 0000000000075a6e;
abd: 0000000000000000;
abe: 0000000000000000;
abf: 0000000000000000;
ac0: edb81efa8caaa235;
ac1: dc9e20be42d958ad;
ac2: f844ccd44cf369d5;
ac3: 773a65506884b510;
ac4: 0000000000072508;
ac5: 0000000000000000;
ac6: 0000000000000000;
ac7: 0000000000000000;
ac8: 03fdbad40df331d6;
ac9: 3bfe3bbcbab7978e;
aca: 40278904040c65d6;
acb: 65ae2bf085993f78;
acc: 0000000000074f80;
acd: 0000000000000000;
ace: 0000000000000000;
acf: 0000000000000000;
ad0: 11aef4fa0acfb2dc;
ad1: 7c800114bd3bd7ee;
ad2: dc80a686c383d1bd;
ad3: 02eb70a2f0ee3a33;
ad4: 0000000000071ff1;
ad5: 0000000000000000;
ad6: 0000000000000000;
ad7: 0000000000000000;
ad8: 19920505d7241043;
ad9: fae582bc55d8326e;
ada: 519ba323180b29df;
adb: 75aa8877216bb75b;
adc: 0000000000077cf7;
add: 0000000000000000;
ade: 0000000000000000;
adf: 0000000000000000;
ae0: f633f8c4d0ca48c6;
ae1: 00dfdc684880d72e;
ae2: a760f334a7c3adc5;
ae3: 84828a6fa57e3928;
ae4: 0000000000075fe7;
ae5: 0000000000000000;
ae6: 0000000000000000;
ae7: 0000000000000000;
ae8: 03f00af0220aad0d;
ae9: a6441760bde6e0ae;
aea: 11188cff335c05a5;
aeb: 994fb5f597e1bb84;
aec: 0000000000076320;
aed: 0000000000000000;
aee: 0000000000000000;
aef: 0000000000000000;
af0: bcd4f8cdeefa1aee;
af1: a54060a8fbdf1aae;
af2: c85c3cb386b12de0;
af3: f4943319110eb877;
af4: 0000000000077df3;
af5: 0000000000000000;
af6: 0000000000000000;
af7: 0000000000000000;
af8: 0ba4e9843bdfe907;
af9: f83a86453b2ade2e;
afa: a4e8114704608dda;
afb: 6d21a6637176bbb0;
afc: 0000000000075076;
afd: 0000000000000000;
afe: 0000000000000000;
aff: 0000000000000000;
b00: 211da3e21ece1cef;
b01: e17bc1c55fa616ce;
b02: a4f84c2fdc7439c8;
b03: 90ad280c85b7390f;
b04: 0000000000070385;
b05: 0000000000000000;
b06: 0000000000000000;
b07: 0000000000000000;
b08: a59b003e8bacc2bf;
b09: 7edd88f9dce23d0d;
b0a: c0ba754677b195cb;
b0b: e3221af778d937d5;
b0c: 0000000000075b93;
b0d: 0000000000000000;
b0e: 0000000000000000;
b0f: 0000000000000000;
b10: c5bb593921932d36;
b11: 62b605235755a4ee;
b12: 6fee3783bb5379c2;
b13: 67b3ed240a913b6a;
b14: 00000000000774e0;
b15: 0000000000000000;
b16: 0000000000000000;
b17: 0000000000000000;
b18: f8a30589dce4eef3;
b19: d69dff867ec8fcce;
b1a: 642a74bbe77005c7;
b1b: 890489fc17053878;
b1c: 0000000000075fe4;
b1d: 0000000000000000;
b1e: 0000000000000000;
b1f: 0000000000000000;
b20: d9d2b9071ebf124c;
b21: a86083875f60d8ae;
b22: 15479380d83f51e6;
b23: 5ffc97e55a2bb84c;
b24: 0000000000070593;
b25: 0000000000000000;
b26: 0000000000000000;
b27: 0000000000000000;
b28: 0310e0dc8bc91a20;
b29: 7768fea0fe9ef62d;
b2a: 958670df34d4e9c2;
b2b: 09870d030d7bbbf0;
b2c: 000000000007e004;
b2d: 0000000000000000;
b2e: 0000000000000000;
b2f: 0000000000000000;
b30: 03f4f6fc45edff02;
b31: 0225e458fb27f72f;
b32: e92303bef72801df;
b33: 56d90c000c793a37;
b34: 000000000006ca8c;
b35: 0000000000000000;
b36: 0000000000000000;
b37: 0000000000000000;
b38: e9f0f93bcce97914;
b39: 38a4008924ffb9ed;
b3a: a46787f7f94be9c7;
b3b: 191008588c8dbb90;
b3c: 00000000000707ed;
b3d: 0000000000000000;
b3e: 0000000000000000;
b3f: 0000000000000000;
b40: d103b827dfa73001;
b41: fc6b18e2c124a6ce;
b42: f3255760ab78e5dd;
b43: a76ab2ec69eb379b;
b44: 0000000000070703;
b45: 0000000000000000;
b46: 0000000000000000;
b47: 0000000000000000;
b48: ceee290000deb717;
b49: 409fd7895bfc420e;
b4a: 6f4db90497f3c9df;
b4b: 91db95e3b3da3ba4;
b4c: 0000000000070c8c;
b4d: 0000000000000000;
b4e: 0000000000000000;
b4f: 0000000000000000;
b50: fbc553c4e51ce0c1;
b51: eb7a8ebc93d3d8ee;
b52: f93444540bbcd9a5;
b53: 1009a0dffd03388f;
b54: 0000000000077e10;
b55: 0000000000000000;
b56: 0000000000000000;
b57: 0000000000000000;
b58: 004522b3e79f67c8;
b59: 37802620d96f3dae;
b5a: 37e50cabb95fc5c1;
b5b: 8600120801fdbbd9;
b5c: 0000000000075679;
b5d: 0000000000000000;
b5e: 0000000000000000;
b5f: 0000000000000000;
b60: 28e7970fd8c41107;
b61: fbc8fe3e9bc6e12e;
b62: a079239fb360f5a1;
b63: 007b8d82efa2bbec;
b64: 0000000000070c79;
b65: 0000000000000000;
b66: 0000000000000000;
b67: 0000000000000000;
b68: feee56e3def8e339;
b69: d717a61e3a189e0e;
b6a: d46b27e7b94449de;
b6b: 6ef8fe5a8e6a37e4;
b6c: 0000000000078981;
b6d: 0000000000000000;
b6e: 0000000000000000;
b6f: 0000000000000000;
b70: e40d50bde40fc540;
b71: 803d2e36f51bc06d;
b72: 3129a0310e6325d9;
b73: 78a6f0ec7f2b3400;
b74: 0000000000070110;
b75: 0000000000000000;
b76: 0000000000000000;
b77: 0000000000000000;
b78: 2bdc08812e9f4134;
b79: 193faaa072eedd4e;
b7a: 2c3d93e7d0c0bdc3;
b7b: ad786c6ffe04b8bd;
b7c: 00000000000762f9;
b7d: 0000000000000000;
b7e: 0000000000000000;
b7f: 0000000000000000;
b80: b5a9ea1641b12e0f;
b81: 1cee1ea17dc07fce;
b82: d473be98b6e415cb;
b83: 71ed0dd972a8bbcb;
b84: 0000000000072f26;
b85: 0000000000000000;
b86: 0000000000000000;
b87: 0000000000000000;
b88: 1fed50e1f1f6fa43;
b89: 98e7a124763a5c4e;
b8a: 74c75f5ff7f109dd;
b8b: 8aeb77e325f53848;
b8c: 0000000000075268;
b8d: 0000000000000000;
b8e: 0000000000000000;
b8f: 0000000000000000;
b90: e4ee230e32f80eb2;
b91: 108722f6156f42ee;
b92: 25e3edaf0ca301a2;
b93: 6ff6cbcafd88b870;
b94: 000000000006e3b2;
b95: 0000000000000000;
b96: 0000000000000000;
b97: 0000000000000000;
b98: f14121c54ab51434;
b99: b8c38b3a6306e2ee;
b9a: 7b1972c0e9e961c8;
b9b: 05c476d7eafb3728;
b9c: 0000000000077569;
b9d: 0000000000000000;
b9e: 0000000000000000;
b9f: 0000000000000000;
ba0: 0e13a61ddf200efc;
ba1: 2eac6252e33850ae;
ba2: 1f4c3fb6c4691183;
ba3: f9ed1884f755b132;
ba4: 000000000007310c;
ba5: 0000000000000000;
ba6: 0000000000000000;
ba7: 0000000000000000;
ba8: 13aa0b3737c4edf0;
ba9: 2a45b70cc143c28e;
baa: b43babae77f8c5b1;
bab: 7aee2f67da97b913;
bac: 0000000000072eec;
bad: 0000000000000000;
bae: 0000000000000000;
baf: 0000000000000000;
bb0: 9464faf7561bd611;
bb1: fd683eff1df7bd2e;
bb2: c4336eb4f4c7f5d7;
bb3: 7096ce1cbe70b687;
bb4: 000000000006be68;
bb5: 0000000000000000;
bb6: 0000000000000000;
bb7: 0000000000000000;
bb8: 9ebffb29fefdbdfb;
bb9: c6dc9dc4b7dde00e;
bba: b98bf16003dab1c0;
bbb: 56a31e031f5bb5cb;
bbc: 000000000006ff48;
bbd: 0000000000000000;
bbe: 0000000000000000;
bbf: 0000000000000000;
bc0: 11330213bb1ffc20;
bc1: 22434249bd4333af;
bc2: 6750b46c1b7eddcd;
bc3: 22810902fd043ba3;
bc4: 0000000000078ba0;
bc5: 0000000000000000;
bc6: 0000000000000000;
bc7: 0000000000000000;
bc8: e0a7170de9f302e4;
bc9: 004e671e9a7fca2e;
bca: 54c5cf17509529c2;
bcb: 87f0fb8378773b8f;
bcc: 0000000000078c25;
bcd: 0000000000000000;
bce: 0000000000000000;
bcf: 0000000000000000;
bd0: cb1e180cf4d92a5b;
bd1: a3083f373e7abece;
bd2: 78bf746419d3adfd;
bd3: 901f418a0392bbf7;
bd4: 0000000000077b7f;
bd5: 0000000000000000;
bd6: 0000000000000000;
bd7: 0000000000000000;
bd8: ade7ad3e2cc8d2b6;
bd9: 49059dc6bf9add4e;
bda: 6d474d33d4e711de;
bdb: 8074f6f5ebdf3bf0;
bdc: 000000000006f58e;
bdd: 0000000000000000;
bde: 0000000000000000;
bdf: 0000000000000000;
be0: 1372f828be45efbc;
be1: aaa338e3e2807b6e;
be2: 25a9bb12972409c5;
be3: a0fa9b5a03dfb412;
be4: 0000000000069b5f;
be5: 0000000000000000;
be6: 0000000000000000;
be7: 0000000000000000;
be8: e4c62cfae9e60b56;
be9: 1c2c85b49b40a7ae;
bea: e70137d6b1e47ddb;
beb: 7a8091ddfef936eb;
bec: 000000000007fe76;
bed: 0000000000000000;
bee: 0000000000000000;
bef: 0000000000000000;
bf0: cd36000a481f6e3b;
bf1: 1d469f9085fe7f8d;
bf2: c48bed28087041c0;
bf3: 009a509090513c2f;
bf4: 0000000000077079;
bf5: 0000000000000000;
bf6: 0000000000000000;
bf7: 0000000000000000;
bf8: bb148ad2459b1adc;
bf9: e746c15a181f1b2d;
bfa: 2bf03ef4884bc9c2;
bfb: 81d9648070f03b95;
bfc: 0000000000075d11;
bfd: 0000000000000000;
bfe: 0000000000000000;
bff: 0000000000000000;
c00: ef18ca2704b93a2e;
c01: 535619eeb5bb012e;
c02: 615f9f274ee0d9a4;
c03: 1b0d80077de1b827;
c04: 0000000000071d52;
c05: 0000000000000000;
c06: 0000000000000000;
c07: 0000000000000000;
c08: e9f51f29c9bc10f8;
c09: 4a81e3785ce29cae;
c0a: 2c27c428636db1b0;
c0b: f5e26f8e0619bbf8;
c0c: 000000000007105d;
c0d: 0000000000000000;
c0e: 0000000000000000;
c0f: 0000000000000000;
c10: bc09ce056b06e1b0;
c11: d132c06922493d6e;
c12: 8a848a329c7e79b3;
c13: 6016a20725663778;
c14: 0000000000077c94;
c15: 0000000000000000;
c16: 0000000000000000;
c17: 0000000000000000;
c18: 0bc5b03bd70bb694;
c19: fc253149b95041ee;
c1a: 2b82cadb236901a4;
c1b: d57d94ff8908b7d9;
c1c: 0000000000076953;
c1d: 0000000000000000;
c1e: 0000000000000000;
c1f: 0000000000000000;
c20: 5950645e9fc3fa42;
c21: b921de2ad9825dcd;
c22: 6454ef733ed205c0;
c23: 9ffbf955f47636cd;
c24: 00000000000718ef;
c25: 0000000000000000;
c26: 0000000000000000;
c27: 0000000000000000;
c28: e9e31524bfe9f5f8;
c29: d15da53ab841df4e;
c2a: 98fc27a0ac5505c0;
c2b: 597aefa021f5bbd3;
c2c: 0000000000076790;
c2d: 0000000000000000;
c2e: 0000000000000000;
c2f: 0000000000000000;
c30: f42ce02c17be4536;
c31: 1b45b8db5f55010e;
c32: 3378a376bcc71dde;
c33: 7e1383df8f17380c;
c34: 000000000007015b;
c35: 0000000000000000;
c36: 0000000000000000;
c37: 0000000000000000;
c38: 1705b32624e4fba3;
c39: c242fba1c3f8578e;
c3a: 5b2b937fafdc95de;
c3b: 08e81829c7043a88;
c3c: 000000000006ca7f;
c3d: 0000000000000000;
c3e: 0000000000000000;
c3f: 0000000000000000;
c40: 073349d420e035f1;
c41: d50a58b8e11400ce;
c42: 4cf02bc6b30c75c1;
c43: 0a006c038d803b5c;
c44: 00000000000731d0;
c45: 0000000000000000;
c46: 0000000000000000;
c47: 0000000000000000;
c48: fee81406b3eedd10;
c49: 9ac3095e3981d96f;
c4a: 7bbb9bac2ba119d8;
c4b: 6af90b209be23ff8;
c4c: 0000000000076fe0;
c4d: 0000000000000000;
c4e: 0000000000000000;
c4f: 0000000000000000;
c50: 97010ee2c5183ec2;
c51: 76bdfd60c4c4d5ae;
c52: 7752f7af90ceb5c0;
c53: 8ca06a95876aba7b;
c54: 00000000000779a2;
c55: 0000000000000000;
c56: 0000000000000000;
c57: 0000000000000000;
c58: bb2e9ed907dfab31;
c59: e5dd5c15e07b788d;
c5a: 477b905b73c9fdd9;
c5b: 1b455f3652f5bacc;
c5c: 000000000006e901;
c5d: 0000000000000000;
c5e: 0000000000000000;
c5f: 0000000000000000;
c60: edefdfa7dfed3237;
c61: 971d5c8a07e05d2e;
c62: 7193b6d8108879c2;
c63: 18e66fa76af1b66a;
c64: 0000000000077475;
c65: 0000000000000000;
c66: 0000000000000000;
c67: 0000000000000000;
c68: fa1715bcf6d1e3e8;
c69: 0342145b84641eee;
c6a: 238c47f1039445dc;
c6b: 66fb5e81bba93c98;
c6c: 0000000000076c77;
c6d: 0000000000000000;
c6e: 0000000000000000;
c6f: 0000000000000000;
c70: 4d524be136e4f682;
c71: 3b28ceebba994ded;
c72: 88d0336bf77735bb;
c73: dcef937608eab934;
c74: 000000000007105d;
c75: 0000000000000000;
c76: 0000000000000000;
c77: 0000000000000000;
c78: 2be69cd19c5229b1;
c79: 928976a2b614dece;
c7a: c55727db8e2975bc;
c7b: 0d88f4a4ed0fbbf3;
c7c: 00000000000777f4;
c7d: 0000000000000000;
c7e: 0000000000000000;
c7f: 0000000000000000;
c80: 42fd3a9c1c8e3540;
c81: 350618241fde3d4d;
c82: cc286783cfce99c1;
c83: 7658838f7bfc3ab6;
c84: 000000000007fd77;
c85: 0000000000000000;
c86: 0000000000000000;
c87: 0000000000000000;
c88: bd0a082ff639c2d7;
c89: d70284be84b85cee;
c8a: 286bf009c812a1a7;
c8b: 85fefb0b2a07b850;
c8c: 000000000007ee8f;
c8d: 0000000000000000;
c8e: 0000000000000000;
c8f: 0000000000000000;
c90: 0552fd0715f6150a;
c91: 81a6221edd95db8f;
c92: a4fc2303f7e87de1;
c93: e6a6807003ff38f4;
c94: 0000000000070cf4;
c95: 0000000000000000;
c96: 0000000000000000;
c97: 0000000000000000;
c98: 3e4f551a5f384510;
c99: fe642225b940978d;
c9a: bd40db67973049d8;
c9b: 08fd7c3c7c2dbb5c;
c9c: 0000000000069d16;
c9d: 0000000000000000;
c9e: 0000000000000000;
c9f: 0000000000000000;
ca0: 14e247f808dd013e;
ca1: 3a05557ce63942cf;
ca2: f90fe7104c47edc8;
ca3: fe5cf52e02efbb98;
ca4: 00000000000703e1;
ca5: 0000000000000000;
ca6: 0000000000000000;
ca7: 0000000000000000;
ca8: e650dee3b566c1a0;
ca9: b63ecb9c21c2b62e;
caa: fb7bcee86f7491da;
cab: fa058e902c00bb9f;
cac: 000000000007eff6;
cad: 0000000000000000;
cae: 0000000000000000;
caf: 0000000000000000;
cb0: 9c4b40ae007e08ca;
cb1: 87960cbd3944fe6d;
cb2: e0b973a438a3d1a3;
cb3: a513e4f3671f388a;
cb4: 0000000000077ca9;
cb5: 0000000000000000;
cb6: 0000000000000000;
cb7: 0000000000000000;
cb8: c061f3ec2f05f034;
cb9: cf63ede144263d2e;
cba: 90c883b252c969b3;
cbb: 166298a28929b788;
cbc: 0000000000077f8b;
cbd: 0000000000000000;
cbe: 0000000000000000;
cbf: 0000000000000000;
cc0: f9e6b40e5dc9d2f8;
cc1: 3d41e228389dc1ee;
cc2: 73175d2c0420f5db;
cc3: 0f8c002cc7003818;
cc4: 0000000000075265;
cc5: 0000000000000000;
cc6: 0000000000000000;
cc7: 0000000000000000;
cc8: 88bcc2d9dba2f013;
cc9: 21e0df2786f3848e;
cca: e0c1051144bb95d8;
ccb: ea65cdad5e56b963;
ccc: 000000000007006d;
ccd: 0000000000000000;
cce: 0000000000000000;
ccf: 0000000000000000;
cd0: bdfb0e0cfef6f3f1;
cd1: 6157e03afd9f9e4f;
cd2: 0ca70217d7f799fb;
cd3: 797096aed554384b;
cd4: 0000000000069920;
cd5: 0000000000000000;
cd6: 0000000000000000;
cd7: 0000000000000000;
cd8: 4d001ac0b0a3ee2e;
cd9: 69a1f33fb15d652e;
cda: 8b90a81110b101af;
cdb: f59c8a178862353b;
cdc: 0000000000072bf9;
cdd: 0000000000000000;
cde: 0000000000000000;
cdf: 0000000000000000;
ce0: 28dbb71eabff35a9;
ce1: 5f79f3edfd834c0e;
ce2: ab6b941dbf8f49c5;
ce3: 19926629e8debb63;
ce4: 0000000000071082;
ce5: 0000000000000000;
ce6: 0000000000000000;
ce7: 0000000000000000;
ce8: d9e0edb9f6bffd81;
ce9: 3bf14142c5d9148d;
cea: 2fdc5023ecc6d1d8;
ceb: f95b892012e93933;
cec: 0000000000070eee;
ced: 0000000000000000;
cee: 0000000000000000;
cef: 0000000000000000;
cf0: b43c0c0ea5f3db42;
cf1: 59006b3d3582d5ce;
cf2: dfa7e7b0687499d9;
cf3: 001a06253bce3c26;
cf4: 000000000006937f;
cf5: 0000000000000000;
cf6: 0000000000000000;
cf7: 0000000000000000;
cf8: efcff60b16e461f2;
cf9: a07fff834c81a80f;
cfa: 503bea93610109c5;
cfb: 038d7833886db4b8;
cfc: 00000000000775e9;
cfd: 0000000000000000;
cfe: 0000000000000000;
cff: 0000000000000000;
d00: 0416df4cb833360c;
d01: a72b163a1bc2c1ee;
d02: bbc3f2f407bcaddb;
d03: 7d887f17efdb3bdc;
d04: 000000000007116d;
d05: 0000000000000000;
d06: 0000000000000000;
d07: 0000000000000000;
d08: cce958ee34e4b205;
d09: 3e5b3f36fb639e2e;
d0a: 727c030bc5aab1fb;
d0b: 7fe76e9c8b5c367d;
d0c: 0000000000070780;
d0d: 0000000000000000;
d0e: 0000000000000000;
d0f: 0000000000000000;
d10: fa0923a93fe45637;
d11: 5b80272095d462ee;
d12: 10a4205e436319de;
d13: a47a930a2eee3997;
d14: 000000000007679e;
d15: 0000000000000000;
d16: 0000000000000000;
d17: 0000000000000000;
d18: 0727080b02125adf;
d19: cbeb58f610f2e0ae;
d1a: 6ff90ba7a05089b3;
d1b: de08fd371093b909;
d1c: 000000000006a274;
d1d: 0000000000000000;
d1e: 0000000000000000;
d1f: 0000000000000000;
d20: d60818e66007f421;
d21: 0389babab4811b2e;
d22: facb8000d40455d1;
d23: 79815d868d8eb830;
d24: 0000000000077e78;
d25: 0000000000000000;
d26: 0000000000000000;
d27: 0000000000000000;
d28: b50fe9fed9ad27d1;
d29: 69c3e08363bd41ee;
d2a: 5363ed11c3e2edcd;
d2b: fe78030304e4b92f;
d2c: 000000000007df81;
d2d: 0000000000000000;
d2e: 0000000000000000;
d2f: 0000000000000000;
d30: ee249e05d4c63cd0;
d31: c3773c2200bda22e;
d32: 48314daf57df61fe;
d33: e86e1c205c8737bb;
d34: 0000000000076b07;
d35: 0000000000000000;
d36: 0000000000000000;
d37: 0000000000000000;
d38: ab19fd200ee7e7e6;
d39: 7bfbe0c0396462ef;
d3a: fc43c347909f69d5;
d3b: 026db20178f6ba0a;
d3c: 000000000006a002;
d3d: 0000000000000000;
d3e: 0000000000000000;
d3f: 0000000000000000;
d40: ab2c01edb0eb1edb;
d41: 1b1f54aad6607bae;
d42: 2fbb2bc1ac77adc0;
d43: 8591f92181f13ac5;
d44: 00000000000799fb;
d45: 0000000000000000;
d46: 0000000000000000;
d47: 0000000000000000;
d48: ca06f6e815d103af;
d49: ccf4621ffd7cf64e;
d4a: 637448c3440849c9;
d4b: 636b73f31eec3836;
d4c: 0000000000070b29;
d4d: 0000000000000000;
d4e: 0000000000000000;
d4f: 0000000000000000;
d50: 424081edbd1f89c9;
d51: 833516d683c11dae;
d52: e2fb3418f5af85d9;
d53: 76a9cff7a76abbae;
d54: 000000000006ed42;
d55: 0000000000000000;
d56: 0000000000000000;
d57: 0000000000000000;
d58: cd13002f0ddf58e5;
d59: d4c103580d95352f;
d5a: 8c174b77010f65a5;
d5b: f6f0f0b86ca0383b;
d5c: 00000000000689f1;
d5d: 0000000000000000;
d5e: 0000000000000000;
d5f: 0000000000000000;
d60: 00f2bb45c3696f03;
d61: dea05a44bc1e5bad;
d62: 7ef75f00a844e5d1;
d63: db7c86ff5cdb3858;
d64: 0000000000071c66;
d65: 0000000000000000;
d66: 0000000000000000;
d67: 0000000000000000;
d68: f329591d34caf3e8;
d69: 4699bf33a29d9e4e;
d6a: a3cff81c752e75cc;
d6b: e3c8838b73ecb43e;
d6c: 0000000000070085;
d6d: 0000000000000000;
d6e: 0000000000000000;
d6f: 0000000000000000;
d70: 1abddc9e2c641cdf;
d71: fa303880857d7fad;
d72: 6b10c782a92f79dd;
d73: 30b26aea9682b8a3;
d74: 000000000006f6f4;
d75: 0000000000000000;
d76: 0000000000000000;
d77: 0000000000000000;
d78: 0811f7fee6e74ae0;
d79: fa6b60db84bb7c8f;
d7a: 46f348cb4fd819d5;
d7b: 6a82941efaa03beb;
d7c: 00000000000769e7;
d7d: 0000000000000000;
d7e: 0000000000000000;
d7f: 0000000000000000;
d80: bcdbc9cdf6c73735;
d81: 091b74f51e9aa88e;
d82: 9684d49c8392b5d1;
d83: 077dec030f763b97;
d84: 000000000007d297;
d85: 0000000000000000;
d86: 0000000000000000;
d87: 0000000000000000;
d88: db2d0a2768d76624;
d89: c4a0bc16fbbc414e;
d8a: a4174430fcb261da;
d8b: 85dab4e32056bb7c;
d8c: 000000000006e76c;
d8d: 0000000000000000;
d8e: 0000000000000000;
d8f: 0000000000000000;
d90: ebc4f81759e44be6;
d91: ebbc9f42c20bba8e;
d92: bf848cbb86f70ddc;
d93: fc8d207fe629b83b;
d94: 0000000000070612;
d95: 0000000000000000;
d96: 0000000000000000;
d97: 0000000000000000;
d98: 9af9f709eb16ec22;
d99: a6b7dec7454aa6af;
d9a: 0c37da63842fd9d6;
d9b: 806ebe7d4c3b3a4b;
d9c: 000000000006c528;
d9d: 0000000000000000;
d9e: 0000000000000000;
d9f: 0000000000000000;
da0: be36cde0eed0f8f4;
da1: 5724549c38e2fc0e;
da2: 93b63df5286881d8;
da3: f2fb720779fc374c;
da4: 000000000007da8d;
da5: 0000000000000000;
da6: 0000000000000000;
da7: 0000000000000000;
da8: f147e32c34ed2410;
da9: 4945c5e15b1e5f4e;
daa: 774087a8438671df;
dab: f47c8407eeeb38cc;
dac: 0000000000072c9e;
dad: 0000000000000000;
dae: 0000000000000000;
daf: 0000000000000000;
db0: 76f7eef20c4ef305;
db1: e8e140e40367df0e;
db2: 9898f704a43009e4;
db3: 687dd08fc9a63b3e;
db4: 000000000006da07;
db5: 0000000000000000;
db6: 0000000000000000;
db7: 0000000000000000;
db8: b1b3d71ccd030733;
db9: 43dca0c08f44864e;
dba: cfb2e427ef7ffddd;
dbb: 6ffb7e9104a2bbb2;
dbc: 0000000000075f91;
dbd: 0000000000000000;
dbe: 0000000000000000;
dbf: 0000000000000000;
dc0: ede741e204d501bf;
dc1: a0dba7667ba107ee;
dc2: 7269106a78542dd3;
dc3: 0c0c738706f53493;
dc4: 0000000000075cd2;
dc5: 0000000000000000;
dc6: 0000000000000000;
dc7: 0000000000000000;
dc8: 1f080368dcd30806;
dc9: 49e783c47345face;
dca: 6f474bb863daf1bd;
dcb: fc506fe7eff338c0;
dcc: 0000000000075827;
dcd: 0000000000000000;
dce: 0000000000000000;
dcf: 0000000000000000;
dd0: 39c0cf0644281c05;
dd1: 835856a2fcc5316e;
dd2: bf9800a049e031a6;
dd3: 218d140ef590bab7;
dd4: 000000000006c485;
dd5: 0000000000000000;
dd6: 0000000000000000;
dd7: 0000000000000000;
dd8: f3e3f0f3d41fc25a;
dd9: 4582613e21fec10e;
dda: bbc6c40fb3bbe1d1;
ddb: f577777288383ae2;
ddc: 0000000000074898;
ddd: 0000000000000000;
dde: 0000000000000000;
ddf: 0000000000000000;
de0: 1694c0cb5b1ee2b5;
de1: dc0018ab9d5989ed;
de2: bf3e8ee96e4a71d1;
de3: eaad2849f97ab5d4;
de4: 000000000006ef85;
de5: 0000000000000000;
de6: 0000000000000000;
de7: 0000000000000000;
de8: 5e9ff3a0d32932c9;
de9: 5d7ac57c6318808e;
dea: 7fc877d03af709c8;
deb: 6ff7dc91fd60b82c;
dec: 000000000007eb11;
ded: 0000000000000000;
dee: 0000000000000000;
def: 0000000000000000;
df0: 4521d9b939ebd2fb;
df1: e061dd5734a139ee;
df2: ec164825430d39d7;
df3: 15b977f36fd93b83;
df4: 0000000000069379;
df5: 0000000000000000;
df6: 0000000000000000;
df7: 0000000000000000;
df8: 5af303e65046dc45;
df9: f729c1439d5669ce;
dfa: 5703b0980b9589dd;
dfb: 5718ff17e6f5b83c;
dfc: 0000000000077f75;
dfd: 0000000000000000;
dfe: 0000000000000000;
dff: 0000000000000000;
e00: d9899c1ec6d1d406;
e01: dc9c97663c9e434d;
e02: ab8fa0990ba799da;
e03: 02f9efe08e9138b3;
e04: 000000000007487f;
e05: 0000000000000000;
e06: 0000000000000000;
e07: 0000000000000000;
e08: 24fe1e99fec40e04;
e09: 5c1c44602dc7250f;
e0a: 2b03e39c6210b5db;
e0b: 77f58c977659397d;
e0c: 000000000007f293;
e0d: 0000000000000000;
e0e: 0000000000000000;
e0f: 0000000000000000;
e10: 0a488c94878a4dee;
e11: 7c20b6fb988a57ad;
e12: 3b3cb0e537c8b9c8;
e13: e0a47d8c89063820;
e14: 000000000007021a;
e15: 0000000000000000;
e16: 0000000000000000;
e17: 0000000000000000;
e18: 73caba1dbbfef0ad;
e19: de3dd22fc77e7cce;
e1a: 9f3ca6cf2fac21a7;
e1b: 9984640a9deeb82c;
e1c: 00000000000744aa;
e1d: 0000000000000000;
e1e: 0000000000000000;
e1f: 0000000000000000;
e20: ff0ff82321fdbfec;
e21: 20df7f19ff5c6a2f;
e22: cf73dd84cb979de1;
e23: f97f04dd8386b8c7;
e24: 0000000000076f5e;
e25: 0000000000000000;
e26: 0000000000000000;
e27: 0000000000000000;
e28: 200a08a8c9e65ddc;
e29: 3b587fc61d59baae;
e2a: df8c00cef2c361cc;
e2b: 54e008959b473b98;
e2c: 0000000000077ca6;
e2d: 0000000000000000;
e2e: 0000000000000000;
e2f: 0000000000000000;
e30: 12e19ce8fd0e3352;
e31: 1a021aedc5be96ce;
e32: 449a7bbc9790bdcb;
e33: 647302736acb38c4;
e34: 0000000000076c84;
e35: 0000000000000000;
e36: 0000000000000000;
e37: 0000000000000000;
e38: 50fde7240399bf5a;
e39: 760258ed333a99ee;
e3a: 33609813ab4821a8;
e3b: 94e3fff696513593;
e3c: 0000000000076c9b;
e3d: 0000000000000000;
e3e: 0000000000000000;
e3f: 0000000000000000;
e40: 1ee0adcedb03fdf9;
e41: 40051ea3e3951a6e;
e42: 5418bee4179431dd;
e43: f907699362083be7;
e44: 0000000000075686;
e45: 0000000000000000;
e46: 0000000000000000;
e47: 0000000000000000;
e48: e9e010a3f5f654e6;
e49: e3404eb89fc0068e;
e4a: a354115068e6c9c6;
e4b: 0aea6e950467381c;
e4c: 0000000000075385;
e4d: 0000000000000000;
e4e: 0000000000000000;
e4f: 0000000000000000;
e50: 1bcdf6f230d3e0b7;
e51: 2d024583839dc24e;
e52: e06a438096ed9dbd;
e53: 8f8d4e427dd93ac3;
e54: 000000000006e4f6;
e55: 0000000000000000;
e56: 0000000000000000;
e57: 0000000000000000;
e58: e7c8f6a62c402cf9;
e59: b583e07dbec31a4e;
e5a: 21f28031407021d2;
e5b: fd7de3916173b190;
e5c: 00000000000759ef;
e5d: 0000000000000000;
e5e: 0000000000000000;
e5f: 0000000000000000;
e60: efdbdfddb21244e2;
e61: c419f9ba0295b8ae;
e62: 28241384f39901dc;
e63: 87515c1308023bd7;
e64: 0000000000075de6;
e65: 0000000000000000;
e66: 0000000000000000;
e67: 0000000000000000;
e68: b9410381afd9473a;
e69: c5f8d65982dbe18d;
e6a: cf0075b83d7f2dc3;
e6b: f6d8a03c85da3536;
e6c: 0000000000077793;
e6d: 0000000000000000;
e6e: 0000000000000000;
e6f: 0000000000000000;
e70: 0342edfa3f042944;
e71: e33d5a17dbc7c06e;
e72: 7f30e473fbf995c2;
e73: ef805a938c6d3b85;
e74: 000000000007580c;
e75: 0000000000000000;
e76: 0000000000000000;
e77: 0000000000000000;
e78: cad1f31aaef6dcf1;
e79: 42e53fa1a2fe760e;
e7a: 4122c0117242b9dc;
e7b: 0578e50af9ffb7e9;
e7c: 000000000007df7a;
e7d: 0000000000000000;
e7e: 0000000000000000;
e7f: 0000000000000000;
e80: c430c7eaf53041f5;
e81: c06de0773ab1038e;
e82: df9910ac9b68c5b6;
e83: 02efdc03ff8436e0;
e84: 000000000007826f;
e85: 0000000000000000;
e86: 0000000000000000;
e87: 0000000000000000;
e88: dcc9030de4205002;
e89: 20e49cc7dd13f8ee;
e8a: c3fca81c5c0b4dde;
e8b: cb82009bf713bac8;
e8c: 0000000000076b0f;
e8d: 0000000000000000;
e8e: 0000000000000000;
e8f: 0000000000000000;
e90: 55e6000a5f2a13ef;
e91: 7617ea0ee07d7b8e;
e92: 2d0b6f808f48b9a9;
e93: 6d977c237602395c;
e94: 0000000000077b01;
e95: 0000000000000000;
e96: 0000000000000000;
e97: 0000000000000000;
e98: ca36fd19c5fbb35c;
e99: be6908687dd5d7ae;
e9a: 73aa2339681941b6;
e9b: 1c5f4507aa8ab749;
e9c: 000000000006e121;
e9d: 0000000000000000;
e9e: 0000000000000000;
e9f: 0000000000000000;
ea0: 79dbf6bfbfb2fdf8;
ea1: 7f7dab3e7ef9fe6e;
ea2: 70179b7bbf0d39e3;
ea3: f716f615c767bad7;
ea4: 0000000000075f9e;
ea5: 0000000000000000;
ea6: 0000000000000000;
ea7: 0000000000000000;
ea8: 181ca532f8fe4613;
ea9: 7ee080f8e267de4e;
eaa: 6ea3e5f7b3b2d5ca;
eab: 6c470ff1e7f437ce;
eac: 0000000000070700;
ead: 0000000000000000;
eae: 0000000000000000;
eaf: 0000000000000000;
eb0: d7bb93770c47fb0c;
eb1: 624101039ed13bce;
eb2: 8c2fb821249fd1b5;
eb3: fc78f672806dbf0c;
eb4: 0000000000075425;
eb5: 0000000000000000;
eb6: 0000000000000000;
eb7: 0000000000000000;
eb8: cfe31ffef89424c3;
eb9: dcbc4883fbfcdd0e;
eba: b0e0033ba1aad1d8;
ebb: 03e9819c74f5b698;
ebc: 0000000000076a53;
ebd: 0000000000000000;
ebe: 0000000000000000;
ebf: 0000000000000000;
ec0: 3506489cd637c350;
ec1: 1d54ad572856360d;
ec2: 8fcfb0d5133f99dc;
ec3: 039ef51fdc663b7f;
ec4: 00000000000755a6;
ec5: 0000000000000000;
ec6: 0000000000000000;
ec7: 0000000000000000;
ec8: fb43f440fa1cfa0b;
ec9: 8729193a7f79d64f;
eca: d45f8fed242f2dc4;
ecb: 10f42bfaef88bbc6;
ecc: 0000000000071906;
ecd: 0000000000000000;
ece: 0000000000000000;
ecf: 0000000000000000;
ed0: 1be8f17d01dd200f;
ed1: dcd5399a3e1e7f6e;
ed2: 0074144b30fc3dd5;
ed3: f3645b050575bbd5;
ed4: 0000000000074e2f;
ed5: 0000000000000000;
ed6: 0000000000000000;
ed7: 0000000000000000;
ed8: c373ded42cbbfeeb;
ed9: b2942bbe276ab9ae;
eda: dbe29840737111a1;
edb: ce0250b0c4013661;
edc: 000000000006cfd6;
edd: 0000000000000000;
ede: 0000000000000000;
edf: 0000000000000000;
ee0: e0ed97c3ddff0e27;
ee1: 7f02a8a2ff1c1ace;
ee2: 2b5b94bc0f6ca5fb;
ee3: f90e091dee603b21;
ee4: 000000000007ef06;
ee5: 0000000000000000;
ee6: 0000000000000000;
ee7: 0000000000000000;
ee8: dc39b766ccfa0fed;
ee9: 3fa8de3f4199a02e;
eea: 378d5ba3d4948de1;
eeb: f3ff988c472f3740;
eec: 0000000000070ef5;
eed: 0000000000000000;
eee: 0000000000000000;
eef: 0000000000000000;
ef0: 0592c01f05d48f0a;
ef1: 1a3e86148973c32d;
ef2: 14770cdf008385d9;
ef3: 646ceff59508b8e8;
ef4: 000000000007055b;
ef5: 0000000000000000;
ef6: 0000000000000000;
ef7: 0000000000000000;
ef8: f021e315e49ca4f9;
ef9: 610584eaa35f0b4e;
efa: cfe6ef975080bda8;
efb: d39ce68d02163b55;
efc: 0000000000071bf8;
efd: 0000000000000000;
efe: 0000000000000000;
eff: 0000000000000000;
f00: bc598c158c12fd33;
f01: a2ca05c18df85d4e;
f02: 179fd68f4c371dba;
f03: 7a8c25239684b482;
f04: 0000000000075c7e;
f05: 0000000000000000;
f06: 0000000000000000;
f07: 0000000000000000;
f08: dc06b2155334fb00;
f09: 037b177c4c3636ce;
f0a: ab3fe4d493baf9bb;
f0b: 1f25ae106070b848;
f0c: 0000000000077e0b;
f0d: 0000000000000000;
f0e: 0000000000000000;
f0f: 0000000000000000;
f10: 1fd60ab8c4fce93a;
f11: 0576c40382dcb7ef;
f12: 54183f19b883c5dc;
f13: e902615d0c6e383c;
f14: 0000000000075976;
f15: 0000000000000000;
f16: 0000000000000000;
f17: 0000000000000000;
f18: e1f927004d223b0f;
f19: e7e3572140dae6ce;
f1a: 53e12d7be74325da;
f1b: 6f0e26f6726fbbd0;
f1c: 000000000007049e;
f1d: 0000000000000000;
f1e: 0000000000000000;
f1f: 0000000000000000;
f20: 9c7406c9a78c16fa;
f21: bb7abddb0c1544ad;
f22: 890407b87bc449b0;
f23: 84f90e810c9b382b;
f24: 0000000000074e86;
f25: 0000000000000000;
f26: 0000000000000000;
f27: 0000000000000000;
f28: 31340b2cfbf0b5d6;
f29: 22c2ded76b2d6c6e;
f2a: defb8e16eacf25a3;
f2b: 308e76fa8e6cb485;
f2c: 0000000000069bd8;
f2d: 0000000000000000;
f2e: 0000000000000000;
f2f: 0000000000000000;
f30: f3e6fae58b0aed57;
f31: 819f48b7c2bc5aae;
f32: 568c20894057f9de;
f33: fdf0f30661fa3aa4;
f34: 0000000000076fcb;
f35: 0000000000000000;
f36: 0000000000000000;
f37: 0000000000000000;
f38: d57fb1b1273bf32e;
f39: 02ebf9e0b7b0f18d;
f3a: 3c0084a954dc79b6;
f3b: 7a912084f57abb97;
f3c: 000000000007808d;
f3d: 0000000000000000;
f3e: 0000000000000000;
f3f: 0000000000000000;
f40: fc2c27d59bedffd1;
f41: fa5c83ea1b74e40e;
f42: 2c3794e092e79dde;
f43: 765de6150ce53bbf;
f44: 00000000000703f6;
f45: 0000000000000000;
f46: 0000000000000000;
f47: 0000000000000000;
f48: fd5e6bed4778e61d;
f49: 9c04a5a9b62f82cd;
f4a: 1143c030afd2d1b9;
f4b: f0aaf3b0f7c8b8c5;
f4c: 0000000000070e87;
f4d: 0000000000000000;
f4e: 0000000000000000;
f4f: 0000000000000000;
f50: ee05c0fbfd24d06c;
f51: fa80d61a637e90ce;
f52: 8a9fe1208fb959dd;
f53: 2f6f83551382bbb8;
f54: 0000000000076466;
f55: 0000000000000000;
f56: 0000000000000000;
f57: 0000000000000000;
f58: e71fbdfdc2eef0fe;
f59: 9e82d7df9de4180e;
f5a: 6bb862693b79d1c1;
f5b: f3d95c0c79803563;
f5c: 0000000000076fff;
f5d: 0000000000000000;
f5e: 0000000000000000;
f5f: 0000000000000000;
f60: 00720e08d51df428;
f61: 75a5650883ff50ae;
f62: 3c5c7f0364acc5a5;
f63: 09ad15fa92ebbb8b;
f64: 0000000000078210;
f65: 0000000000000000;
f66: 0000000000000000;
f67: 0000000000000000;
f68: 3906a71f2c29d6d1;
f69: 3e40c0a17e593f6e;
f6a: 046bc777c11021c9;
f6b: 01a00c00fa773fec;
f6c: 0000000000077b31;
f6d: 0000000000000000;
f6e: 0000000000000000;
f6f: 0000000000000000;
f70: f80845ed12f33ad6;
f71: 42dd657e1dbe1d4e;
f72: 02f662e9439fb9ca;
f73: 832505057c8ab661;
f74: 000000000007ef83;
f75: 0000000000000000;
f76: 0000000000000000;
f77: 0000000000000000;
f78: 1f153932560018ff;
f79: e38a5e67c01d696f;
f7a: ffc924fd887fadaa;
f7b: 9b0ac9656706390b;
f7c: 00000000000691a9;
f7d: 0000000000000000;
f7e: 0000000000000000;
f7f: 0000000000000000;
f80: 897a08374e0be421;
f81: 5e8b2074e1fc850d;
f82: 68a496b87c9be5a4;
f83: 080d2d797476bbcb;
f84: 0000000000079c04;
f85: 0000000000000000;
f86: 0000000000000000;
f87: 0000000000000000;
f88: 271ae0c6a86b0ac9;
f89: 7e291fdb7ce9a86d;
f8a: 9904a37b3d13f1a3;
f8b: 938fd80aec8d384c;
f8c: 0000000000077f9b;
f8d: 0000000000000000;
f8e: 0000000000000000;
f8f: 0000000000000000;
f90: fa0450121323d6d0;
f91: 4ec0c4787a3a012e;
f92: 4453f43d2352c9df;
f93: 93929c9a7d7f3b68;
f94: 0000000000076b59;
f95: 0000000000000000;
f96: 0000000000000000;
f97: 0000000000000000;
f98: 50190df65302f631;
f99: 61299add1e5ee06e;
f9a: 3c939ad4b52f55c7;
f9b: 8106f40ce0023be0;
f9c: 00000000000706fa;
f9d: 0000000000000000;
f9e: 0000000000000000;
f9f: 0000000000000000;
fa0: 0ae211faebd9eab7;
fa1: 7c8c1c38bfb6c0ce;
fa2: 4ecd9099220cb5ac;
fa3: fcfa9569e9d5b79f;
fa4: 000000000007390c;
fa5: 0000000000000000;
fa6: 0000000000000000;
fa7: 0000000000000000;
fa8: 00e949d6f61a101f;
fa9: 1ff8884bbbec9f2e;
faa: 81d7b33c8067dddd;
fab: fe15e30ce1f338a4;
fac: 0000000000071abb;
fad: 0000000000000000;
fae: 0000000000000000;
faf: 0000000000000000;
fb0: 0103fc693304a709;
fb1: 652c40bdcf54b98e;
fb2: bab0a7ac5050bdbe;
fb3: b96d64c8195cbb83;
fb4: 0000000000069de2;
fb5: 0000000000000000;
fb6: 0000000000000000;
fb7: 0000000000000000;
fb8: 5ae9ecabdcc5e431;
fb9: 3f9f57409d7e802e;
fba: 03a0689958d2b1e2;
fbb: 531f7e9782fcb4a9;
fbc: 00000000000778e5;
fbd: 0000000000000000;
fbe: 0000000000000000;
fbf: 0000000000000000;
fc0: 1e4cf4ea08162eff;
fc1: f7e8bf7f68805b0e;
fc2: 5f88da6f701001de;
fc3: 73a9e5048c5dbad4;
fc4: 00000000000729f7;
fc5: 0000000000000000;
fc6: 0000000000000000;
fc7: 0000000000000000;
fc8: fe24b7f52413e803;
fc9: bb47a481fc0017ae;
fca: 344f16344080bdc8;
fcb: 6dcbcc7c3289b864;
fcc: 000000000007026c;
fcd: 0000000000000000;
fce: 0000000000000000;
fcf: 0000000000000000;
fd0: 00ed20d84e3623c4;
fd1: 3b80bf46dceb7aae;
fd2: e7371d1ab7f82dc0;
fd3: 72a3ae9082163abc;
fd4: 0000000000070600;
fd5: 0000000000000000;
fd6: 0000000000000000;
fd7: 0000000000000000;
fd8: 4a15294df30d0a0a;
fd9: 3ed5c4356122c34e;
fda: 230c04ec670fadc2;
fdb: 89cc1201f39bb91d;
fdc: 0000000000076ca2;
fdd: 0000000000000000;
fde: 0000000000000000;
fdf: 0000000000000000;
fe0: ef27ceae0055110c;
fe1: 7c20a95d86c1256e;
fe2: 83e9e75790bc11da;
fe3: dda87190ddd83401;
fe4: 000000000006871e;
fe5: 0000000000000000;
fe6: 0000000000000000;
fe7: 0000000000000000;
fe8: fa1cdff508f84009;
fe9: 2347c50ce934faef;
fea: e11ef3f0a08d01c7;
feb: 8c4e5c9624b9bbd8;
fec: 000000000007746a;
fed: 0000000000000000;
fee: 0000000000000000;
fef: 0000000000000000;
ff0: c9f61eb7422800cb;
ff1: e32f9eea7c5a3dee;
ff2: b3af34a257ec45de;
ff3: 7e162ca06c32b8a3;
ff4: 0000000000071d71;
ff5: 0000000000000000;
ff6: 0000000000000000;
ff7: 0000000000000000;
ff8: 791ffbc2ebf834fd;
ff9: 3e85a355e6003eee;
ffa: ffd29c641b8791c4;
ffb: 8968e07ffc0ab8ab;
ffc: 0000000000077982;
ffd: 0000000000000000;
ffe: 0000000000000000;
fff: 0000000000000000;
1000: 06c9b5fab8cb48cb;
1001: d55e3c90a95fa06d;
1002: defcf007b36435a5;
1003: ff15ea9c63523a88;
1004: 0000000000071402;
1005: 0000000000000000;
1006: 0000000000000000;
1007: 0000000000000000;
1008: e0dc2ab28e243168;
1009: 1e82a28f0175014d;
100a: 2c8b85940fe7fdc8;
100b: 1ceb1405b117b834;
100c: 000000000007677e;
100d: 0000000000000000;
100e: 0000000000000000;
100f: 0000000000000000;
1010: e8f2e9f7354bf8bd;
1011: bba5eec4606d1d4e;
1012: 20da6e9f6d1895df;
1013: 9af3538d1bf33b80;
1014: 0000000000072678;
1015: 0000000000000000;
1016: 0000000000000000;
1017: 0000000000000000;
1018: 345202df0b17e6d4;
1019: 1b0860055d67c08e;
101a: bb082d40103b2dc3;
101b: ec89e38a9609b93c;
101c: 00000000000769df;
101d: 0000000000000000;
101e: 0000000000000000;
101f: 0000000000000000;
1020: e661ee273ceb44f4;
1021: de894629519c7e4e;
1022: 7c0ccbafad33ddc5;
1023: 380c8e827b8238db;
1024: 0000000000076f1b;
1025: 0000000000000000;
1026: 0000000000000000;
1027: 0000000000000000;
1028: f5e04e37440f653a;
1029: 05c22d7e3bb6deee;
102a: e34b6ac78bb3e5c7;
102b: 89b9dc857000bb43;
102c: 0000000000076973;
102d: 0000000000000000;
102e: 0000000000000000;
102f: 0000000000000000;
1030: cefc4cd41cb8f225;
1031: a651a41a644d7dae;
1032: 0beaa888d2c0ddce;
1033: 6e0c2353b0d534f6;
1034: 0000000000076a16;
1035: 0000000000000000;
1036: 0000000000000000;
1037: 0000000000000000;
1038: f0fdd9def5cc9bcf;
1039: e50063fb2883c9ae;
103a: c3e7837ad2eff1db;
103b: 7f01d0fc08fd3b1f;
103c: 0000000000071e16;
103d: 0000000000000000;
103e: 0000000000000000;
103f: 0000000000000000;
1040: aa64b8e40b48dfbe;
1041: a3889982d9beb20d;
1042: 6d5f6c243cbc05c4;
1043: 2d0ffadf81093b1f;
1044: 0000000000073f89;
1045: 0000000000000000;
1046: 0000000000000000;
1047: 0000000000000000;
1048: d7f22d450d0c220d;
1049: 7efe41e135bf57af;
104a: a786e7cf041c79c5;
104b: 01042202018abbdb;
104c: 0000000000078480;
104d: 0000000000000000;
104e: 0000000000000000;
104f: 0000000000000000;
1050: 89ea47cfcaa42c60;
1051: 2db6c3845aadb96e;
1052: b75f2b04d00f9ddc;
1053: f6002d021d853bd2;
1054: 0000000000074ba6;
1055: 0000000000000000;
1056: 0000000000000000;
1057: 0000000000000000;
1058: 45d7c70067e3d2d4;
1059: 649c44f307ce26ee;
105a: bf032f9b1f6375d4;
105b: 10a5c87f196cb82f;
105c: 0000000000068bbe;
105d: 0000000000000000;
105e: 0000000000000000;
105f: 0000000000000000;
1060: e43cb9c6e0dc1cd0;
1061: 640a5f0768a01c2e;
1062: 15b09b00a19079df;
1063: 3a7cfdddfd86b54f;
1064: 00000000000723a6;
1065: 0000000000000000;
1066: 0000000000000000;
1067: 0000000000000000;
1068: ccfa500d123ff51f;
1069: 84a01b7bb29d66ae;
106a: 0c335022a7f869c0;
106b: 82120c4d9703b850;
106c: 0000000000076e12;
106d: 0000000000000000;
106e: 0000000000000000;
106f: 0000000000000000;
1070: cab4398adf12eae2;
1071: 60a2dffa22c219ee;
1072: f69c88afd35725d4;
1073: a06d36c676fb3466;
1074: 000000000006c634;
1075: 0000000000000000;
1076: 0000000000000000;
1077: 0000000000000000;
1078: ec6fdaf11ff5e62c;
1079: a52a4c9562b1ec8e;
107a: fcab1072572381b8;
107b: 050586e47efab987;
107c: 0000000000073083;
107d: 0000000000000000;
107e: 0000000000000000;
107f: 0000000000000000;
1080: fd32bbbec2eb16f6;
1081: 651c407dd6defe4e;
1082: eba74c3fd12149e2;
1083: 909ee1af0cf3bbd3;
1084: 0000000000077983;
1085: 0000000000000000;
1086: 0000000000000000;
1087: 0000000000000000;
1088: c100f6e866e41c1d;
1089: c2dd075f23de834e;
108a: 3d3fc624d47d35d7;
108b: 7cf8d58af580b748;
108c: 000000000007fa7d;
108d: 0000000000000000;
108e: 0000000000000000;
108f: 0000000000000000;
1090: 2d55f63227f2f728;
1091: cb9fffa2615dc7ae;
1092: 5047a05c17f845c8;
1093: 74231cf29aafbd84;
1094: 0000000000072309;
1095: 0000000000000000;
1096: 0000000000000000;
1097: 0000000000000000;
1098: abe63ed9b521fd4b;
1099: 0629c79e215f09ad;
109a: 037cc8742398e1c5;
109b: e87c4111e46a3ab4;
109c: 000000000006f787;
109d: 0000000000000000;
109e: 0000000000000000;
109f: 0000000000000000;
10a0: cbe4efeba7dc0c15;
10a1: 6a1dfde117ffdbce;
10a2: 454e1c66e1b999c0;
10a3: 757e5e950703b6b4;
10a4: 000000000007020b;
10a5: 0000000000000000;
10a6: 0000000000000000;
10a7: 0000000000000000;
10a8: 5edc0d958bc295a8;
10a9: b356781b7acdbecd;
10aa: a81402a34780adb7;
10ab: e4de909bfe6a3b83;
10ac: 0000000000077717;
10ad: 0000000000000000;
10ae: 0000000000000000;
10af: 0000000000000000;
10b0: 063f1151c020fc2a;
10b1: a9be80677cc13e6e;
10b2: 84bbe009193b81e2;
10b3: b583f901380c39e7;
10b4: 000000000006a070;
10b5: 0000000000000000;
10b6: 0000000000000000;
10b7: 0000000000000000;
10b8: 38ec2224f0f8e67f;
10b9: 4546eb547e5f434e;
10ba: 8279835918b301dc;
10bb: c62d88ea013937e9;
10bc: 000000000006cc50;
10bd: 0000000000000000;
10be: 0000000000000000;
10bf: 0000000000000000;
10c0: d9aa9fe4ade73adc;
10c1: e79d44a25dc4b62d;
10c2: f8aa1fc6b5a929de;
10c3: 8ef55a0265243713;
10c4: 000000000006fcd6;
10c5: 0000000000000000;
10c6: 0000000000000000;
10c7: 0000000000000000;
10c8: 5e0d06fd6575d6a2;
10c9: 3a2279b584bedfed;
10ca: 6b2fcf7eabf059c5;
10cb: 5c6ed5fcec603937;
10cc: 000000000007218c;
10cd: 0000000000000000;
10ce: 0000000000000000;
10cf: 0000000000000000;
10d0: 11440a09b012f40e;
10d1: 623ce1c0c3f7c58e;
10d2: 9d5fef486454d1c2;
10d3: 02f1b35b4f9cb897;
10d4: 000000000006f7f9;
10d5: 0000000000000000;
10d6: 0000000000000000;
10d7: 0000000000000000;
10d8: c75f521ff8030a50;
10d9: a7224e235e79b8ee;
10da: 7c081f8b694fe5b8;
10db: 1720163712853983;
10dc: 000000000006edcb;
10dd: 0000000000000000;
10de: 0000000000000000;
10df: 0000000000000000;
10e0: 3a2ffa1e8e0869e4;
10e1: 857f1ffd53c05e8d;
10e2: f46b6460c398a1e0;
10e3: 5f8283b702753b5a;
10e4: 0000000000077974;
10e5: 0000000000000000;
10e6: 0000000000000000;
10e7: 0000000000000000;
10e8: dcee00eb34ebbab7;
10e9: 23e2c326a899de8e;
10ea: 391e97272f7041d7;
10eb: 0279597976f2b829;
10ec: 000000000007eb86;
10ed: 0000000000000000;
10ee: 0000000000000000;
10ef: 0000000000000000;
10f0: 4b50924b6ce450e6;
10f1: 7bc83ee0fe1bde0d;
10f2: 749414333778d9ff;
10f3: e6a03a6f2512b914;
10f4: 000000000007057c;
10f5: 0000000000000000;
10f6: 0000000000000000;
10f7: 0000000000000000;
10f8: 0ae117d92bf148c8;
10f9: a5dc27207a476e8e;
10fa: b4e0c7efaef45db0;
10fb: ff597ffee0af3836;
10fc: 000000000007746c;
10fd: 0000000000000000;
10fe: 0000000000000000;
10ff: 0000000000000000;
1100: 16060be8bedd1a0b;
1101: 04417bdfd7e1ffae;
1102: d8c7f79d281745c4;
1103: 0769f9b9f771bb1b;
1104: 000000000007f2f4;
1105: 0000000000000000;
1106: 0000000000000000;
1107: 0000000000000000;
1108: 580b1fe4c2a0d405;
1109: fac71ce92537966e;
110a: 1c8fa22e58c0edd8;
110b: 54e107ee100534ab;
110c: 000000000007700e;
110d: 0000000000000000;
110e: 0000000000000000;
110f: 0000000000000000;
1110: faf4ff28d32700a2;
1111: 384ae3c2f9fddfee;
1112: 0ffb906444f2f9c6;
1113: a80ce9739a1cb880;
1114: 00000000000715e6;
1115: 0000000000000000;
1116: 0000000000000000;
1117: 0000000000000000;
1118: 0221481dd5df4605;
1119: 6fc1b67a96a0a80e;
111a: 3cd950cc4bb3e5b6;
111b: 7a50d97eee99b8e4;
111c: 000000000007610e;
111d: 0000000000000000;
111e: 0000000000000000;
111f: 0000000000000000;
1120: 53271cc3b8ea004b;
1121: 6ce359bc17639ced;
1122: 949bdfbd309789dc;
1123: 10ff79a2d4ec3b2b;
1124: 0000000000070ec8;
1125: 0000000000000000;
1126: 0000000000000000;
1127: 0000000000000000;
1128: 5925bcc1fae956cc;
1129: 3f615a234cd8fc4e;
112a: efb0324350ab1dc0;
112b: d1ea43effa9f394b;
112c: 000000000007047f;
112d: 0000000000000000;
112e: 0000000000000000;
112f: 0000000000000000;
1130: 1214af21e41c0104;
1131: 53627c5ba09ae1cf;
1132: dde08b3eb08f8dc3;
1133: dece03d6eafcb8b0;
1134: 000000000006ac75;
1135: 0000000000000000;
1136: 0000000000000000;
1137: 0000000000000000;
1138: ca1d5d150003e303;
1139: 673701e1b9ad31ee;
113a: 03fd20d81c7785a7;
113b: bb54cb3f187c38a3;
113c: 000000000006dd55;
113d: 0000000000000000;
113e: 0000000000000000;
113f: 0000000000000000;
1140: c9a2a51369ce2c50;
1141: 7ebf16a3fea2bb2d;
1142: e31503d8292c8dff;
1143: 619f877bf2f73bdd;
1144: 0000000000072411;
1145: 0000000000000000;
1146: 0000000000000000;
1147: 0000000000000000;
1148: fbed2fee502724d7;
1149: 54bb5fdfe3fdfb0e;
114a: 094080bfffcbf5c5;
114b: e59f05f0075a38a7;
114c: 0000000000076a12;
114d: 0000000000000000;
114e: 0000000000000000;
114f: 0000000000000000;
1150: db39cdc117e5aee2;
1151: f3c07058e360c26e;
1152: 568f3f5fd51bc9c9;
1153: 18dda19089173b77;
1154: 0000000000076e7a;
1155: 0000000000000000;
1156: 0000000000000000;
1157: 0000000000000000;
1158: 9b694152450d6558;
1159: 5e9641a849bb640d;
115a: 0b5044d005a389d6;
115b: 62041d60625abbd0;
115c: 000000000006807d;
115d: 0000000000000000;
115e: 0000000000000000;
115f: 0000000000000000;
1160: 4904b10606ef5719;
1161: dab856ccc06635ae;
1162: 20acc994ff8789a5;
1163: 05aba097a81b3bd8;
1164: 0000000000070263;
1165: 0000000000000000;
1166: 0000000000000000;
1167: 0000000000000000;
1168: 22461322345049e8;
1169: 49e78e4af3a22c2e;
116a: ff20957fdb4421b8;
116b: 820fe70660593853;
116c: 0000000000075b90;
116d: 0000000000000000;
116e: 0000000000000000;
116f: 0000000000000000;
1170: c47018ce0a4ba976;
1171: e59dc44356b03f0e;
1172: b3cb5daf50742db8;
1173: 796f136a0eb23b27;
1174: 00000000000709b2;
1175: 0000000000000000;
1176: 0000000000000000;
1177: 0000000000000000;
1178: fd1f03cc26ca0d58;
1179: bd43fc0ba604a8ae;
117a: 2aa7ac40189341d6;
117b: 661b5e020014bb84;
117c: 000000000006f3dd;
117d: 0000000000000000;
117e: 0000000000000000;
117f: 0000000000000000;
1180: 32d9b09cc7dbe033;
1181: 4565c19496cc6ace;
1182: 905462fce0274da9;
1183: 07027a85ad6fbb37;
1184: 000000000006a0fe;
1185: 0000000000000000;
1186: 0000000000000000;
1187: 0000000000000000;
1188: 1f5dde49297260e0;
1189: cd812c80f7622a8e;
118a: bb85184c16dc51da;
118b: fe1a9bfe5fddbb7b;
118c: 0000000000071b8f;
118d: 0000000000000000;
118e: 0000000000000000;
118f: 0000000000000000;
1190: ab03eab90969a730;
1191: a1c39b18c8c4c70e;
1192: 482f0c52ec7f9dc1;
1193: 2507f176f329bbc8;
1194: 0000000000071d8c;
1195: 0000000000000000;
1196: 0000000000000000;
1197: 0000000000000000;
1198: ab2e10521dcc4f2e;
1199: 44f3431dcfc4fe8d;
119a: 3c4ff43295b025da;
119b: e7357487a9b53beb;
119c: 000000000006fb53;
119d: 0000000000000000;
119e: 0000000000000000;
119f: 0000000000000000;
11a0: e29835c30b350a25;
11a1: c32d3e3b754cde2e;
11a2: 7bd84b93f913ddbb;
11a3: dfd5f67ad802bbe9;
11a4: 000000000007058f;
11a5: 0000000000000000;
11a6: 0000000000000000;
11a7: 0000000000000000;
11a8: 0213fae9ed4cf90a;
11a9: 5ac0359be3a2834f;
11aa: 4884291824836dd8;
11ab: a1c4876a59153bc8;
11ac: 000000000006daa5;
11ad: 0000000000000000;
11ae: 0000000000000000;
11af: 0000000000000000;
11b0: 6b0c06d9dbd70a32;
11b1: 3ccc3cf97de122ee;
11b2: 731ee0afcbdfe9c0;
11b3: 86ee745d1289383e;
11b4: 00000000000769e6;
11b5: 0000000000000000;
11b6: 0000000000000000;
11b7: 0000000000000000;
11b8: de0f05b308190be6;
11b9: b47bff185294394e;
11ba: 8f6ba561104f9da9;
11bb: fb1c2cfb758c380f;
11bc: 0000000000077e11;
11bd: 0000000000000000;
11be: 0000000000000000;
11bf: 0000000000000000;
11c0: dd1c1595bf4f37bf;
11c1: 21ffb668833f50ae;
11c2: 38b46ff75fef55b7;
11c3: 1153631c761a3825;
11c4: 0000000000077a9d;
11c5: 0000000000000000;
11c6: 0000000000000000;
11c7: 0000000000000000;
11c8: 3e12f69aee10c912;
11c9: fa3499c4753d4c2e;
11ca: 7e7fdcd5df1f09b4;
11cb: 6c05747ce32eb537;
11cc: 0000000000070a99;
11cd: 0000000000000000;
11ce: 0000000000000000;
11cf: 0000000000000000;
11d0: 5b604ebb24f71e71;
11d1: aeff485d39f6b8ce;
11d2: 9f3220310d7f3ddd;
11d3: 39557b77ff19377b;
11d4: 0000000000069dee;
11d5: 0000000000000000;
11d6: 0000000000000000;
11d7: 0000000000000000;
11d8: 769ec30524f58aee;
11d9: 5d83a4c39bbdbfee;
11da: b2ac5359279fa9e8;
11db: 73917003fd273803;
11dc: 0000000000076504;
11dd: 0000000000000000;
11de: 0000000000000000;
11df: 0000000000000000;
11e0: 0142efdde4fc09f5;
11e1: 9888823f454aa1ef;
11e2: b7375b2d01ceadd9;
11e3: 82e889256e21b7fb;
11e4: 0000000000076b6f;
11e5: 0000000000000000;
11e6: 0000000000000000;
11e7: 0000000000000000;
11e8: 81fd984106510098;
11e9: 6940801c249fde4d;
11ea: fb46ec67f80ffdd8;
11eb: 818e01fb07313b6f;
11ec: 0000000000072ef0;
11ed: 0000000000000000;
11ee: 0000000000000000;
11ef: 0000000000000000;
11f0: 4047d20de843061c;
11f1: ab87e73f08db1e6e;
11f2: de9c64697057edc8;
11f3: a1d1e67ce876bb93;
11f4: 0000000000069462;
11f5: 0000000000000000;
11f6: 0000000000000000;
11f7: 0000000000000000;
11f8: 03b61e010713fd06;
11f9: 3e9d3e7da0dc166f;
11fa: 855f7be073d861ca;
11fb: e6309e2212b93812;
11fc: 000000000006cfee;
11fd: 0000000000000000;
11fe: 0000000000000000;
11ff: 0000000000000000;
1200: f6fd1ea8f400ef1b;
1201: fd9ee83fdf64032f;
1202: 3eeca0a017d30dc1;
1203: 460775775a583884;
1204: 000000000006eaad;
1205: 0000000000000000;
1206: 0000000000000000;
1207: 0000000000000000;
1208: 0f00fd1c8d66eb29;
1209: 61bf5d592309fb2e;
120a: 1e375427f03c0dfd;
120b: 696f9e079ae13830;
120c: 0000000000075b80;
120d: 0000000000000000;
120e: 0000000000000000;
120f: 0000000000000000;
1210: d98c0ae1b08a9c69;
1211: 76619e3abe81c20d;
1212: 519ecc7c3f003de0;
1213: 8323d70cda6c3940;
1214: 0000000000076675;
1215: 0000000000000000;
1216: 0000000000000000;
1217: 0000000000000000;
1218: cfd2146fb8e658df;
1219: 14fda1d9a22134ad;
121a: ca5b0182d3a3d9c1;
121b: 13b9ef730a20b77b;
121c: 00000000000735b9;
121d: 0000000000000000;
121e: 0000000000000000;
121f: 0000000000000000;
1220: f9fd01c0e20fe40b;
1221: 4117055847873c2f;
1222: 8bbc6b9bdf839dc2;
1223: ec04dc15e566b93c;
1224: 0000000000071b1f;
1225: 0000000000000000;
1226: 0000000000000000;
1227: 0000000000000000;
1228: 349241dc063ed337;
1229: dbfa567800e4754d;
122a: 42a3a79420efd9df;
122b: 5d06018d05f9bb00;
122c: 000000000007f40d;
122d: 0000000000000000;
122e: 0000000000000000;
122f: 0000000000000000;
1230: f6a604d712b3ed44;
1231: e158f57b41bd7fae;
1232: 15a2eff4331b35df;
1233: 147c71aff76db868;
1234: 000000000007006c;
1235: 0000000000000000;
1236: 0000000000000000;
1237: 0000000000000000;
1238: 0cbbe368e1f7e6f5;
1239: 147f658c8a47d66f;
123a: 9b0864044bdc29aa;
123b: 3333f88285a7bacf;
123c: 000000000007079c;
123d: 0000000000000000;
123e: 0000000000000000;
123f: 0000000000000000;
1240: 11351306f5f195fc;
1241: ff00beff0ac1e0ce;
1242: 6ebc00347407cdc7;
1243: 029304a1f834bb98;
1244: 0000000000070e87;
1245: 0000000000000000;
1246: 0000000000000000;
1247: 0000000000000000;
1248: d9ac0f1a18d608b7;
1249: 1873da5e07e05bee;
124a: ef6a5b871c30c1c6;
124b: 0377edfe24793b1c;
124c: 0000000000076afa;
124d: 0000000000000000;
124e: 0000000000000000;
124f: 0000000000000000;
1250: 06b8ee09f7390960;
1251: 3f1e13c03d3e5a2e;
1252: 36c3a760c71385c5;
1253: fe1adf9af4fdb9b5;
1254: 00000000000782ed;
1255: 0000000000000000;
1256: 0000000000000000;
1257: 0000000000000000;
1258: 04b61e11f22822ce;
1259: 7fe593c54780b38f;
125a: 2fb360c132a01dc9;
125b: a4a40a7816173ba7;
125c: 0000000000070aff;
125d: 0000000000000000;
125e: 0000000000000000;
125f: 0000000000000000;
1260: 24d61c2509357644;
1261: 9a41f62126909c44;
1262: 4809f424d2267084;
1263: 1684849a45ae9093;
1264: 0000000000021269;
1265: 0000000000000000;
1266: 0000000000000000;
1267: 8000000000000000;
1268: 24d2235109348305;
1269: 9a4278a126911044;
126a: 485dc424d61c4884;
126b: 129c849ac2129093;
126c: 0000000000021269;
126d: 0000000000000000;
126e: 0000000000000000;
126f: 8000000000000000;
1270: 38390a76060cbd42;
1271: da6abb0260dc798e;
1272: 58038004b1276dc2;
1273: ee73ef637c5f3be0;
1274: 00000000000773f4;
1275: 0000000000000000;
1276: 0000000000000000;
1277: 0000000000000000;
1278: 0202e166cf47bf86;
1279: e37ffea06017422d;
127a: fed32b765c4751e0;
127b: 8bf7a7867ffcb8a7;
127c: 000000000007fe79;
127d: 0000000000000000;
127e: 0000000000000000;
127f: 0000000000000000;
1280: ba3e9addf1f9140c;
1281: 00d2ffde1fc37cad;
1282: f71be43b0c0f51dd;
1283: ec0b83ef3550bb96;
1284: 0000000000075081;
1285: 0000000000000000;
1286: 0000000000000000;
1287: 0000000000000000;
1288: 1aeae513ff413bd8;
1289: c5adf9339fb73fee;
128a: 5893e16888cfedc2;
128b: 722ea0700715baf3;
128c: 0000000000070287;
128d: 0000000000000000;
128e: 0000000000000000;
128f: 0000000000000000;
1290: f520de3305ba1f09;
1291: d8e9a0a05b4554ce;
1292: 1013f03c9f8471c3;
1293: 1e59e27ad5f2bb15;
1294: 000000000006df6e;
1295: 0000000000000000;
1296: 0000000000000000;
1297: 0000000000000000;
1298: d1fddf410453dd9f;
1299: 1ffd175924f31fee;
129a: c3e7e0230caac1d9;
129b: ec77a10fc50a3b88;
129c: 0000000000070e24;
129d: 0000000000000000;
129e: 0000000000000000;
129f: 0000000000000000;
12a0: 0401b7c4260e2835;
12a1: fc342645ff4548ae;
12a2: 22703847d7fed1c2;
12a3: 8568a6f586f5bb3c;
12a4: 000000000007ed00;
12a5: 0000000000000000;
12a6: 0000000000000000;
12a7: 0000000000000000;
12a8: f2f92b50f067ebc5;
12a9: 822a09c09c95694d;
12aa: 2be488fcfcf401b3;
12ab: 7f2e95f67ef1b684;
12ac: 0000000000070124;
12ad: 0000000000000000;
12ae: 0000000000000000;
12af: 0000000000000000;
12b0: ddbcd3e1f5e3fce0;
12b1: 04843c3a363e366e;
12b2: 073a8bf047f071c3;
12b3: 2b606f7efc103b73;
12b4: 0000000000072013;
12b5: 0000000000000000;
12b6: 0000000000000000;
12b7: 0000000000000000;
12b8: 00fedf1eec52338e;
12b9: 83e4801d9f54e12e;
12ba: 37776b6c040291e2;
12bb: 8f7d0f0ddcf53860;
12bc: 0000000000078083;
12bd: 0000000000000000;
12be: 0000000000000000;
12bf: 0000000000000000;
12c0: e8f284192a3861d2;
12c1: 8213372554627a0e;
12c2: b8204c1ec41b5db5;
12c3: 6de8c1f51c0d3b4b;
12c4: 0000000000076a08;
12c5: 0000000000000000;
12c6: 0000000000000000;
12c7: 0000000000000000;
12c8: c913e6f80f46a5d5;
12c9: 8762a7997d15d56e;
12ca: 1c1cb0210f8015d9;
12cb: 092b1592b8a4bb23;
12cc: 000000000006afb1;
12cd: 0000000000000000;
12ce: 0000000000000000;
12cf: 0000000000000000;
12d0: d9ddc1560005ecec;
12d1: e040f7dd9bbfbcce;
12d2: 3fd84c23d766fdd6;
12d3: 7ffdf6e07a8abc0c;
12d4: 0000000000071612;
12d5: 0000000000000000;
12d6: 0000000000000000;
12d7: 0000000000000000;
12d8: 6884041f7094b3db;
12d9: 81de1b69c99dc88d;
12da: 1f881ca7e31899da;
12db: 0fed00860da2b895;
12dc: 00000000000715e4;
12dd: 0000000000000000;
12de: 0000000000000000;
12df: 0000000000000000;
12e0: ed041a14d0583fbf;
12e1: b3fdbbae9272c60e;
12e2: 70ed90482c7481bd;
12e3: 860611078adeb4e6;
12e4: 000000000007f686;
12e5: 0000000000000000;
12e6: 0000000000000000;
12e7: 0000000000000000;
12e8: eea5e94d09ce2937;
12e9: 42a497f9ffbc41cc;
12ea: 794084b4551445ca;
12eb: 900274fee17e3be0;
12ec: 000000000007cf90;
12ed: 0000000000000000;
12ee: 0000000000000000;
12ef: 0000000000000000;
12f0: b5d81b466bbf48d1;
12f1: 01ba3bdc5d247d6d;
12f2: 26e4b00cbb13f5d6;
12f3: 8aa3dcd00f7eb8cd;
12f4: 0000000000071d99;
12f5: 0000000000000000;
12f6: 0000000000000000;
12f7: 0000000000000000;
12f8: c3da18171e11aae0;
12f9: 82b87f3fa71d840e;
12fa: 1fb8a8cb791029d1;
12fb: 826ad8987ca63bf1;
12fc: 0000000000071912;
12fd: 0000000000000000;
12fe: 0000000000000000;
12ff: 0000000000000000;
1300: 1629db2902f543aa;
1301: 5ebe660883e783ee;
1302: 07c81c606fe6fdc0;
1303: 81f6a57ef4f8bfe0;
1304: 000000000007f0fb;
1305: 0000000000000000;
1306: 0000000000000000;
1307: 0000000000000000;
1308: bed2321533e23b16;
1309: 261b985fdc6b180e;
130a: d023e4642f888dc9;
130b: fefc71f5db77bbf1;
130c: 000000000007da91;
130d: 0000000000000000;
130e: 0000000000000000;
130f: 0000000000000000;
1310: b2aef7f62d2dd9eb;
1311: 49829c5af659fe6e;
1312: 53a0812380dfc9d9;
1313: 110909d083ea3aaf;
1314: 0000000000070978;
1315: 0000000000000000;
1316: 0000000000000000;
1317: 0000000000000000;
1318: 21e82f4fb710fe1d;
1319: ba023c283a1a6d6d;
131a: cbf2a3ab890021be;
131b: 979cd88f19193894;
131c: 000000000006945e;
131d: 0000000000000000;
131e: 0000000000000000;
131f: 0000000000000000;
1320: c319e7f1231a4d96;
1321: febfc506be4fc36e;
1322: 17b916bab06ea5c5;
1323: 057a78e500df3818;
1324: 0000000000074b0d;
1325: 0000000000000000;
1326: 0000000000000000;
1327: 0000000000000000;
1328: a31f1f224719f11e;
1329: ba57f056d7ad170e;
132a: 94e802afbef809ae;
132b: ff7af986f185344f;
132c: 000000000007dd0b;
132d: 0000000000000000;
132e: 0000000000000000;
132f: 0000000000000000;
1330: f6c6064ecdeaa9fc;
1331: fc80704b3a3a69ae;
1332: d74faf8a434f39da;
1333: 642c1802fa1b386c;
1334: 0000000000077287;
1335: 0000000000000000;
1336: 0000000000000000;
1337: 0000000000000000;
1338: db28e7012c199d26;
1339: 0003ea636b5e47ee;
133a: df9fdbb3ad2555de;
133b: 1876fb7f882238fc;
133c: 0000000000076c70;
133d: 0000000000000000;
133e: 0000000000000000;
133f: 0000000000000000;
1340: c4151019e0443946;
1341: 38dedbd49d20bf4e;
1342: 5ee840a77ac575d3;
1343: fcf1a40287853558;
1344: 0000000000078078;
1345: 0000000000000000;
1346: 0000000000000000;
1347: 0000000000000000;
1348: cf1326c7e7a9c216;
1349: 88c07584a4f5648e;
134a: 3d73a090f794b9ce;
134b: 1d1153a06081b43f;
134c: 000000000007618c;
134d: 0000000000000000;
134e: 0000000000000000;
134f: 0000000000000000;
1350: 1fa81de7ced2c61e;
1351: 20593722c1de464e;
1352: f87ff43f35bfedd5;
1353: e8a100851415b540;
1354: 000000000007938a;
1355: 0000000000000000;
1356: 0000000000000000;
1357: 0000000000000000;
1358: 8a45fc5afc43c339;
1359: 82a1cae846e981ad;
135a: d8ffbc63eda849dd;
135b: f1525e28cc7b38d3;
135c: 0000000000075990;
135d: 0000000000000000;
135e: 0000000000000000;
135f: 0000000000000000;
1360: c7322205f9524eef;
1361: 6472c073834d406e;
1362: 0f306b37f73d59ba;
1363: f26ba0e703673800;
1364: 000000000007756e;
1365: 0000000000000000;
1366: 0000000000000000;
1367: 0000000000000000;
1368: fa1148001cf80728;
1369: 225a35382579fdee;
136a: 0be41c4347ec35c7;
136b: 2d07816bdc74b96d;
136c: 0000000000070e7d;
136d: 0000000000000000;
136e: 0000000000000000;
136f: 0000000000000000;
1370: f4b411fcfabcef22;
1371: 01dab20077d4870e;
1372: cbdd6d02b8c385c3;
1373: f1161f807902bb4c;
1374: 000000000006df14;
1375: 0000000000000000;
1376: 0000000000000000;
1377: 0000000000000000;
1378: d3254b29f63ff87a;
1379: 3dc52a085a6a482d;
137a: 77af97ef8c97fdc3;
137b: 87b7fd82fb183d40;
137c: 000000000007797b;
137d: 0000000000000000;
137e: 0000000000000000;
137f: 0000000000000000;
1380: a02f0fdcfc4951dd;
1381: 635ca37f20c9032e;
1382: 676beb986f0f75e3;
1383: 6a771b4727fa3aec;
1384: 00000000000770ef;
1385: 0000000000000000;
1386: 0000000000000000;
1387: 0000000000000000;
1388: fd3162c611fb4d5b;
1389: de3af801a2fa3b2e;
138a: 144c93d78a9c65df;
138b: 9006078fdb9d38ec;
138c: 000000000007067b;
138d: 0000000000000000;
138e: 0000000000000000;
138f: 0000000000000000;
1390: d3e27aa6db7fc92d;
1391: 9b7a387622ad324d;
1392: e24490cd23f535bc;
1393: 121f67f821873752;
1394: 0000000000077dd2;
1395: 0000000000000000;
1396: 0000000000000000;
1397: 0000000000000000;
1398: e536af0fc8d824f8;
1399: dac63edce1bcf92e;
139a: c817535f036c05c8;
139b: 8ad904e503853c9b;
139c: 0000000000075768;
139d: 0000000000000000;
139e: 0000000000000000;
139f: 0000000000000000;
13a0: cd4a2d0a6bfee335;
13a1: 82ff5ddcdc1bdd0e;
13a2: baf04757a4bb71d6;
13a3: 6d902c771f893ba7;
13a4: 000000000007f584;
13a5: 0000000000000000;
13a6: 0000000000000000;
13a7: 0000000000000000;
13a8: d8100be5c04b7038;
13a9: 3e3f043685d85bae;
13aa: e10db00694742dc2;
13ab: 748192d68187b807;
13ac: 00000000000774f0;
13ad: 0000000000000000;
13ae: 0000000000000000;
13af: 0000000000000000;
13b0: c9b9e61fae01f1ff;
13b1: 59c67de65ccb59ee;
13b2: 2f250c7c03e07ddd;
13b3: eff6ed5407d7bb95;
13b4: 0000000000077889;
13b5: 0000000000000000;
13b6: 0000000000000000;
13b7: 0000000000000000;
13b8: f8f8c51df29828df;
13b9: 5b62fcbc3d825e0e;
13ba: a901efb2bfac85e8;
13bb: 674cdbe07b0d3853;
13bc: 00000000000759f6;
13bd: 0000000000000000;
13be: 0000000000000000;
13bf: 0000000000000000;
13c0: 1b410cdb2586463c;
13c1: ffa1ddba79193ecd;
13c2: f3dbdaeb93cfa9c9;
13c3: 2a8ff3f8a7133c63;
13c4: 0000000000077868;
13c5: 0000000000000000;
13c6: 0000000000000000;
13c7: 0000000000000000;
13c8: 20e7e1c71f2a3e51;
13c9: 416285dee377fbee;
13ca: 4983fbc2f06ff1c4;
13cb: 59cf52587721bbe0;
13cc: 0000000000068e60;
13cd: 0000000000000000;
13ce: 0000000000000000;
13cf: 0000000000000000;
13d0: 81b3f2b04c20e6d7;
13d1: 773926211e003a8e;
13d2: 73d03e9c17b829c3;
13d3: 6d819fdb6a933b0b;
13d4: 0000000000077c77;
13d5: 0000000000000000;
13d6: 0000000000000000;
13d7: 0000000000000000;
13d8: bb06ee5856bdafb1;
13d9: e2223a9605e1424d;
13da: 4b3a9d87bb2badc3;
13db: 87da7c687e7fbba8;
13dc: 000000000007f401;
13dd: 0000000000000000;
13de: 0000000000000000;
13df: 0000000000000000;
13e0: e0c493252dae3c7c;
13e1: 57855535f53926ed;
13e2: d45c5df772b30da1;
13e3: 79a8808612f5b72b;
13e4: 000000000007f4f2;
13e5: 0000000000000000;
13e6: 0000000000000000;
13e7: 0000000000000000;
13e8: 0510ee07fbbcf5de;
13e9: 0004fa035c825ced;
13ea: 293117c61c8c99c9;
13eb: 6771e256f0893b30;
13ec: 0000000000071293;
13ed: 0000000000000000;
13ee: 0000000000000000;
13ef: 0000000000000000;
13f0: 16330c1eec0a9bdb;
13f1: fd63e422f763a64e;
13f2: 57e3a69f97840ddd;
13f3: f6860b4c57a0384c;
13f4: 0000000000071dfa;
13f5: 0000000000000000;
13f6: 0000000000000000;
13f7: 0000000000000000;
13f8: f81e9814dcd515e5;
13f9: 9fb573ac741a0e2e;
13fa: 7bd346bf507bb9a9;
13fb: 947e055475efb8fc;
13fc: 00000000000762dc;
13fd: 0000000000000000;
13fe: 0000000000000000;
13ff: 0000000000000000;
1400: cdd7103f67093eeb;
1401: 386a20d9913e798e;
1402: 807e7f1763cbe9b3;
1403: 5b9599ea768538d8;
1404: 000000000007e58c;
1405: 0000000000000000;
1406: 0000000000000000;
1407: 0000000000000000;
1408: b7dae6e51af54c09;
1409: 195b0206cc5c5fce;
140a: 5f88df32ec2c2dc0;
140b: 7be66dc37d3bbb7b;
140c: 0000000000069117;
140d: 0000000000000000;
140e: 0000000000000000;
140f: 0000000000000000;
1410: 1b13defcc8edd6a8;
1411: 7c8f881fb569c44e;
1412: bb3f1c56331735d7;
1413: 89967b5bffe9b7c4;
1414: 0000000000071a01;
1415: 0000000000000000;
1416: 0000000000000000;
1417: 0000000000000000;
1418: f71d0cc1f9e305a3;
1419: 5f021867f71f87ee;
141a: 48c947bb6620e9c1;
141b: 701d854103edb778;
141c: 000000000006d9cd;
141d: 0000000000000000;
141e: 0000000000000000;
141f: 0000000000000000;
1420: e3d8d3ddbec435f9;
1421: fcc4046bb18da54e;
1422: dc4e6e8f98b075aa;
1423: a1e2946471f5b874;
1424: 000000000007718a;
1425: 0000000000000000;
1426: 0000000000000000;
1427: 0000000000000000;
1428: 93eeb3b034d81fe2;
1429: 5e85a4c662e194ae;
142a: bca03ffb7587f9da;
142b: 7d5b8fc65bba3bec;
142c: 0000000000060ffa;
142d: 0000000000000000;
142e: 0000000000000000;
142f: 0000000000000000;
1430: 0ae516f053ff46f9;
1431: 41a04bbcd9bc41ce;
1432: 6557f64737f4f9dc;
1433: 0c8875caf031b6e3;
1434: 0000000000071012;
1435: 0000000000000000;
1436: 0000000000000000;
1437: 0000000000000000;
1438: 054bfdd114eed5b2;
1439: 84de126037fb3f2e;
143a: 00428c069c0f29c0;
143b: 9d8e6fdee6073810;
143c: 000000000007036b;
143d: 0000000000000000;
143e: 0000000000000000;
143f: 0000000000000000;
1440: cc22b9f0d1da2925;
1441: bca409f37caa42ae;
1442: b5abb8f3bc581dda;
1443: 2ddfdaea7360bb43;
1444: 0000000000075a0e;
1445: 0000000000000000;
1446: 0000000000000000;
1447: 0000000000000000;
1448: b35013ed1cee47d2;
1449: 42038366e3251eee;
144a: 88b8cfd254ce1dc8;
144b: f8cf72618492b570;
144c: 000000000006a812;
144d: 0000000000000000;
144e: 0000000000000000;
144f: 0000000000000000;
1450: 61d10c34550290fb;
1451: 4a897bab227c89ad;
1452: 53cfbf0abb6719b0;
1453: fd8018ee5214b901;
1454: 0000000000072ea1;
1455: 0000000000000000;
1456: 0000000000000000;
1457: 0000000000000000;
1458: 1dd7fc50cd32e0f3;
1459: c556815cbc5bbf2e;
145a: 074b9c33673345c0;
145b: 9f8d2d71127f3af4;
145c: 000000000007120d;
145d: 0000000000000000;
145e: 0000000000000000;
145f: 0000000000000000;
1460: 57bd221519491b04;
1461: 932741b4d3e0046e;
1462: d1a3d7c207e381b5;
1463: 900ad7e76a78bbc4;
1464: 00000000000773fc;
1465: 0000000000000000;
1466: 0000000000000000;
1467: 0000000000000000;
1468: f9113153f00eef48;
1469: 32757dfb238d06ce;
146a: c3a09802afd459b5;
146b: 817be25b90003be3;
146c: 0000000000071661;
146d: 0000000000000000;
146e: 0000000000000000;
146f: 0000000000000000;
1470: 39fae3c2fbdbea81;
1471: 62cd1f25b3a8c30e;
1472: 37d8b7bf026301d6;
1473: 288beffcd04538a0;
1474: 0000000000070bab;
1475: 0000000000000000;
1476: 0000000000000000;
1477: 0000000000000000;
1478: 3cd35823ade7f80b;
1479: 255d02fbc1a217ce;
147a: 288fc88742acc9dc;
147b: 2069a170786c3874;
147c: 000000000007fb8c;
147d: 0000000000000000;
147e: 0000000000000000;
147f: 0000000000000000;
1480: 2fd6bfc9781f05d3;
1481: 9b9c9e81d7c182ce;
1482: 596f902e50ebc5ff;
1483: a15719f06884b829;
1484: 0000000000070509;
1485: 0000000000000000;
1486: 0000000000000000;
1487: 0000000000000000;
1488: feb9fec533f30b07;
1489: 1fd7a7e4fe7fdeee;
148a: b52fa8009081ddb3;
148b: 6350c1deafcc3433;
148c: 0000000000069143;
148d: 0000000000000000;
148e: 0000000000000000;
148f: 0000000000000000;
1490: 75e73ccc72ae2f1e;
1491: 61ac7ec1fd58ffcd;
1492: acdbc7e2d6cf59da;
1493: 8df3e2f1f1df3b37;
1494: 000000000007217a;
1495: 0000000000000000;
1496: 0000000000000000;
1497: 0000000000000000;
1498: 4b4502edd5efeb19;
1499: e7de1d7f179ddfae;
149a: b0b3ac7c6237e1df;
149b: 0f6476d452703798;
149c: 000000000007127a;
149d: 0000000000000000;
149e: 0000000000000000;
149f: 0000000000000000;
14a0: 284f98a7cc0263bd;
14a1: 70c340600140dfad;
14a2: 70534c32d80031bc;
14a3: 29007e70e2e8b84a;
14a4: 000000000007579f;
14a5: 0000000000000000;
14a6: 0000000000000000;
14a7: 0000000000000000;
14a8: 19d00b15c9ac0279;
14a9: fd56dd0a7f87e82d;
14aa: 3ad50bfb533555bb;
14ab: 5692fede819eb7f9;
14ac: 000000000006d560;
14ad: 0000000000000000;
14ae: 0000000000000000;
14af: 0000000000000000;
14b0: 4b930fc746d1ba23;
14b1: 16ba358b79ff234d;
14b2: e3dfdc5739b775a0;
14b3: f698ff826a753873;
14b4: 000000000007075c;
14b5: 0000000000000000;
14b6: 0000000000000000;
14b7: 0000000000000000;
14b8: d2fbd3b5eb1265ef;
14b9: f8530029383fe20e;
14ba: dd306bed52b399ca;
14bb: 240612f2f216b4f2;
14bc: 0000000000074a0a;
14bd: 0000000000000000;
14be: 0000000000000000;
14bf: 0000000000000000;
14c0: 0f0b25a746104893;
14c1: 231dc4fbb697c0ce;
14c2: 707ec020704461db;
14c3: 17e76c00a40e3b87;
14c4: 0000000000077e7e;
14c5: 0000000000000000;
14c6: 0000000000000000;
14c7: 0000000000000000;
14c8: edf2da2ff64332dd;
14c9: a5665cdc8035db8e;
14ca: 8060830bcc7485c0;
14cb: bc9ce915e7f7bae9;
14cc: 0000000000077d17;
14cd: 0000000000000000;
14ce: 0000000000000000;
14cf: 0000000000000000;
14d0: 02bc020806f7d010;
14d1: 88f98006167c3f4f;
14d2: 54ecb7845d089dc6;
14d3: 730280fa085db830;
14d4: 0000000000071609;
14d5: 0000000000000000;
14d6: 0000000000000000;
14d7: 0000000000000000;
14d8: 2ff71985d3550e3a;
14d9: 1b77d9b61d025dce;
14da: eff0cb1b197439c9;
14db: e850ff15087e3afe;
14dc: 00000000000717f6;
14dd: 0000000000000000;
14de: 0000000000000000;
14df: 0000000000000000;
14e0: 4cfb0fc4d7f76ef9;
14e1: c2be691cbc20426e;
14e2: 041f42c867f7c1ff;
14e3: 94ff809332cfb938;
14e4: 00000000000720f8;
14e5: 0000000000000000;
14e6: 0000000000000000;
14e7: 0000000000000000;
14e8: 22eb1ed5e52767b7;
14e9: 4a0901a4b390d9cd;
14ea: 57ba57ec2fab15b4;
14eb: 2e7d09116be538bc;
14ec: 0000000000070c14;
14ed: 0000000000000000;
14ee: 0000000000000000;
14ef: 0000000000000000;
14f0: f6e5c911ed1dbf1d;
14f1: c197df00d8417e6e;
14f2: 83e2e0cb3de03de0;
14f3: e66e6ff30cdbb958;
14f4: 00000000000759fe;
14f5: 0000000000000000;
14f6: 0000000000000000;
14f7: 0000000000000000;
14f8: 2641e95508465ceb;
14f9: 98bae5b09823202e;
14fa: 24c86ef6a3d955c9;
14fb: 00dd85ff7530bb88;
14fc: 0000000000072b8d;
14fd: 0000000000000000;
14fe: 0000000000000000;
14ff: 0000000000000000;
1500: f4e73ea2e2237207;
1501: 271aaa817703454d;
1502: d4498b07fb77b5dc;
1503: 24f019d0adeab80b;
1504: 0000000000076772;
1505: 0000000000000000;
1506: 0000000000000000;
1507: 0000000000000000;
1508: bf23ddb4e1d8e710;
1509: 3b009f9fd7fe622e;
150a: 2b96aac4b3c761c6;
150b: e7819922f408bbf8;
150c: 000000000007116e;
150d: 0000000000000000;
150e: 0000000000000000;
150f: 0000000000000000;
1510: fe20a9b50757231b;
1511: c01edf5d8439ee2d;
1512: bb63afbfe02491d7;
1513: 6a100efc71a13816;
1514: 0000000000077178;
1515: 0000000000000000;
1516: 0000000000000000;
1517: 0000000000000000;
1518: 24f4c31af6be14e7;
1519: 15275ec522bf1dce;
151a: e6089e3d70be5dc3;
151b: 15821adceb7d346a;
151c: 000000000007761c;
151d: 0000000000000000;
151e: 0000000000000000;
151f: 0000000000000000;
1520: 4f25ced852a47ad1;
1521: d3235c01461988ed;
1522: 901c2488528d11a0;
1523: 8978805ffb733408;
1524: 0000000000077599;
1525: 0000000000000000;
1526: 0000000000000000;
1527: 0000000000000000;
1528: b9edcf05ff0216d8;
1529: 2302f8b3813a5f2f;
152a: 87c797af9d0b0dc3;
152b: 0a0046810b84bb68;
152c: 0000000000070e81;
152d: 0000000000000000;
152e: 0000000000000000;
152f: 0000000000000000;
1530: 25c2e53506fab538;
1531: aafd400463b9cc4e;
1532: a03fac34816855d3;
1533: fffa9d1c03b3b8c8;
1534: 0000000000071a28;
1535: 0000000000000000;
1536: 0000000000000000;
1537: 0000000000000000;
1538: 5c09084eb4f45ffa;
1539: 1ea67d3f5f096aee;
153a: d731941299407dc1;
153b: 16f2055ec9fbb82a;
153c: 0000000000076e86;
153d: 0000000000000000;
153e: 0000000000000000;
153f: 0000000000000000;
1540: 3d10c7fbd7cc264a;
1541: 7d35c759dda11e4e;
1542: 63eb6c604b3891d8;
1543: 881e616f247fb918;
1544: 0000000000071c3f;
1545: 0000000000000000;
1546: 0000000000000000;
1547: 0000000000000000;
1548: 82b9e1ed3f2916ca;
1549: 41282241fe385fae;
154a: eff3acbac4e759c2;
154b: 2b67c6678aa0385f;
154c: 000000000006896c;
154d: 0000000000000000;
154e: 0000000000000000;
154f: 0000000000000000;
1550: f40be6ed235bbe0c;
1551: ffdf4adb4356262e;
1552: a5355c2b7e84d9d9;
1553: 7d81df0b5f16347f;
1554: 000000000006f6bb;
1555: 0000000000000000;
1556: 0000000000000000;
1557: 0000000000000000;
1558: 0034fb3ab5181bd6;
1559: 79ed7ff65fe5a02e;
155a: bc88f03aec0055c4;
155b: 7e7e5debd97b3bcb;
155c: 0000000000071201;
155d: 0000000000000000;
155e: 0000000000000000;
155f: 0000000000000000;
1560: 42f901eb15d31e28;
1561: fcc69db5f81a18ce;
1562: 905c0bd42b3c21b5;
1563: 1d8f8ff6edcf391b;
1564: 000000000007021b;
1565: 0000000000000000;
1566: 0000000000000000;
1567: 0000000000000000;
1568: bd1e00e2fbf2dbec;
1569: ff7d25c11d244bcf;
156a: 0fbf4d142c9e51c7;
156b: c4e486727ba4b861;
156c: 000000000006ac8a;
156d: 0000000000000000;
156e: 0000000000000000;
156f: 0000000000000000;
1570: b268c419e23418ec;
1571: 2ad721a121bb066e;
1572: 2083ebc85bc7e9c4;
1573: 05737ddf047a3801;
1574: 00000000000774ee;
1575: 0000000000000000;
1576: 0000000000000000;
1577: 0000000000000000;
1578: 1e0cffe2c9a7fd00;
1579: 7442b2a09c9a9d0e;
157a: 1f8ee3402132bddd;
157b: 888f31e86a803824;
157c: 0000000000071e88;
157d: 0000000000000000;
157e: 0000000000000000;
157f: 0000000000000000;
1580: 160bfbd7fcb902e1;
1581: d71fd87fc57a62ee;
1582: aa8861784cc40dd9;
1583: 7e7b85245a003891;
1584: 0000000000077735;
1585: 0000000000000000;
1586: 0000000000000000;
1587: 0000000000000000;
1588: 965aff3f08cee522;
1589: 42836557848899ce;
158a: 0cb32c46bba379c2;
158b: 7401d9bbab0ab6a7;
158c: 000000000006eaef;
158d: 0000000000000000;
158e: 0000000000000000;
158f: 0000000000000000;
1590: f07ee204f01fdd19;
1591: af355d6c4a57fb6e;
1592: 4823800413e3c9bd;
1593: 11635f758d02bc71;
1594: 00000000000772ee;
1595: 0000000000000000;
1596: 0000000000000000;
1597: 0000000000000000;
1598: 644b23fcb7a05370;
1599: fe6700c25e41010d;
159a: 1010afaaad9f5dd7;
159b: 0e7d745af06dbbbf;
159c: 000000000007f478;
159d: 0000000000000000;
159e: 0000000000000000;
159f: 0000000000000000;
15a0: dbc49805f6fe0290;
15a1: 33399ba4fb2c378d;
15a2: 3a7c686be3b8a9b9;
15a3: 15e8dfa4d2fbb939;
15a4: 0000000000077e32;
15a5: 0000000000000000;
15a6: 0000000000000000;
15a7: 0000000000000000;
15a8: a8f2e60643211936;
15a9: 3c035e05e4e4f60e;
15aa: c0b7ebaf5c85b5dd;
15ab: d97795f7910a3bae;
15ac: 0000000000077efd;
15ad: 0000000000000000;
15ae: 0000000000000000;
15af: 0000000000000000;
15b0: 2e4e2d021a3dba0b;
15b1: 6746df6e4a97fa8e;
15b2: 34705eec97bb7da4;
15b3: e0e37533120dbb40;
15b4: 000000000006804a;
15b5: 0000000000000000;
15b6: 0000000000000000;
15b7: 0000000000000000;
15b8: 30f9e5cfb4dae615;
15b9: f7e5a4685f80c62e;
15ba: c87b6c6433e7e1c4;
15bb: 8a8261dcfa563ab3;
15bc: 0000000000070311;
15bd: 0000000000000000;
15be: 0000000000000000;
15bf: 0000000000000000;
15c0: 7a9f203cf11bb3ef;
15c1: 3ba55781a2f5206d;
15c2: 12f8a2afa3ab8dbb;
15c3: 808adef6687b3869;
15c4: 000000000007ec12;
15c5: 0000000000000000;
15c6: 0000000000000000;
15c7: 0000000000000000;
15c8: f0f11cc41eb001e9;
15c9: a2f9ff849d093c8e;
15ca: f93bac282bc06dde;
15cb: d3acfee4b74c3870;
15cc: 0000000000069e87;
15cd: 0000000000000000;
15ce: 0000000000000000;
15cf: 0000000000000000;
15d0: efd8340c077ca4a1;
15d1: 462ea3bfc11714ed;
15d2: 888ca000289665d8;
15d3: 8d681e256d7ebb8b;
15d4: 000000000007700b;
15d5: 0000000000000000;
15d6: 0000000000000000;
15d7: 0000000000000000;
15d8: b637dd5860ff05e5;
15d9: 4164a09e4922bdce;
15da: de5751471868fdd9;
15db: 04815c7ae16bb67e;
15dc: 000000000007526e;
15dd: 0000000000000000;
15de: 0000000000000000;
15df: 0000000000000000;
15e0: 1dafeb41e1c60a09;
15e1: 06e5a7ad58caf0ce;
15e2: 572b9c3f3787bdbc;
15e3: 706efe7fd8cb3ae7;
15e4: 0000000000073385;
15e5: 0000000000000000;
15e6: 0000000000000000;
15e7: 0000000000000000;
15e8: f2e8eaf7d72ef070;
15e9: e2be5d73592a128e;
15ea: ad086c02d1317dc5;
15eb: 83165bfe907ab86f;
15ec: 0000000000070775;
15ed: 0000000000000000;
15ee: 0000000000000000;
15ef: 0000000000000000;
15f0: ffbeb77a01d722e1;
15f1: 7fc9827f4bd8bcce;
15f2: db140082ad9339df;
15f3: baee099e1792bbdc;
15f4: 00000000000712ed;
15f5: 0000000000000000;
15f6: 0000000000000000;
15f7: 0000000000000000;
15f8: a6145aaa2dfcf0cf;
15f9: c03926e82ac97a8d;
15fa: 02e3f42b987f85db;
15fb: 79697d358f013f50;
15fc: 0000000000076bf5;
15fd: 0000000000000000;
15fe: 0000000000000000;
15ff: 0000000000000000;
1600: 46ff1a4cfb19fce1;
1601: dcb560437bde1d6e;
1602: f45c8ab083f729dd;
1603: f7590ef31dd63b0b;
1604: 000000000007776d;
1605: 0000000000000000;
1606: 0000000000000000;
1607: 0000000000000000;
1608: 15b021f7ee21f044;
1609: 359e1e62fe603ace;
160a: 78bf03821fe1a9de;
160b: 110be378e001bb8c;
160c: 0000000000070e0a;
160d: 0000000000000000;
160e: 0000000000000000;
160f: 0000000000000000;
1610: 2cf5f01b090f7a02;
1611: fe4f449ca3be71ce;
1612: 6abfe027988f35da;
1613: 7c7b7effa3fc3858;
1614: 0000000000078403;
1615: 0000000000000000;
1616: 0000000000000000;
1617: 0000000000000000;
1618: beef5fd8d4e03bd5;
1619: 23d6ba60e3017a8e;
161a: f053388f9d00b1c3;
161b: 25010cfa0e02bb9b;
161c: 0000000000070998;
161d: 0000000000000000;
161e: 0000000000000000;
161f: 0000000000000000;
1620: 4fe0fc2f0c0401f9;
1621: 03f662c33cbddf4f;
1622: 2fdef28f150775fe;
1623: cafbf59370c43a48;
1624: 0000000000077bfe;
1625: 0000000000000000;
1626: 0000000000000000;
1627: 0000000000000000;
1628: f9bc10d0d2c7d824;
1629: 02431f67da64530e;
162a: 1c18a18b8f918ddd;
162b: e00629a05ef03b63;
162c: 0000000000071784;
162d: 0000000000000000;
162e: 0000000000000000;
162f: 0000000000000000;
1630: e5ecbdc734dbf12c;
1631: 0ee38349ac155ace;
1632: b837ecb462ab15b2;
1633: 09e20973e8843bdb;
1634: 00000000000710a1;
1635: 0000000000000000;
1636: 0000000000000000;
1637: 0000000000000000;
1638: 0228a27101e0d4dc;
1639: e4bec01b66fdf6ee;
163a: 5497b04b9fdd35c6;
163b: ea83786711ec3948;
163c: 00000000000772d6;
163d: 0000000000000000;
163e: 0000000000000000;
163f: 0000000000000000;
1640: 09a8e667ed995458;
1641: 8a21abac9cc17c6e;
1642: 1a9cfdb01bc77dd5;
1643: de00e981730d3bfd;
1644: 0000000000078792;
1645: 0000000000000000;
1646: 0000000000000000;
1647: 0000000000000000;
1648: 55c64110110f083c;
1649: 7e28de3b3d4661ae;
164a: d480fc1f5cf75dda;
164b: 7474dc70fde23510;
164c: 00000000000774e3;
164d: 0000000000000000;
164e: 0000000000000000;
164f: 0000000000000000;
1650: 27e0b04e38a5e7f0;
1651: 5f164100071ae60e;
1652: b22306f47c137dc0;
1653: 17ffec6fd6023bbd;
1654: 0000000000071f87;
1655: 0000000000000000;
1656: 0000000000000000;
1657: 0000000000000000;
1658: 9e0df641f70b1e02;
1659: a5f79f1c259d93ee;
165a: e6cfe49b9817e1c1;
165b: db66030f02783b6b;
165c: 0000000000070385;
165d: 0000000000000000;
165e: 0000000000000000;
165f: 0000000000000000;
1660: dd28e25e57662a8e;
1661: 7e578363a89b170d;
1662: 643bd829977f9ddb;
1663: e8839e262ca63858;
1664: 0000000000077317;
1665: 0000000000000000;
1666: 0000000000000000;
1667: 0000000000000000;
1668: 44e1f41705260909;
1669: 3526997d1c62ca4f;
166a: 9907ec77d8285dd4;
166b: f66ae078f37d3fe8;
166c: 0000000000076a6d;
166d: 0000000000000000;
166e: 0000000000000000;
166f: 0000000000000000;
1670: 44270525fbf50fe0;
1671: c199be9aaae27bae;
1672: 32f3b6a503ab85dc;
1673: 14e8f064e0023879;
1674: 00000000000716f8;
1675: 0000000000000000;
1676: 0000000000000000;
1677: 0000000000000000;
1678: db100f4fe30c0f15;
1679: d53f10e6d63a794e;
167a: f0f037e0555125a8;
167b: fb7c9b704649b420;
167c: 000000000006ce91;
167d: 0000000000000000;
167e: 0000000000000000;
167f: 0000000000000000;
1680: e8e03f091f48002e;
1681: bbbcc904a57c1a0e;
1682: 1413eee33bec05dc;
1683: d4f9820e79febc00;
1684: 0000000000077594;
1685: 0000000000000000;
1686: 0000000000000000;
1687: 0000000000000000;
1688: e7b4ddc6e1f7d839;
1689: 3f2cba48da0086ce;
168a: 6460a774a7a919d7;
168b: e66df897697d3afb;
168c: 000000000006ba50;
168d: 0000000000000000;
168e: 0000000000000000;
168f: 0000000000000000;
1690: 123fe3be15e023fc;
1691: 483d638a823d05af;
1692: 18cfa08f5ec3e9d6;
1693: f4edf5f2837c3858;
1694: 000000000007fda6;
1695: 0000000000000000;
1696: 0000000000000000;
1697: 0000000000000000;
1698: 55fcdd3cc9fc11d7;
1699: 7c44df8109dae30e;
169a: 28403927b3ac49c4;
169b: e61a6ef607e8bc0f;
169c: 000000000006d76e;
169d: 0000000000000000;
169e: 0000000000000000;
169f: 0000000000000000;
16a0: eab81b14f4fb282e;
16a1: 868a40a37da2006f;
16a2: e38fe3a59420a9d9;
16a3: f6e5147b5d1e3bd9;
16a4: 0000000000074891;
16a5: 0000000000000000;
16a6: 0000000000000000;
16a7: 0000000000000000;
16a8: 43bd53236034f122;
16a9: 62a138f959401ece;
16aa: 3e76acffa80231c9;
16ab: 7a07e7f45c693557;
16ac: 0000000000074eea;
16ad: 0000000000000000;
16ae: 0000000000000000;
16af: 0000000000000000;
16b0: 2e5cf6331bf00c27;
16b1: 5e779f41009e838e;
16b2: 4887c6cc5f4121e0;
16b3: fc098087ec863abc;
16b4: 000000000007efab;
16b5: 0000000000000000;
16b6: 0000000000000000;
16b7: 0000000000000000;
16b8: dfb3cf0df20623f7;
16b9: 9dd7615f809f08ae;
16ba: c78ffc6f742bc1da;
16bb: 758ccf12692c3c6e;
16bc: 0000000000076529;
16bd: 0000000000000000;
16be: 0000000000000000;
16bf: 0000000000000000;
16c0: b6b80e520edd2f1d;
16c1: 0889b19da35d358e;
16c2: 8778a658f7b93da0;
16c3: f49c5e99f0b7b45d;
16c4: 0000000000075a60;
16c5: 0000000000000000;
16c6: 0000000000000000;
16c7: 0000000000000000;
16c8: 0bcae06f44e5f911;
16c9: f4e09082d53cd74e;
16ca: 63c3e8df50aadda4;
16cb: 1292cee25c5abbe4;
16cc: 00000000000777e0;
16cd: 0000000000000000;
16ce: 0000000000000000;
16cf: 0000000000000000;
16d0: dd28414c101bf137;
16d1: 5f1740da8483fe0e;
16d2: c7fc7a78572839d7;
16d3: 6beb8e8ad67a3bcc;
16d4: 0000000000071b86;
16d5: 0000000000000000;
16d6: 0000000000000000;
16d7: 0000000000000000;
16d8: bdcf27d78e53df4f;
16d9: fbcd75dbd364ebad;
16da: 584baf265d4469bd;
16db: 810a7d7d5f76b497;
16dc: 0000000000078b7f;
16dd: 0000000000000000;
16de: 0000000000000000;
16df: 0000000000000000;
16e0: e59b26f2ebf21a01;
16e1: 235c1802a5a1c04e;
16e2: d417cae81f1919da;
16e3: f594edaa861abbc8;
16e4: 0000000000075d89;
16e5: 0000000000000000;
16e6: 0000000000000000;
16e7: 0000000000000000;
16e8: ebf2e2fae99ded10;
16e9: 3c8732ac1987e82e;
16ea: bd3b3f07a13815a2;
16eb: 110361948008b49f;
16ec: 0000000000075f70;
16ed: 0000000000000000;
16ee: 0000000000000000;
16ef: 0000000000000000;
16f0: eccb330002054133;
16f1: 0420363f3b9f02ce;
16f2: c6ad10cc008019da;
16f3: 67cee300ef163ba3;
16f4: 000000000007788b;
16f5: 0000000000000000;
16f6: 0000000000000000;
16f7: 0000000000000000;
16f8: ebc5e3cfc963e93b;
16f9: dd21b65d9f009f0e;
16fa: 9a68aa0badd815d7;
16fb: e3864ee587873657;
16fc: 0000000000076973;
16fd: 0000000000000000;
16fe: 0000000000000000;
16ff: 0000000000000000;
1700: 3e8b596b9d46340f;
1701: 9a62fe624320d34d;
1702: abc0efe5099371ff;
1703: 5f708502141036a9;
1704: 0000000000078293;
1705: 0000000000000000;
1706: 0000000000000000;
1707: 0000000000000000;
1708: d0020b02d106ee8d;
1709: df98e9c08a5b40ee;
170a: eb1f5d30d7b7e1c4;
170b: 7efbb2d69d2e3b72;
170c: 000000000006dd2e;
170d: 0000000000000000;
170e: 0000000000000000;
170f: 0000000000000000;
1710: d31071f4efad0935;
1711: 9e883c63bd5e43ae;
1712: 86e4483cfbfeddfe;
1713: 07dc8b8067f73803;
1714: 000000000007e50e;
1715: 0000000000000000;
1716: 0000000000000000;
1717: 0000000000000000;
1718: 08d6f8a4b7cdca30;
1719: 6105bf11ff3c3d8e;
171a: 1e150fc81c1045da;
171b: 7503dc848b0dba18;
171c: 0000000000075e0c;
171d: 0000000000000000;
171e: 0000000000000000;
171f: 0000000000000000;
1720: e10e1109dd0c46d8;
1721: 231fffc2447ed7ae;
1722: b7f85fc8403aa1ff;
1723: ebf9a0a40b09bb9c;
1724: 0000000000070a86;
1725: 0000000000000000;
1726: 0000000000000000;
1727: 0000000000000000;
1728: b616323fe223e90e;
1729: bcdac6bb823622ee;
172a: 77674d284482edcf;
172b: 59e61bbbfa07b830;
172c: 000000000006e91a;
172d: 0000000000000000;
172e: 0000000000000000;
172f: 0000000000000000;
1730: d8e2191bf2a9190a;
1731: 83e7b9de0268210e;
1732: bfbcb703a3b7edde;
1733: 715dfc7d81983c3f;
1734: 00000000000751e3;
1735: 0000000000000000;
1736: 0000000000000000;
1737: 0000000000000000;
1738: b5de02dabae2e11d;
1739: 403fb9127c82038e;
173a: acbfdca523d021d7;
173b: 77d3ddf31aaebb9c;
173c: 0000000000077918;
173d: 0000000000000000;
173e: 0000000000000000;
173f: 0000000000000000;
1740: 3806bd20c4253818;
1741: 005fbe65bd2553ee;
1742: 20d9196177839dc3;
1743: 087f7881217cb70d;
1744: 000000000007fff4;
1745: 0000000000000000;
1746: 0000000000000000;
1747: 0000000000000000;
1748: 020efefc03ff0e46;
1749: 7dfc5f310779c12f;
174a: a686dea6ebef81a7;
174b: 0404df11f58d3638;
174c: 000000000007097d;
174d: 0000000000000000;
174e: 0000000000000000;
174f: 0000000000000000;
1750: 002db3fa2de8bebd;
1751: 1db9835d22a2766e;
1752: d8731f2c6ccd41df;
1753: 01f2ed0001ea3923;
1754: 000000000006df00;
1755: 0000000000000000;
1756: 0000000000000000;
1757: 0000000000000000;
1758: 0be6ed131347f302;
1759: 02288ed02edbd3ae;
175a: 1fa817c8475cf5b3;
175b: 0a6bfa4af576bf00;
175c: 000000000007686c;
175d: 0000000000000000;
175e: 0000000000000000;
175f: 0000000000000000;
1760: efe2283300b1f054;
1761: 7da8e000c57ad3ee;
1762: 5e6c4521281fc9c4;
1763: d15d6bd29d87b820;
1764: 000000000006c281;
1765: 0000000000000000;
1766: 0000000000000000;
1767: 0000000000000000;
1768: befdaf2f112ca408;
1769: 0046fc8122b576ae;
176a: be938cfc3f0eaddc;
176b: 3a197dfa620c373f;
176c: 0000000000076c0e;
176d: 0000000000000000;
176e: 0000000000000000;
176f: 0000000000000000;
1770: f03af70efb19bcce;
1771: 1be2ead1d095d66e;
1772: b42ac4503c17fdbb;
1773: 1805fe8668e7bc1b;
1774: 0000000000076010;
1775: 0000000000000000;
1776: 0000000000000000;
1777: 0000000000000000;
1778: 4121daed04e8f6ea;
1779: c37e6310a3c299ae;
177a: 0387c82fcb0c69d8;
177b: 9d90668ff7953eb4;
177c: 0000000000074882;
177d: 0000000000000000;
177e: 0000000000000000;
177f: 0000000000000000;
1780: 0914d1337cbe0453;
1781: 7b24bb7ea0b5382e;
1782: deffb160208781da;
1783: 91f85f2096213ba8;
1784: 0000000000070392;
1785: 0000000000000000;
1786: 0000000000000000;
1787: 0000000000000000;
1788: d2ff036ae4393e33;
1789: e77d3e051a169a2e;
178a: ac1f918b3ac061c8;
178b: 259b1e7f758638b7;
178c: 0000000000077a10;
178d: 0000000000000000;
178e: 0000000000000000;
178f: 0000000000000000;
1790: b5c4d656dde80ad9;
1791: a05a9db8dd8a5a0e;
1792: e06fc7982014b9c0;
1793: 7cdcfe1007f3b862;
1794: 00000000000775dd;
1795: 0000000000000000;
1796: 0000000000000000;
1797: 0000000000000000;
1798: 99b5eb15fde6ca35;
1799: a228c09864a0802e;
179a: 9baf7c42371945d3;
179b: 8aeaef9ffb69bbe4;
179c: 0000000000071024;
179d: 0000000000000000;
179e: 0000000000000000;
179f: 0000000000000000;
17a0: 43fceb2b720fe60c;
17a1: 4198015e5bc33b6e;
17a2: cf4cf4fc47d415fe;
17a3: dd6dd2fc81e8bafc;
17a4: 0000000000071cf0;
17a5: 0000000000000000;
17a6: 0000000000000000;
17a7: 0000000000000000;
17a8: e01f86dd592a4f4a;
17a9: 422131eebf9958ee;
17aa: 0f939fd0287765b9;
17ab: b1146ab8d21bbaf1;
17ac: 000000000006a4e4;
17ad: 0000000000000000;
17ae: 0000000000000000;
17af: 0000000000000000;
17b0: e031f57732faab09;
17b1: b7de0580c68278ee;
17b2: f73e5c54915d7ddf;
17b3: 75fa93573d67b72a;
17b4: 000000000007096f;
17b5: 0000000000000000;
17b6: 0000000000000000;
17b7: 0000000000000000;
17b8: 0099c945fcc70de3;
17b9: 655f023d6c66636e;
17ba: 0f3be3d0fca849de;
17bb: 7a0993087969bad7;
17bc: 0000000000070a53;
17bd: 0000000000000000;
17be: 0000000000000000;
17bf: 0000000000000000;
17c0: e5cbeaf5cd42cc10;
17c1: a17caa971c37dd6e;
17c2: 3aa3d24f1bb759c4;
17c3: eed884f50fd5b8c8;
17c4: 000000000007066a;
17c5: 0000000000000000;
17c6: 0000000000000000;
17c7: 0000000000000000;
17c8: 0b09dae4fa13b830;
17c9: 9fbb7b79e4b49e6f;
17ca: 541092d42d844dcb;
17cb: 01f0d87718a33810;
17cc: 000000000006cf00;
17cd: 0000000000000000;
17ce: 0000000000000000;
17cf: 0000000000000000;
17d0: 482ecc661662de0a;
17d1: 3efe8679987737ce;
17d2: bb4f15677c5959da;
17d3: ed05f1fe2fe6bbab;
17d4: 0000000000072683;
17d5: 0000000000000000;
17d6: 0000000000000000;
17d7: 0000000000000000;
17d8: f8ecf62303f404bf;
17d9: e3d70cbba4c0fd2f;
17da: 5fcf7fcc606301d9;
17db: 0af8a704e472ba8b;
17dc: 00000000000776e0;
17dd: 0000000000000000;
17de: 0000000000000000;
17df: 0000000000000000;
17e0: bd10ad48da75f4ef;
17e1: 41dbcd3e61daa3ae;
17e2: 4bfa9d1bc7f82ddf;
17e3: eaeeaa7bf3f4b8d4;
17e4: 000000000007066d;
17e5: 0000000000000000;
17e6: 0000000000000000;
17e7: 0000000000000000;
17e8: 182c188dc43efac9;
17e9: 037ae8e1e119dbae;
17ea: b464882aec0705cb;
17eb: 9181218a8c18b8c7;
17ec: 000000000007748b;
17ed: 0000000000000000;
17ee: 0000000000000000;
17ef: 0000000000000000;
17f0: e715eb4f152a13fe;
17f1: 0012e517fac5f74f;
17f2: cf5fad5c0017e1a2;
17f3: 59fed2a9047c3bbb;
17f4: 000000000006f293;
17f5: 0000000000000000;
17f6: 0000000000000000;
17f7: 0000000000000000;
17f8: c5d4bcfa03ef04b5;
17f9: 3c87676b4e8446ce;
17fa: 63531b5a1417e1b5;
17fb: fa09a57104efbb6c;
17fc: 0000000000071d83;
17fd: 0000000000000000;
17fe: 0000000000000000;
17ff: 0000000000000000;
1800: f210aa011df6fba0;
1801: 62f80f35c3fb796e;
1802: d8ccd50ecba30dd6;
1803: 5d49f9f253c9b858;
1804: 0000000000076509;
1805: 0000000000000000;
1806: 0000000000000000;
1807: 0000000000000000;
1808: 2fc6f1a71e323739;
1809: e42280e028e19c6e;
180a: d084230155430ddf;
180b: 740c7591fc7eb893;
180c: 000000000007105d;
180d: 0000000000000000;
180e: 0000000000000000;
180f: 0000000000000000;
1810: 931519e5d9fbcdf0;
1811: 9d865bfd1a2c690e;
1812: 033ebb5cb04901de;
1813: 18839023711034c4;
1814: 0000000000070604;
1815: 0000000000000000;
1816: 0000000000000000;
1817: 0000000000000000;
1818: 33243fa504e9152c;
1819: bc377eb4fd87da8e;
181a: 37941349aff3cdd6;
181b: 9783af03fc943b2b;
181c: 00000000000682ee;
181d: 0000000000000000;
181e: 0000000000000000;
181f: 0000000000000000;
1820: e761f6410ad852d6;
1821: 05a11c1d6157996d;
1822: ac0c47e8fc66eddf;
1823: 9af365807b913846;
1824: 0000000000075ae6;
1825: 0000000000000000;
1826: 0000000000000000;
1827: 0000000000000000;
1828: fef6f3440e03d9ed;
1829: fff98bdabf6487ae;
182a: 9f0459ca4f0fa1c8;
182b: fd910324727db770;
182c: 0000000000077482;
182d: 0000000000000000;
182e: 0000000000000000;
182f: 0000000000000000;
1830: 1e02dbfa57ecabea;
1831: 67e53e3746edce0e;
1832: b91c850ca878c9da;
1833: ac78239402f6bb53;
1834: 000000000007107e;
1835: 0000000000000000;
1836: 0000000000000000;
1837: 0000000000000000;
1838: 25fe2c9ef5cb1d02;
1839: f19a02e321191c2e;
183a: 77ace0051fe47dd7;
183b: 07f07cb497193f77;
183c: 00000000000766e9;
183d: 0000000000000000;
183e: 0000000000000000;
183f: 0000000000000000;
1840: e224b220b8f51f15;
1841: a37dc3b0cc9e400e;
1842: 8c5cc2a8dad6f9c2;
1843: 0c7751f1fe83b70e;
1844: 000000000007e46b;
1845: 0000000000000000;
1846: 0000000000000000;
1847: 0000000000000000;
1848: c9b5b06bde5b09d5;
1849: 7d77e13ffc6122cd;
184a: 248b8ae01c9c55e1;
184b: 60f89e81f1ddb82b;
184c: 0000000000070e80;
184d: 0000000000000000;
184e: 0000000000000000;
184f: 0000000000000000;
1850: 1f0506a028009401;
1851: fd5e82bbdfa1c58e;
1852: c087c9404784c1d4;
1853: 5af5940d0f78b8b0;
1854: 0000000000077ffe;
1855: 0000000000000000;
1856: 0000000000000000;
1857: 0000000000000000;
1858: f859ffb72f140617;
1859: f694638e9ebcf0ee;
185a: b9480c7443e011b1;
185b: defb0b698163bbdb;
185c: 0000000000068f63;
185d: 0000000000000000;
185e: 0000000000000000;
185f: 0000000000000000;
1860: e330b6f6ddef01bd;
1861: c1c41eb97dd3fb2e;
1862: 8c6823b828a84dc1;
1863: ac997e94000338ae;
1864: 0000000000074aee;
1865: 0000000000000000;
1866: 0000000000000000;
1867: 0000000000000000;
1868: c7ee93fed02e12a9;
1869: 9ad24c995b9de62d;
186a: d7db7b0033b859df;
186b: 7887930785edb806;
186c: 0000000000070a60;
186d: 0000000000000000;
186e: 0000000000000000;
186f: 0000000000000000;
1870: e5dde6e2d120b905;
1871: 3edad947bd04a8ae;
1872: 4f2c27f3aed7f5c8;
1873: 84ff910ef5023933;
1874: 0000000000078a22;
1875: 0000000000000000;
1876: 0000000000000000;
1877: 0000000000000000;
1878: eae574e7e3d020f4;
1879: 201f81020880fa4e;
187a: 93880ce00453ddfc;
187b: 9080022f0b05bb6e;
187c: 000000000007746a;
187d: 0000000000000000;
187e: 0000000000000000;
187f: 0000000000000000;
1880: 143e1efabfea0ae1;
1881: a5b865469472600e;
1882: 5bcb5fec8b17f9a1;
1883: 6d81a0fb9e183729;
1884: 00000000000770fa;
1885: 0000000000000000;
1886: 0000000000000000;
1887: 0000000000000000;
1888: 0567e84301dce541;
1889: c11b26fe89fe422e;
188a: 9c6fbfe2dc2ff9c8;
188b: 0f86498d6771b86f;
188c: 0000000000077f0c;
188d: 0000000000000000;
188e: 0000000000000000;
188f: 0000000000000000;
1890: 0f01ba09de20130f;
1891: a582d7e3ba20e84e;
1892: 0c9c2193e33521c3;
1893: 25660830856437e1;
1894: 0000000000077aae;
1895: 0000000000000000;
1896: 0000000000000000;
1897: 0000000000000000;
1898: f3020eb4f0b82fee;
1899: 1782840329969eae;
189a: 7421849de07799df;
189b: 7ffff90f797ab746;
189c: 0000000000072ef5;
189d: 0000000000000000;
189e: 0000000000000000;
189f: 0000000000000000;
18a0: 056b6b90fb1be5cc;
18a1: 057927061bd43ead;
18a2: 73df17c7efbfa9c5;
18a3: 7ee6f38906fbb921;
18a4: 000000000007350e;
18a5: 0000000000000000;
18a6: 0000000000000000;
18a7: 0000000000000000;
18a8: ca15ab42daeee222;
18a9: 8859c68a68fe184e;
18aa: f81bff979c4fd1c1;
18ab: ea0d700474dbbc32;
18ac: 0000000000076c77;
18ad: 0000000000000000;
18ae: 0000000000000000;
18af: 0000000000000000;
18b0: e5f0fbdba6e0c8ef;
18b1: 32405dbf3b0639ee;
18b2: c7bfbcb3afcfadb3;
18b3: 790d7ff8efefb9ac;
18b4: 0000000000071027;
18b5: 0000000000000000;
18b6: 0000000000000000;
18b7: 0000000000000000;
18b8: 1339e2e1e9a31bef;
18b9: a146803d0af75bce;
18ba: 30775ed36b7a91de;
18bb: ed9969a07af5b970;
18bc: 0000000000072aa3;
18bd: 0000000000000000;
18be: 0000000000000000;
18bf: 0000000000000000;
18c0: fe1b32f043e330d8;
18c1: 1fdc3cbec1137c2e;
18c2: 201f40910737c1c9;
18c3: 1838fb86a4673bc9;
18c4: 0000000000070677;
18c5: 0000000000000000;
18c6: 0000000000000000;
18c7: 0000000000000000;
18c8: f040a559c57df2f5;
18c9: ea5b8084879ec8cd;
18ca: 37e4b3961c0889c2;
18cb: 6a94a361816eb4d7;
18cc: 00000000000767e6;
18cd: 0000000000000000;
18ce: 0000000000000000;
18cf: 0000000000000000;
18d0: c71f001db84424e6;
18d1: 5c60c19997de800e;
18d2: 6456443fcb7f95c7;
18d3: 6afadb9f66d1bbdb;
18d4: 0000000000071fb9;
18d5: 0000000000000000;
18d6: 0000000000000000;
18d7: 0000000000000000;
18d8: 9a08d5d11ffae376;
18d9: 6080255562a4b70d;
18da: 0f15408f186bf5dd;
18db: e87eefa201f73b8f;
18dc: 000000000007faf8;
18dd: 0000000000000000;
18de: 0000000000000000;
18df: 0000000000000000;
18e0: e5f137d3c9b45696;
18e1: 5a7c19860688444e;
18e2: 5aa3caa3273715c4;
18e3: f980b7f5f774b868;
18e4: 0000000000076d8b;
18e5: 0000000000000000;
18e6: 0000000000000000;
18e7: 0000000000000000;
18e8: 1349e0c203b3a95d;
18e9: 016a89bd5cfb5bee;
18ea: 81b88fa73f80ddc0;
18eb: 1b5f7e9a12f1b808;
18ec: 000000000007045f;
18ed: 0000000000000000;
18ee: 0000000000000000;
18ef: 0000000000000000;
18f0: 001d3ff4bd16432c;
18f1: 02813cbbb6fb712e;
18f2: 13de50a03fb431c8;
18f3: 6d7846fc7eedb830;
18f4: 000000000007701e;
18f5: 0000000000000000;
18f6: 0000000000000000;
18f7: 0000000000000000;
18f8: f3f6a0dd15284ce3;
18f9: 8634e5f5c0c4fd6e;
18fa: 9e5d87cf271b79c5;
18fb: 7a83f41851643496;
18fc: 0000000000077ffd;
18fd: 0000000000000000;
18fe: 0000000000000000;
18ff: 0000000000000000;
1900: 0ae15104acd3dece;
1901: 05e148840ec5046e;
1902: 97f6445c489325c3;
1903: 98f485fe717ebb18;
1904: 000000000007a97b;
1905: 0000000000000000;
1906: 0000000000000000;
1907: 0000000000000000;
1908: 125fcfd111f8cf6a;
1909: 8b05c53be09e154e;
190a: 06775ecaa4149ddb;
190b: 6bdf6b91bced348b;
190c: 00000000000761f0;
190d: 0000000000000000;
190e: 0000000000000000;
190f: 0000000000000000;
1910: a40033bea0f201dd;
1911: 14aa4970917bb0ee;
1912: 5f4f97e023f2e1bb;
1913: 8a826407794fb878;
1914: 000000000007611f;
1915: 0000000000000000;
1916: 0000000000000000;
1917: 0000000000000000;
1918: 2cf9a1d69b042c1b;
1919: 2464ba83fae8582e;
191a: 841c2b9f42e7c1c2;
191b: 242a0a36d16c38dc;
191c: 000000000006fda5;
191d: 0000000000000000;
191e: 0000000000000000;
191f: 0000000000000000;
1920: a3a226ec32c6fac2;
1921: 7fd9289dc56a85ae;
1922: fbebe50fb3c859c5;
1923: 9c12e99580e9bfa7;
1924: 000000000007a3fc;
1925: 0000000000000000;
1926: 0000000000000000;
1927: 0000000000000000;
1928: 1270d1fe01442634;
1929: 6aaf034299d1a98e;
192a: 2ee80b0bc3c3d5b8;
192b: d8258a962b6c3b18;
192c: 00000000000760ea;
192d: 0000000000000000;
192e: 0000000000000000;
192f: 0000000000000000;
1930: 3f6ab4ed042a37aa;
1931: e7f7c6c445a0ba2e;
1932: 340c47d16bc829c1;
1933: 025dfe1122f03bbc;
1934: 0000000000076682;
1935: 0000000000000000;
1936: 0000000000000000;
1937: 0000000000000000;
1938: 7610f9e93e09f93e;
1939: bb3bbc1d65ed05ee;
193a: cce9d3dbe0fd69de;
193b: a6da11df11ee3bde;
193c: 00000000000770ed;
193d: 0000000000000000;
193e: 0000000000000000;
193f: 0000000000000000;
1940: d0d6151b47dd2907;
1941: 80c40cfc09b18a2e;
1942: b7586977ed1931ae;
1943: 788ef49aa4c4bb7d;
1944: 00000000000716f3;
1945: 0000000000000000;
1946: 0000000000000000;
1947: 0000000000000000;
1948: 62e5d70612a46c93;
1949: e156fc1c7adc03ce;
194a: 43629d66f003d9db;
194b: 5d747738770e3b91;
194c: 0000000000076004;
194d: 0000000000000000;
194e: 0000000000000000;
194f: 0000000000000000;
1950: 1d621ee631c829f5;
1951: 063b7d666727b70e;
1952: 5adbfbcc73e009da;
1953: 8ea701dc9f1e3c23;
1954: 0000000000077fac;
1955: 0000000000000000;
1956: 0000000000000000;
1957: 0000000000000000;
1958: be0810c7e869fe2a;
1959: 7c1e649ffd69a80e;
195a: 436c21504960d1e1;
195b: 8dec66e411d338db;
195c: 000000000007726e;
195d: 0000000000000000;
195e: 0000000000000000;
195f: 0000000000000000;
1960: 119d00c261db75db;
1961: e13b007e237f684d;
1962: 7f28f4ef552d39fc;
1963: f6e1fff8856e3bfd;
1964: 000000000007f7a1;
1965: 0000000000000000;
1966: 0000000000000000;
1967: 0000000000000000;
1968: 0ee5e52bf9e25110;
1969: 6c9459999d431a4e;
196a: cc10b39e3b8801a5;
196b: 8c01f724731e3b78;
196c: 0000000000077c05;
196d: 0000000000000000;
196e: 0000000000000000;
196f: 0000000000000000;
1970: 3e2375c228a0c1e8;
1971: 2ad87bff69671c4e;
1972: 171bacec8f3c35b6;
1973: fa7e87ef1ba53b61;
1974: 0000000000074b7d;
1975: 0000000000000000;
1976: 0000000000000000;
1977: 0000000000000000;
1978: 980a5af3f6f84b18;
1979: 953f0e207f49814e;
197a: 36c9472727a3e1c2;
197b: 906100291c863512;
197c: 0000000000069b78;
197d: 0000000000000000;
197e: 0000000000000000;
197f: 0000000000000000;
1980: 75b4e8b4ffef4ce7;
1981: 7f4059d860a4084e;
1982: b4e7b38fb9fce5de;
1983: f557da9a849e3414;
1984: 000000000007668a;
1985: 0000000000000000;
1986: 0000000000000000;
1987: 0000000000000000;
1988: 2e9e4d12f9d915ce;
1989: 580165453ebec94d;
198a: 37ec67df77dbc5dd;
198b: 83270bfa78893c45;
198c: 00000000000714fe;
198d: 0000000000000000;
198e: 0000000000000000;
198f: 0000000000000000;
1990: 1b16c7ceeaab20c2;
1991: 28e2a48484827f4e;
1992: dfad57589da149c0;
1993: 6bf8073068c13bcf;
1994: 000000000006f850;
1995: 0000000000000000;
1996: 0000000000000000;
1997: 0000000000000000;
1998: 22fff03a4da8d6f3;
1999: 1d20c4ee441f0f6e;
199a: 6f03e137dfe3d1c2;
199b: 8a908b0508083aa3;
199c: 0000000000074cea;
199d: 0000000000000000;
199e: 0000000000000000;
199f: 0000000000000000;
19a0: b90bd1fcf2f9fa15;
19a1: f5264c3bc1a71fce;
19a2: af9bf866d2c40dc3;
19a3: 84daea2aabd7b880;
19a4: 00000000000722ed;
19a5: 0000000000000000;
19a6: 0000000000000000;
19a7: 0000000000000000;
19a8: 1aff051824a5f3ce;
19a9: 27dc9cbc9cfb804e;
19aa: d04edbdb9ffec5d6;
19ab: 0c75f305ef07b86d;
19ac: 000000000007725f;
19ad: 0000000000000000;
19ae: 0000000000000000;
19af: 0000000000000000;
19b0: 46341de30414c8ba;
19b1: 6e619aeb6968202e;
19b2: 28488e835cf0d9df;
19b3: 7d870bc1d80f38eb;
19b4: 0000000000071c52;
19b5: 0000000000000000;
19b6: 0000000000000000;
19b7: 0000000000000000;
19b8: dfe8b3c71de6dd16;
19b9: b7dde803dde3838d;
19ba: 2bd338b8dfa2ade0;
19bb: f3656d07f6cfbba0;
19bc: 0000000000070294;
19bd: 0000000000000000;
19be: 0000000000000000;
19bf: 0000000000000000;
19c0: ed2ab7b7f73ac40f;
19c1: 55fcc01fa7a3454e;
19c2: f3cbd76b76ee9da7;
19c3: 7fd25f16ef5c3ba4;
19c4: 0000000000070810;
19c5: 0000000000000000;
19c6: 0000000000000000;
19c7: 0000000000000000;
19c8: 2e0f00242303eb67;
19c9: e57fc0787e36c16e;
19ca: 079b83fb6b4fd1d4;
19cb: 747a6f2efa993fc5;
19cc: 0000000000075ae3;
19cd: 0000000000000000;
19ce: 0000000000000000;
19cf: 0000000000000000;
19d0: f1f9f9ae19e0d1b8;
19d1: eba0fe042a8fde8d;
19d2: b5b0782070c88da2;
19d3: 85137a7c6a8ab86f;
19d4: 0000000000075ddd;
19d5: 0000000000000000;
19d6: 0000000000000000;
19d7: 0000000000000000;
19d8: 9696f4d549f8eafe;
19d9: 3f3aca031401df8d;
19da: 34be48963f678dc2;
19db: 1d78079694d93546;
19dc: 000000000007340c;
19dd: 0000000000000000;
19de: 0000000000000000;
19df: 0000000000000000;
19e0: 6537e5c7fb00bef6;
19e1: 5dc3fe674548040e;
19e2: 08bafbe043e40dc2;
19e3: a0e2f1bc0907b851;
19e4: 0000000000068781;
19e5: 0000000000000000;
19e6: 0000000000000000;
19e7: 0000000000000000;
19e8: 7b022cd5dc3b111e;
19e9: dfbce124de5b1d2e;
19ea: 13dbc3ebe02bfdd5;
19eb: 8fa4a49a1a7ebc21;
19ec: 000000000006fd47;
19ed: 0000000000000000;
19ee: 0000000000000000;
19ef: 0000000000000000;
19f0: 091b04952de5db00;
19f1: fcc4a43d34de61ae;
19f2: 588cd7ae3cf891c7;
19f3: 6f9d7938c142b8a8;
19f4: 0000000000069b87;
19f5: 0000000000000000;
19f6: 0000000000000000;
19f7: 0000000000000000;
19f8: cb0bb7f619ee011e;
19f9: 48222c7dfb741ace;
19fa: e710d11c375311bf;
19fb: 82731d34f8efb75a;
19fc: 00000000000707f7;
19fd: 0000000000000000;
19fe: 0000000000000000;
19ff: 0000000000000000;
1a00: bcf609cd0ba2f90f;
1a01: 6988bfbcd83e5cae;
1a02: c01d3576b3c355d6;
1a03: ff89f7031621355b;
1a04: 000000000007167b;
1a05: 0000000000000000;
1a06: 0000000000000000;
1a07: 0000000000000000;
1a08: efda5df60f24cd70;
1a09: 431ae5dc28a09c4e;
1a0a: c7e3d65144004dff;
1a0b: fa6d8a52059138ef;
1a0c: 000000000007766d;
1a0d: 0000000000000000;
1a0e: 0000000000000000;
1a0f: 0000000000000000;
1a10: 156c05fe2518a615;
1a11: 5f29bb455ae06a8e;
1a12: 04f3f71a382071ce;
1a13: 57495b1bd1f83988;
1a14: 0000000000069d45;
1a15: 0000000000000000;
1a16: 0000000000000000;
1a17: 0000000000000000;
1a18: b7ecb71add4b180e;
1a19: a39bba877095c70e;
1a1a: 073a0a14ca48a9c8;
1a1b: 17e0ff8cf3e0b435;
1a1c: 0000000000073c8f;
1a1d: 0000000000000000;
1a1e: 0000000000000000;
1a1f: 0000000000000000;
1a20: ea0eec012e8de00f;
1a21: 0a23685621191a6e;
1a22: 17c81798cc2c81da;
1a23: 9c94ee940938b935;
1a24: 0000000000077081;
1a25: 0000000000000000;
1a26: 0000000000000000;
1a27: 0000000000000000;
1a28: 34975b694242c0ee;
1a29: 66bcfdde8d3cdb2d;
1a2a: bbaaf770006365dd;
1a2b: 93657a0ab1fd389e;
1a2c: 0000000000077975;
1a2d: 0000000000000000;
1a2e: 0000000000000000;
1a2f: 0000000000000000;
1a30: eb22bc1527faa1fa;
1a31: 3da8ff7d3c9ffdae;
1a32: 3100200fc43039c9;
1a33: 1f9b6db9e668bc10;
1a34: 000000000007207e;
1a35: 0000000000000000;
1a36: 0000000000000000;
1a37: 0000000000000000;
1a38: beec0d08f7edf003;
1a39: 5b66f02098629f8e;
1a3a: dbd38f9c977dddc8;
1a3b: fe70f4047a75b80c;
1a3c: 000000000007a2fd;
1a3d: 0000000000000000;
1a3e: 0000000000000000;
1a3f: 0000000000000000;
1a40: 372be55741a8e2e7;
1a41: 77c05fdac74f962e;
1a42: 53d3ef5f10c3d5c0;
1a43: 268383f5fe8e3931;
1a44: 000000000007f072;
1a45: 0000000000000000;
1a46: 0000000000000000;
1a47: 0000000000000000;
1a48: 5300f9d71664cf12;
1a49: 27a39324ad615f0e;
1a4a: 719ba4317c1feddf;
1a4b: 5b9b8fe30713383f;
1a4c: 0000000000071d0a;
1a4d: 0000000000000000;
1a4e: 0000000000000000;
1a4f: 0000000000000000;
1a50: 39286b2a1d2805ec;
1a51: 549efd1fbf1e20ce;
1a52: a725a3cc27d349c4;
1a53: 8f7481d91bfc3817;
1a54: 00000000000776ea;
1a55: 0000000000000000;
1a56: 0000000000000000;
1a57: 0000000000000000;
1a58: 19af080fb721ecd1;
1a59: a8c07e619c1ddd4e;
1a5a: e3f3f41023efd1fb;
1a5b: 6ecef5823603bfaa;
1a5c: 00000000000763a2;
1a5d: 0000000000000000;
1a5e: 0000000000000000;
1a5f: 0000000000000000;
1a60: b32df62ad0d8e3d0;
1a61: 37c0ccfbc461c30e;
1a62: d28be7b30b7fdddd;
1a63: ad8b83ef7be3bba7;
1a64: 0000000000076279;
1a65: 0000000000000000;
1a66: 0000000000000000;
1a67: 0000000000000000;
1a68: e7932285392769b7;
1a69: 79d680fa5c58e34d;
1a6a: d872a818312bf1ae;
1a6b: 5a88f5837d0eb8a6;
1a6c: 00000000000761a7;
1a6d: 0000000000000000;
1a6e: 0000000000000000;
1a6f: 0000000000000000;
1a70: f21542e6d916ec19;
1a71: 9441dc28243d842e;
1a72: afb87c8fab9375c2;
1a73: 75937137fb2a3acf;
1a74: 0000000000077ef9;
1a75: 0000000000000000;
1a76: 0000000000000000;
1a77: 0000000000000000;
1a78: fefc5b16f4f6c1d9;
1a79: 867fa106dffe7cee;
1a7a: 938bac0fee8be5d6;
1a7b: 8fe891ed3d833b7e;
1a7c: 0000000000075969;
1a7d: 0000000000000000;
1a7e: 0000000000000000;
1a7f: 0000000000000000;
1a80: f9a92832b3f611d8;
1a81: 3a9e42dfddfd3f6d;
1a82: 1f54403e8fed5df7;
1a83: 2c6c066c640abb84;
1a84: 0000000000070614;
1a85: 0000000000000000;
1a86: 0000000000000000;
1a87: 0000000000000000;
1a88: e281a9d56bc7641e;
1a89: 593d17e679805eed;
1a8a: a822dc37b4901dc3;
1a8b: d4fc02897705bc33;
1a8c: 0000000000076d8f;
1a8d: 0000000000000000;
1a8e: 0000000000000000;
1a8f: 0000000000000000;
1a90: 2fb372efeb37091f;
1a91: d2fb651d23df604e;
1a92: ceef873503ef3da8;
1a93: 74defe91040eb672;
1a94: 0000000000071890;
1a95: 0000000000000000;
1a96: 0000000000000000;
1a97: 0000000000000000;
1a98: 507502e9cdb8ebf1;
1a99: 417916e0f71e5c4e;
1a9a: ff7fc032cc8b55c5;
1a9b: f356f3943276394a;
1a9c: 00000000000717dd;
1a9d: 0000000000000000;
1a9e: 0000000000000000;
1a9f: 0000000000000000;
1aa0: 9de034ced60cb69f;
1aa1: 627add7726435bad;
1aa2: 62eb9840a406cdda;
1aa3: aa6f6c677ffe38a8;
1aa4: 0000000000070f96;
1aa5: 0000000000000000;
1aa6: 0000000000000000;
1aa7: 0000000000000000;
1aa8: 95ee93cc5432f26d;
1aa9: 7e18be463b68d6ed;
1aaa: c73284bc14782dda;
1aab: fc7df20bd9ea385a;
1aac: 00000000000761e8;
1aad: 0000000000000000;
1aae: 0000000000000000;
1aaf: 0000000000000000;
1ab0: fa2aeae760071ee6;
1ab1: 0703c2e7a1df31ce;
1ab2: 23035c5d7c6bd9a5;
1ab3: d903f77817ef3670;
1ab4: 00000000000771fc;
1ab5: 0000000000000000;
1ab6: 0000000000000000;
1ab7: 0000000000000000;
1ab8: 43a292e3a02b3fc7;
1ab9: a16162a2b5363d8d;
1aba: 03ac42ab8d1cdddf;
1abb: e7060a129214b620;
1abc: 0000000000075f21;
1abd: 0000000000000000;
1abe: 0000000000000000;
1abf: 0000000000000000;
1ac0: 16e793f6e2aca2ef;
1ac1: 09bdab581d366aed;
1ac2: 9af01ecbf73485a8;
1ac3: f8f749890621bbf7;
1ac4: 00000000000687f4;
1ac5: 0000000000000000;
1ac6: 0000000000000000;
1ac7: 0000000000000000;
1ac8: 5ae716b827fd28d4;
1ac9: 1a1bd85c81e900ae;
1aca: 4fdaeccc84b86dc4;
1acb: 759960079f8eb804;
1acc: 0000000000076796;
1acd: 0000000000000000;
1ace: 0000000000000000;
1acf: 0000000000000000;
1ad0: 1147f41b6dc4a5ef;
1ad1: 1e22e189405f1fee;
1ad2: 07a463df975805e1;
1ad3: 00f5862008793ad4;
1ad4: 0000000000078505;
1ad5: 0000000000000000;
1ad6: 0000000000000000;
1ad7: 0000000000000000;
1ad8: 29dcdef5b8021aef;
1ad9: cb447fa09a00268e;
1ada: e47a5b7ccac115c0;
1adb: 7588f978aefb3a57;
1adc: 0000000000074ef0;
1add: 0000000000000000;
1ade: 0000000000000000;
1adf: 0000000000000000;
1ae0: 95c4feacbdcc8134;
1ae1: 455c16dbc27981cd;
1ae2: b6a8c030d7b499c9;
1ae3: 6edbf4930ac13b5e;
1ae4: 0000000000069d8d;
1ae5: 0000000000000000;
1ae6: 0000000000000000;
1ae7: 0000000000000000;
1ae8: 46061c0e20dd000a;
1ae9: 8164bf69245fc72e;
1aea: ec02c4301db071c2;
1aeb: f8fa64ff306f3886;
1aec: 0000000000076f08;
1aed: 0000000000000000;
1aee: 0000000000000000;
1aef: 0000000000000000;
1af0: 0f2defb0702df611;
1af1: 9804810b613d604d;
1af2: 46858ba43d2e71db;
1af3: 78f68213098d3772;
1af4: 00000000000738e3;
1af5: 0000000000000000;
1af6: 0000000000000000;
1af7: 0000000000000000;
1af8: 3320bdecdf2f13cb;
1af9: 2d4025bf3461df0e;
1afa: d00d2c3b8897b1c2;
1afb: d37b8771216e3c03;
1afc: 00000000000777e9;
1afd: 0000000000000000;
1afe: 0000000000000000;
1aff: 0000000000000000;
1b00: f7fb0fc2ece60042;
1b01: 9fc565a6e9be1f4e;
1b02: 8b0803748462f5ce;
1b03: 6f080b031c6538ea;
1b04: 00000000000776aa;
1b05: 0000000000000000;
1b06: 0000000000000000;
1b07: 0000000000000000;
1b08: fa1836b3fbf0282c;
1b09: 8e3bfde5c1a4eb6e;
1b0a: 901b7c9d2923b9b0;
1b0b: 87fde08b97df3854;
1b0c: 0000000000077f6d;
1b0d: 0000000000000000;
1b0e: 0000000000000000;
1b0f: 0000000000000000;
1b10: d214f216500439dd;
1b11: a424245e8ee85a2e;
1b12: 075aa7e8eff385df;
1b13: 437fdd6d5b073be8;
1b14: 0000000000070905;
1b15: 0000000000000000;
1b16: 0000000000000000;
1b17: 0000000000000000;
1b18: 2213f930169ff8ec;
1b19: dc22fb75289140ce;
1b1a: c3cc5be598f0fdb5;
1b1b: 0f7df60dd489bb43;
1b1c: 0000000000077d1b;
1b1d: 0000000000000000;
1b1e: 0000000000000000;
1b1f: 0000000000000000;
1b20: b6c2bfef114f8939;
1b21: 3c04fdb977c340ad;
1b22: 24a72f83a86d19dd;
1b23: 5e060b7c850bb8d3;
1b24: 000000000007aa7f;
1b25: 0000000000000000;
1b26: 0000000000000000;
1b27: 0000000000000000;
1b28: 1254a960b3eeb3dc;
1b29: 381d9415830adfcd;
1b2a: 53e8879c9f7cb1df;
1b2b: 7d2d72143414bb4d;
1b2c: 0000000000076669;
1b2d: 0000000000000000;
1b2e: 0000000000000000;
1b2f: 0000000000000000;
1b30: cb01d8606de331dd;
1b31: 2700230ac3c4622e;
1b32: c78abbf0380faddc;
1b33: 8190255d5b6fbbff;
1b34: 0000000000076e00;
1b35: 0000000000000000;
1b36: 0000000000000000;
1b37: 0000000000000000;
1b38: 47e830201acc5cf4;
1b39: f5d3a320607a6d0e;
1b3a: 6bfe9ff5947821a2;
1b3b: 99f9712ffafdba27;
1b3c: 000000000007691a;
1b3d: 0000000000000000;
1b3e: 0000000000000000;
1b3f: 0000000000000000;
1b40: a8e707f60215a0ff;
1b41: c4421779d99fbe4e;
1b42: d8c7b9390cbb1ddb;
1b43: df27fbf6f579bbff;
1b44: 00000000000736e9;
1b45: 0000000000000000;
1b46: 0000000000000000;
1b47: 0000000000000000;
1b48: 0003ca2ecdf7e6b7;
1b49: db289cbe1aa1a08e;
1b4a: ac659efbfc0041de;
1b4b: 29a36c1a2b2cbbe7;
1b4c: 0000000000069583;
1b4d: 0000000000000000;
1b4e: 0000000000000000;
1b4f: 0000000000000000;
1b50: f56cb56858ff2a33;
1b51: 42b76ba9838ae0ee;
1b52: 1d56f0587cd671dc;
1b53: 78067af171e0b98f;
1b54: 0000000000070d2b;
1b55: 0000000000000000;
1b56: 0000000000000000;
1b57: 0000000000000000;
1b58: 4fe3133968c43704;
1b59: cf3a6af85a03362e;
1b5a: feb8e824291505a0;
1b5b: 8aed2ca38b723817;
1b5c: 0000000000077cfc;
1b5d: 0000000000000000;
1b5e: 0000000000000000;
1b5f: 0000000000000000;
1b60: 4fdb0000f40c9870;
1b61: 89a1a345421981ad;
1b62: f0f2d4f8181e95b3;
1b63: 6680a7fef9f5bbe2;
1b64: 0000000000071b5d;
1b65: 0000000000000000;
1b66: 0000000000000000;
1b67: 0000000000000000;
1b68: 1e42872e97e94dc0;
1b69: 9f02b8dbb59ffced;
1b6a: abc5b320fbbbd1dc;
1b6b: a4d51d38a1feb814;
1b6c: 0000000000068959;
1b6d: 0000000000000000;
1b6e: 0000000000000000;
1b6f: 0000000000000000;
1b70: 97a1dbd0e5e876f4;
1b71: f43b7a1cbd0ede83;
1b72: 876f4397a1dbd072;
1b73: ede872f43b7a0e5e;
1b74: 000000000001cbd0;
1b75: 0000000000000000;
1b76: 0000000000000000;
1b77: 8000000000000000;
1b78: 97a1dbd0e5e876f4;
1b79: f43b7a1cbd0ede83;
1b7a: 876f4397a1dbd072;
1b7b: ede872f43b7a0e5e;
1b7c: 000000000001cbd0;
1b7d: 0000000000000000;
1b7e: 0000000000000000;
1b7f: 8000000000000000;
1b80: 0000000000000040;
1b81: 000000000008000f;
1b82: 00000001000001e0;
1b83: 0000200000003c00;
1b84: 0000000000078000;
1b85: 0000000000000000;
1b86: 0000000000000000;
1b87: 0000000000000000;
1b88: 0000004000000000;
1b89: 000800000000000f;
1b8a: 00000000000001e0;
1b8b: 0000000000003c01;
1b8c: 000000000007a000;
1b8d: 0000000000000000;
1b8e: 0000000000000000;
1b8f: 0000000000000000;
1b90: 0000000000000000;
1b91: 0000000000000000;
1b92: 0000000000000000;
1b93: 0000000000000000;
1b94: 0000000000000000;
1b95: 0000000000000000;
1b96: 0000000000000000;
1b97: 0000000000000000;
1b98: 0000000000000000;
1b99: 0000000000000000;
1b9a: 0000000000000000;
1b9b: 0000000000000000;
1b9c: 0000000000000000;
1b9d: 0000000000000000;
1b9e: 0000000000000000;
1b9f: 0000000000000000;
1ba0: 0000000000000000;
1ba1: 0000000000000000;
1ba2: 0000000000000000;
1ba3: 0000000000000000;
1ba4: 0000000000000000;
1ba5: 0000000000000000;
1ba6: 0000000000000000;
1ba7: 0000000000000000;
1ba8: 0000000000000000;
1ba9: 0000000000000000;
1baa: 0000000000000000;
1bab: 0000000000000000;
1bac: 0000000000000000;
1bad: 0000000000000000;
1bae: 0000000000000000;
1baf: 0000000000000000;
1bb0: 0000000000000040;
1bb1: 000000000008000f;
1bb2: 00000001000001e0;
1bb3: 0000200000003c00;
1bb4: 0000000000078000;
1bb5: 0000000000000000;
1bb6: 0000000000000000;
1bb7: 0000000000000000;
1bb8: 0000004000000000;
1bb9: 000800000000000f;
1bba: 00000000000001e0;
1bbb: 0000000000003c01;
1bbc: 000000000007a000;
1bbd: 0000000000000000;
1bbe: 0000000000000000;
1bbf: 0000000000000000;
1bc0: e0000000f8000000;
1bc1: 0000001f00000003;
1bc2: 000003e00000007c;
1bc3: 00007c0000000f80;
1bc4: 000000000001f000;
1bc5: 0000000000000000;
1bc6: 0000000000000000;
1bc7: 8000000000000000;
1bc8: e0000000f8000000;
1bc9: 0000001f00000003;
1bca: 000003e00000007c;
1bcb: 00007c0000000f80;
1bcc: 000000000001f000;
1bcd: 0000000000000000;
1bce: 0000000000000000;
1bcf: 8000000000000000;
1bd0: 0000000000000040;
1bd1: 000000000008000f;
1bd2: 00000001000001e0;
1bd3: 0000200000003c00;
1bd4: 0000000000078000;
1bd5: 0000000000000000;
1bd6: 0000000000000000;
1bd7: 0000000000000000;
1bd8: 0000004000000000;
1bd9: 000800000000000f;
1bda: 00000000000001e0;
1bdb: 0000000000003c01;
1bdc: 000000000007a000;
1bdd: 0000000000000000;
1bde: 0000000000000000;
1bdf: 0000000000000000;
1be0: 0000000000000000;
1be1: 0000000000000000;
1be2: 0000000000000000;
1be3: 0000000000000000;
1be4: 0000000000000000;
1be5: 0000000000000000;
1be6: 0000000000000000;
1be7: 0000000000000000;
1be8: 0000000000000000;
1be9: 0000000000000000;
1bea: 0000000000000000;
1beb: 0000000000000000;
1bec: 0000000000000000;
1bed: 0000000000000000;
1bee: 0000000000000000;
1bef: 0000000000000000;
1bf0: 0000000000000000;
1bf1: 0000000000000000;
1bf2: 0000000000000000;
1bf3: 0000000000000000;
1bf4: 0000000000000000;
1bf5: 0000000000000000;
1bf6: 0000000000000000;
1bf7: 0000000000000000;
1bf8: 0000000000000000;
1bf9: 0000000000000000;
1bfa: 0000000000000000;
1bfb: 0000000000000000;
1bfc: 0000000000000000;
1bfd: 0000000000000000;
1bfe: 0000000000000000;
1bff: 0000000000000000;
1c00: 0000000000000040;
1c01: 000000000008000f;
1c02: 00000001000001e0;
1c03: 0000200000003c00;
1c04: 0000000000078000;
1c05: 0000000000000000;
1c06: 0000000000000000;
1c07: 0000000000000000;
1c08: 0000004000000000;
1c09: 000800000000000f;
1c0a: 00000000000001e0;
1c0b: 0000000000003c01;
1c0c: 000000000007a000;
1c0d: 0000000000000000;
1c0e: 0000000000000000;
1c0f: 0000000000000000;
1c10: 3efe60010fbf9800;
1c11: dfcc0021f7f30004;
1c12: f980043efe600087;
1c13: 300087dfcc0010fb;
1c14: 0000000000021f7f;
1c15: 0000000000000000;
1c16: 0000000000000000;
1c17: 8000000000000000;
1c18: 3efe60010fbf9800;
1c19: dfcc0021f7f30004;
1c1a: f980043efe600087;
1c1b: 300087dfcc0010fb;
1c1c: 0000000000021f7f;
1c1d: 0000000000000000;
1c1e: 0000000000000000;
1c1f: 8000000000000000;
1c20: 0000000000000040;
1c21: 000000000008000f;
1c22: 00000001000001e0;
1c23: 0000200000003c00;
1c24: 0000000000078000;
1c25: 0000000000000000;
1c26: 0000000000000000;
1c27: 0000000000000000;
1c28: 0000004000000000;
1c29: 000800000000000f;
1c2a: 00000000000001e0;
1c2b: 0000000000003c01;
1c2c: 000000000007a000;
1c2d: 0000000000000000;
1c2e: 0000000000000000;
1c2f: 0000000000000000;
1c30: 0000000000000000;
1c31: 0000000000000000;
1c32: 0000000000000000;
1c33: 0000000000000000;
1c34: 0000000000000000;
1c35: 0000000000000000;
1c36: 0000000000000000;
1c37: 0000000000000000;
1c38: 0000000000000000;
1c39: 0000000000000000;
1c3a: 0000000000000000;
1c3b: 0000000000000000;
1c3c: 0000000000000000;
1c3d: 0000000000000000;
1c3e: 0000000000000000;
1c3f: 0000000000000000;
1c40: 0000000000000000;
1c41: 0000000000000000;
1c42: 0000000000000000;
1c43: 0000000000000000;
1c44: 0000000000000000;
1c45: 0000000000000000;
1c46: 0000000000000000;
1c47: 0000000000000000;
1c48: 0000000000000000;
1c49: 0000000000000000;
1c4a: 0000000000000000;
1c4b: 0000000000000000;
1c4c: 0000000000000000;
1c4d: 0000000000000000;
1c4e: 0000000000000000;
1c4f: 0000000000000000;
1c50: 0000000000000040;
1c51: 000000000008000f;
1c52: 00000001000001e0;
1c53: 0000200000003c00;
1c54: 0000000000078000;
1c55: 0000000000000000;
1c56: 0000000000000000;
1c57: 0000000000000000;
1c58: 0000004000000000;
1c59: 000800000000000f;
1c5a: 00000000000001e0;
1c5b: 0000000000003c01;
1c5c: 000000000007a000;
1c5d: 0000000000000000;
1c5e: 0000000000000000;
1c5f: 0000000000000000;
1c60: 808a3044e0228c11;
1c61: 1146089c04518223;
1c62: 28c113808a304470;
1c63: 1822701146088e02;
1c64: 000000000001c045;
1c65: 0000000000000000;
1c66: 0000000000000000;
1c67: 8000000000000000;
1c68: 808a3044e0228c11;
1c69: 1146089c04518223;
1c6a: 28c113808a304470;
1c6b: 1822701146088e02;
1c6c: 000000000001c045;
1c6d: 0000000000000000;
1c6e: 0000000000000000;
1c6f: 8000000000000000;
1c70: 0000000000000040;
1c71: 000000000008000f;
1c72: 00000001000001e0;
1c73: 0000200000003c00;
1c74: 0000000000078000;
1c75: 0000000000000000;
1c76: 0000000000000000;
1c77: 0000000000000000;
1c78: 0000004000000000;
1c79: 000800000000000f;
1c7a: 00000000000001e0;
1c7b: 0000000000003c01;
1c7c: 000000000007a000;
1c7d: 0000000000000000;
1c7e: 0000000000000000;
1c7f: 0000000000000000;
1c80: 0000000000000000;
1c81: 0000000000000000;
1c82: 0000000000000000;
1c83: 0000000000000000;
1c84: 0000000000000000;
1c85: 0000000000000000;
1c86: 0000000000000000;
1c87: 0000000000000000;
1c88: 0000000000000000;
1c89: 0000000000000000;
1c8a: 0000000000000000;
1c8b: 0000000000000000;
1c8c: 0000000000000000;
1c8d: 0000000000000000;
1c8e: 0000000000000000;
1c8f: 0000000000000000;
1c90: 0000000000000000;
1c91: 0000000000000000;
1c92: 0000000000000000;
1c93: 0000000000000000;
1c94: 0000000000000000;
1c95: 0000000000000000;
1c96: 0000000000000000;
1c97: 0000000000000000;
1c98: 0000000000000000;
1c99: 0000000000000000;
1c9a: 0000000000000000;
1c9b: 0000000000000000;
1c9c: 0000000000000000;
1c9d: 0000000000000000;
1c9e: 0000000000000000;
1c9f: 0000000000000000;
1ca0: 0000000000000040;
1ca1: 000000000008000f;
1ca2: 00000001000001e0;
1ca3: 0000200000003c00;
1ca4: 0000000000078000;
1ca5: 0000000000000000;
1ca6: 0000000000000000;
1ca7: 0000000000000000;
1ca8: 0000004000000000;
1ca9: 000800000000000f;
1caa: 00000000000001e0;
1cab: 0000000000003c01;
1cac: 000000000007a000;
1cad: 0000000000000000;
1cae: 0000000000000000;
1caf: 0000000000000000;
1cb0: e0000000f8000000;
1cb1: 0000001f00000003;
1cb2: 000003e00000007c;
1cb3: 00007c0000000f80;
1cb4: 000000000001f000;
1cb5: 0000000000000000;
1cb6: 0000000000000000;
1cb7: 8000000000000000;
1cb8: e0000000f8000000;
1cb9: 0000001f00000003;
1cba: 000003e00000007c;
1cbb: 00007c0000000f80;
1cbc: 000000000001f000;
1cbd: 0000000000000000;
1cbe: 0000000000000000;
1cbf: 8000000000000000;
1cc0: 0000000000000040;
1cc1: 000000000008000d;
1cc2: 00000001000001a0;
1cc3: 0000200000003400;
1cc4: 0000000000068000;
1cc5: 0000000000000000;
1cc6: 0000000000000000;
1cc7: 0000000000000000;
1cc8: 0000004000000000;
1cc9: 000800000000000d;
1cca: 00000000000001a0;
1ccb: 0000000000003401;
1ccc: 000000000006a000;
1ccd: 0000000000000000;
1cce: 0000000000000000;
1ccf: 0000000000000000;
1cd0: 0000000000000000;
1cd1: 0000000000000000;
1cd2: 0000000000000000;
1cd3: 0000000000000000;
1cd4: 0000000000000000;
1cd5: 0000000000000000;
1cd6: 0000000000000000;
1cd7: 0000000000000000;
1cd8: 0000000000000000;
1cd9: 0000000000000000;
1cda: 0000000000000000;
1cdb: 0000000000000000;
1cdc: 0000000000000000;
1cdd: 0000000000000000;
1cde: 0000000000000000;
1cdf: 0000000000000000;
1ce0: 0000000000000040;
1ce1: 000000000008000d;
1ce2: 00000001000001a0;
1ce3: 0000200000003400;
1ce4: 0000000000068000;
1ce5: 0000000000000000;
1ce6: 0000000000000000;
1ce7: 0000000000000000;
1ce8: 0000004000000000;
1ce9: 000800000000000d;
1cea: 00000000000001a0;
1ceb: 0000000000003401;
1cec: 000000000006a000;
1ced: 0000000000000000;
1cee: 0000000000000000;
1cef: 0000000000000000;
1cf0: 0000000000000000;
1cf1: 0000000000000000;
1cf2: 0000000000000000;
1cf3: 0000000000000000;
1cf4: 0000000000000000;
1cf5: 0000000000000000;
1cf6: 0000000000000000;
1cf7: 0000000000000000;
1cf8: 0000000000000000;
1cf9: 0000000000000000;
1cfa: 0000000000000000;
1cfb: 0000000000000000;
1cfc: 0000000000000000;
1cfd: 0000000000000000;
1cfe: 0000000000000000;
1cff: 0000000000000000;
1d00: 0000000000000040;
1d01: 000000000008000d;
1d02: 00000001000001a0;
1d03: 0000200000003400;
1d04: 0000000000068000;
1d05: 0000000000000000;
1d06: 0000000000000000;
1d07: 0000000000000000;
1d08: 0000004000000000;
1d09: 000800000000000d;
1d0a: 00000000000001a0;
1d0b: 0000000000003401;
1d0c: 000000000006a000;
1d0d: 0000000000000000;
1d0e: 0000000000000000;
1d0f: 0000000000000000;
1d10: 0000000000000000;
1d11: 0000000000000000;
1d12: 0000000000000000;
1d13: 0000000000000000;
1d14: 0000000000000000;
1d15: 0000000000000000;
1d16: 0000000000000000;
1d17: 0000000000000000;
1d18: 0000000000000000;
1d19: 0000000000000000;
1d1a: 0000000000000000;
1d1b: 0000000000000000;
1d1c: 0000000000000000;
1d1d: 0000000000000000;
1d1e: 0000000000000000;
1d1f: 0000000000000000;
1d20: 0000000000000040;
1d21: 000000000008000d;
1d22: 00000001000001a0;
1d23: 0000200000003400;
1d24: 0000000000068000;
1d25: 0000000000000000;
1d26: 0000000000000000;
1d27: 0000000000000000;
1d28: 0000004000000000;
1d29: 000800000000000d;
1d2a: 00000000000001a0;
1d2b: 0000000000003401;
1d2c: 000000000006a000;
1d2d: 0000000000000000;
1d2e: 0000000000000000;
1d2f: 0000000000000000;
1d30: 0000000000000000;
1d31: 0000000000000000;
1d32: 0000000000000000;
1d33: 0000000000000000;
1d34: 0000000000000000;
1d35: 0000000000000000;
1d36: 0000000000000000;
1d37: 0000000000000000;
1d38: 0000000000000000;
1d39: 0000000000000000;
1d3a: 0000000000000000;
1d3b: 0000000000000000;
1d3c: 0000000000000000;
1d3d: 0000000000000000;
1d3e: 0000000000000000;
1d3f: 0000000000000000;
1d40: 0000000000000000;
1d41: 0000000000000000;
1d42: 0000000000000000;
1d43: 0000000000000000;
1d44: 0000000000000000;
1d45: 0000000000000000;
1d46: 0000000000000000;
1d47: 0000000000000000;
1d48: 0000000000000000;
1d49: 0000000000000000;
1d4a: 0000000000000000;
1d4b: 0000000000000000;
1d4c: 0000000000000000;
1d4d: 0000000000000000;
1d4e: 0000000000000000;
1d4f: 0000000000000000;
1d50: 0000000000000040;
1d51: 000000000008000d;
1d52: 00000001000001a0;
1d53: 0000200000003400;
1d54: 0000000000068000;
1d55: 0000000000000000;
1d56: 0000000000000000;
1d57: 0000000000000000;
1d58: 0000004000000000;
1d59: 000800000000000d;
1d5a: 00000000000001a0;
1d5b: 0000000000003401;
1d5c: 000000000006a000;
1d5d: 0000000000000000;
1d5e: 0000000000000000;
1d5f: 0000000000000000;
1d60: 0000000000000000;
1d61: 0000000000000000;
1d62: 0000000000000000;
1d63: 0000000000000000;
1d64: 0000000000000000;
1d65: 0000000000000000;
1d66: 0000000000000000;
1d67: 0000000000000000;
1d68: 0000000000000000;
1d69: 0000000000000000;
1d6a: 0000000000000000;
1d6b: 0000000000000000;
1d6c: 0000000000000000;
1d6d: 0000000000000000;
1d6e: 0000000000000000;
1d6f: 0000000000000000;
1d70: 0000000000000040;
1d71: 000000000008000d;
1d72: 00000001000001a0;
1d73: 0000200000003400;
1d74: 0000000000068000;
1d75: 0000000000000000;
1d76: 0000000000000000;
1d77: 0000000000000000;
1d78: 0000004000000000;
1d79: 000800000000000d;
1d7a: 00000000000001a0;
1d7b: 0000000000003401;
1d7c: 000000000006a000;
1d7d: 0000000000000000;
1d7e: 0000000000000000;
1d7f: 0000000000000000;
1d80: 0000000000000000;
1d81: 0000000000000000;
1d82: 0000000000000000;
1d83: 0000000000000000;
1d84: 0000000000000000;
1d85: 0000000000000000;
1d86: 0000000000000000;
1d87: 0000000000000000;
1d88: 0000000000000000;
1d89: 0000000000000000;
1d8a: 0000000000000000;
1d8b: 0000000000000000;
1d8c: 0000000000000000;
1d8d: 0000000000000000;
1d8e: 0000000000000000;
1d8f: 0000000000000000;
1d90: 0000000000000040;
1d91: 000000000008000d;
1d92: 00000001000001a0;
1d93: 0000200000003400;
1d94: 0000000000068000;
1d95: 0000000000000000;
1d96: 0000000000000000;
1d97: 0000000000000000;
1d98: 0000004000000000;
1d99: 000800000000000d;
1d9a: 00000000000001a0;
1d9b: 0000000000003401;
1d9c: 000000000006a000;
1d9d: 0000000000000000;
1d9e: 0000000000000000;
1d9f: 0000000000000000;
1da0: 0000000000000000;
1da1: 0000000000000000;
1da2: 0000000000000000;
1da3: 0000000000000000;
1da4: 0000000000000000;
1da5: 0000000000000000;
1da6: 0000000000000000;
1da7: 0000000000000000;
1da8: 0000000000000000;
1da9: 0000000000000000;
1daa: 0000000000000000;
1dab: 0000000000000000;
1dac: 0000000000000000;
1dad: 0000000000000000;
1dae: 0000000000000000;
1daf: 0000000000000000;
1db0: 0000000000000040;
1db1: 000000000008000d;
1db2: 00000001000001a0;
1db3: 0000200000003400;
1db4: 0000000000068000;
1db5: 0000000000000000;
1db6: 0000000000000000;
1db7: 0000000000000000;
1db8: 0000004000000000;
1db9: 000800000000000d;
1dba: 00000000000001a0;
1dbb: 0000000000003401;
1dbc: 000000000006a000;
1dbd: 0000000000000000;
1dbe: 0000000000000000;
1dbf: 0000000000000000;
1dc0: e0000000f8000000;
1dc1: 0000001f00000003;
1dc2: 000003e00000007c;
1dc3: 00007c0000000f80;
1dc4: 000000000001f000;
1dc5: 0000000000000000;
1dc6: 0000000000000000;
1dc7: 8000000000000000;
1dc8: e0000000f8000000;
1dc9: 0000001f00000003;
1dca: 000003e00000007c;
1dcb: 00007c0000000f80;
1dcc: 000000000001f000;
1dcd: 0000000000000000;
1dce: 0000000000000000;
1dcf: 8000000000000000;
1dd0: 0000000000000040;
1dd1: 000000000008000b;
1dd2: 0000000100000160;
1dd3: 0000200000002c00;
1dd4: 0000000000058000;
1dd5: 0000000000000000;
1dd6: 0000000000000000;
1dd7: 0000000000000000;
1dd8: 0000004000000000;
1dd9: 000800000000000b;
1dda: 0000000000000160;
1ddb: 0000000000002c01;
1ddc: 000000000005a000;
1ddd: 0000000000000000;
1dde: 0000000000000000;
1ddf: 0000000000000000;
1de0: 0000000000000000;
1de1: 0000000000000000;
1de2: 0000000000000000;
1de3: 0000000000000000;
1de4: 0000000000000000;
1de5: 0000000000000000;
1de6: 0000000000000000;
1de7: 0000000000000000;
1de8: 0000000000000000;
1de9: 0000000000000000;
1dea: 0000000000000000;
1deb: 0000000000000000;
1dec: 0000000000000000;
1ded: 0000000000000000;
1dee: 0000000000000000;
1def: 0000000000000000;
1df0: 0000000000000040;
1df1: 000000000008000b;
1df2: 0000000100000160;
1df3: 0000200000002c00;
1df4: 0000000000058000;
1df5: 0000000000000000;
1df6: 0000000000000000;
1df7: 0000000000000000;
1df8: 0000004000000000;
1df9: 000800000000000b;
1dfa: 0000000000000160;
1dfb: 0000000000002c01;
1dfc: 000000000005a000;
1dfd: 0000000000000000;
1dfe: 0000000000000000;
1dff: 0000000000000000;
1e00: 0000000000000000;
1e01: 0000000000000000;
1e02: 0000000000000000;
1e03: 0000000000000000;
1e04: 0000000000000000;
1e05: 0000000000000000;
1e06: 0000000000000000;
1e07: 0000000000000000;
1e08: 0000000000000000;
1e09: 0000000000000000;
1e0a: 0000000000000000;
1e0b: 0000000000000000;
1e0c: 0000000000000000;
1e0d: 0000000000000000;
1e0e: 0000000000000000;
1e0f: 0000000000000000;
1e10: 0000000000000040;
1e11: 000000000008000b;
1e12: 0000000100000160;
1e13: 0000200000002c00;
1e14: 0000000000058000;
1e15: 0000000000000000;
1e16: 0000000000000000;
1e17: 0000000000000000;
1e18: 0000004000000000;
1e19: 000800000000000b;
1e1a: 0000000000000160;
1e1b: 0000000000002c01;
1e1c: 000000000005a000;
1e1d: 0000000000000000;
1e1e: 0000000000000000;
1e1f: 0000000000000000;
1e20: 0000000000000000;
1e21: 0000000000000000;
1e22: 0000000000000000;
1e23: 0000000000000000;
1e24: 0000000000000000;
1e25: 0000000000000000;
1e26: 0000000000000000;
1e27: 0000000000000000;
1e28: 0000000000000000;
1e29: 0000000000000000;
1e2a: 0000000000000000;
1e2b: 0000000000000000;
1e2c: 0000000000000000;
1e2d: 0000000000000000;
1e2e: 0000000000000000;
1e2f: 0000000000000000;
1e30: 0000000000000040;
1e31: 000000000008000b;
1e32: 0000000100000160;
1e33: 0000200000002c00;
1e34: 0000000000058000;
1e35: 0000000000000000;
1e36: 0000000000000000;
1e37: 0000000000000000;
1e38: 0000004000000000;
1e39: 000800000000000b;
1e3a: 0000000000000160;
1e3b: 0000000000002c01;
1e3c: 000000000005a000;
1e3d: 0000000000000000;
1e3e: 0000000000000000;
1e3f: 0000000000000000;
1e40: 0000000000000000;
1e41: 0000000000000000;
1e42: 0000000000000000;
1e43: 0000000000000000;
1e44: 0000000000000000;
1e45: 0000000000000000;
1e46: 0000000000000000;
1e47: 0000000000000000;
1e48: 0000000000000000;
1e49: 0000000000000000;
1e4a: 0000000000000000;
1e4b: 0000000000000000;
1e4c: 0000000000000000;
1e4d: 0000000000000000;
1e4e: 0000000000000000;
1e4f: 0000000000000000;
1e50: 0000000000000040;
1e51: 000000000008000b;
1e52: 0000000100000160;
1e53: 0000200000002c00;
1e54: 0000000000058000;
1e55: 0000000000000000;
1e56: 0000000000000000;
1e57: 0000000000000000;
1e58: 0000004000000000;
1e59: 000800000000000b;
1e5a: 0000000000000160;
1e5b: 0000000000002c01;
1e5c: 000000000005a000;
1e5d: 0000000000000000;
1e5e: 0000000000000000;
1e5f: 0000000000000000;
1e60: 0000000000000000;
1e61: 0000000000000000;
1e62: 0000000000000000;
1e63: 0000000000000000;
1e64: 0000000000000000;
1e65: 0000000000000000;
1e66: 0000000000000000;
1e67: 0000000000000000;
1e68: 0000000000000000;
1e69: 0000000000000000;
1e6a: 0000000000000000;
1e6b: 0000000000000000;
1e6c: 0000000000000000;
1e6d: 0000000000000000;
1e6e: 0000000000000000;
1e6f: 0000000000000000;
1e70: 0000000000000040;
1e71: 000000000008000b;
1e72: 0000000100000160;
1e73: 0000200000002c00;
1e74: 0000000000058000;
1e75: 0000000000000000;
1e76: 0000000000000000;
1e77: 0000000000000000;
1e78: 0000004000000000;
1e79: 000800000000000b;
1e7a: 0000000000000160;
1e7b: 0000000000002c01;
1e7c: 000000000005a000;
1e7d: 0000000000000000;
1e7e: 0000000000000000;
1e7f: 0000000000000000;
1e80: 0000000000000000;
1e81: 0000000000000000;
1e82: 0000000000000000;
1e83: 0000000000000000;
1e84: 0000000000000000;
1e85: 0000000000000000;
1e86: 0000000000000000;
1e87: 0000000000000000;
1e88: 0000000000000000;
1e89: 0000000000000000;
1e8a: 0000000000000000;
1e8b: 0000000000000000;
1e8c: 0000000000000000;
1e8d: 0000000000000000;
1e8e: 0000000000000000;
1e8f: 0000000000000000;
1e90: 0000000000000040;
1e91: 000000000008000b;
1e92: 0000000100000160;
1e93: 0000200000002c00;
1e94: 0000000000058000;
1e95: 0000000000000000;
1e96: 0000000000000000;
1e97: 0000000000000000;
1e98: 0000004000000000;
1e99: 000800000000000b;
1e9a: 0000000000000160;
1e9b: 0000000000002c01;
1e9c: 000000000005a000;
1e9d: 0000000000000000;
1e9e: 0000000000000000;
1e9f: 0000000000000000;
1ea0: 0000000000000000;
1ea1: 0000000000000000;
1ea2: 0000000000000000;
1ea3: 0000000000000000;
1ea4: 0000000000000000;
1ea5: 0000000000000000;
1ea6: 0000000000000000;
1ea7: 0000000000000000;
1ea8: 0000000000000000;
1ea9: 0000000000000000;
1eaa: 0000000000000000;
1eab: 0000000000000000;
1eac: 0000000000000000;
1ead: 0000000000000000;
1eae: 0000000000000000;
1eaf: 0000000000000000;
1eb0: 0000000000000040;
1eb1: 000000000008000b;
1eb2: 0000000100000160;
1eb3: 0000200000002c00;
1eb4: 0000000000058000;
1eb5: 0000000000000000;
1eb6: 0000000000000000;
1eb7: 0000000000000000;
1eb8: 0000004000000000;
1eb9: 000800000000000b;
1eba: 0000000000000160;
1ebb: 0000000000002c01;
1ebc: 000000000005a000;
1ebd: 0000000000000000;
1ebe: 0000000000000000;
1ebf: 0000000000000000;
1ec0: 0000000000000000;
1ec1: 0000000000000000;
1ec2: 0000000000000000;
1ec3: 0000000000000000;
1ec4: 0000000000000000;
1ec5: 0000000000000000;
1ec6: 0000000000000000;
1ec7: 0000000000000000;
1ec8: 0000000000000000;
1ec9: 0000000000000000;
1eca: 0000000000000000;
1ecb: 0000000000000000;
1ecc: 0000000000000000;
1ecd: 0000000000000000;
1ece: 0000000000000000;
1ecf: 0000000000000000;
1ed0: 0000000000000040;
1ed1: 000000000008000b;
1ed2: 0000000100000160;
1ed3: 0000200000002c00;
1ed4: 0000000000058000;
1ed5: 0000000000000000;
1ed6: 0000000000000000;
1ed7: 0000000000000000;
1ed8: 0000004000000000;
1ed9: 000800000000000b;
1eda: 0000000000000160;
1edb: 0000000000002c01;
1edc: 000000000005a000;
1edd: 0000000000000000;
1ede: 0000000000000000;
1edf: 0000000000000000;
1ee0: 0000000000000000;
1ee1: 0000000000000000;
1ee2: 0000000000000000;
1ee3: 0000000000000000;
1ee4: 0000000000000000;
1ee5: 0000000000000000;
1ee6: 0000000000000000;
1ee7: 0000000000000000;
1ee8: 0000000000000000;
1ee9: 0000000000000000;
1eea: 0000000000000000;
1eeb: 0000000000000000;
1eec: 0000000000000000;
1eed: 0000000000000000;
1eee: 0000000000000000;
1eef: 0000000000000000;
1ef0: 0000000000000040;
1ef1: 000000000008000b;
1ef2: 0000000100000160;
1ef3: 0000200000002c00;
1ef4: 0000000000058000;
1ef5: 0000000000000000;
1ef6: 0000000000000000;
1ef7: 0000000000000000;
1ef8: 0000004000000000;
1ef9: 000800000000000b;
1efa: 0000000000000160;
1efb: 0000000000002c01;
1efc: 000000000005a000;
1efd: 0000000000000000;
1efe: 0000000000000000;
1eff: 0000000000000000;
1f00: 0000000000000000;
1f01: 0000000000000000;
1f02: 0000000000000000;
1f03: 0000000000000000;
1f04: 0000000000000000;
1f05: 0000000000000000;
1f06: 0000000000000000;
1f07: 0000000000000000;
1f08: 0000000000000000;
1f09: 0000000000000000;
1f0a: 0000000000000000;
1f0b: 0000000000000000;
1f0c: 0000000000000000;
1f0d: 0000000000000000;
1f0e: 0000000000000000;
1f0f: 0000000000000000;
1f10: 0000000000000040;
1f11: 000000000008000b;
1f12: 0000000100000160;
1f13: 0000200000002c00;
1f14: 0000000000058000;
1f15: 0000000000000000;
1f16: 0000000000000000;
1f17: 0000000000000000;
1f18: 0000004000000000;
1f19: 000800000000000b;
1f1a: 0000000000000160;
1f1b: 0000000000002c01;
1f1c: 000000000005a000;
1f1d: 0000000000000000;
1f1e: 0000000000000000;
1f1f: 0000000000000000;
1f20: 0000000000000000;
1f21: 0000000000000000;
1f22: 0000000000000000;
1f23: 0000000000000000;
1f24: 0000000000000000;
1f25: 0000000000000000;
1f26: 0000000000000000;
1f27: 0000000000000000;
1f28: 0000000000000000;
1f29: 0000000000000000;
1f2a: 0000000000000000;
1f2b: 0000000000000000;
1f2c: 0000000000000000;
1f2d: 0000000000000000;
1f2e: 0000000000000000;
1f2f: 0000000000000000;
1f30: 0000000000000040;
1f31: 000000000008000b;
1f32: 0000000100000160;
1f33: 0000200000002c00;
1f34: 0000000000058000;
1f35: 0000000000000000;
1f36: 0000000000000000;
1f37: 0000000000000000;
1f38: 0000004000000000;
1f39: 000800000000000b;
1f3a: 0000000000000160;
1f3b: 0000000000002c01;
1f3c: 000000000005a000;
1f3d: 0000000000000000;
1f3e: 0000000000000000;
1f3f: 0000000000000000;
1f40: 0000000000000000;
1f41: 0000000000000000;
1f42: 0000000000000000;
1f43: 0000000000000000;
1f44: 0000000000000000;
1f45: 0000000000000000;
1f46: 0000000000000000;
1f47: 0000000000000000;
1f48: 0000000000000000;
1f49: 0000000000000000;
1f4a: 0000000000000000;
1f4b: 0000000000000000;
1f4c: 0000000000000000;
1f4d: 0000000000000000;
1f4e: 0000000000000000;
1f4f: 0000000000000000;
1f50: 0000000000000040;
1f51: 000000000008000b;
1f52: 0000000100000160;
1f53: 0000200000002c00;
1f54: 0000000000058000;
1f55: 0000000000000000;
1f56: 0000000000000000;
1f57: 0000000000000000;
1f58: 0000004000000000;
1f59: 000800000000000b;
1f5a: 0000000000000160;
1f5b: 0000000000002c01;
1f5c: 000000000005a000;
1f5d: 0000000000000000;
1f5e: 0000000000000000;
1f5f: 0000000000000000;
1f60: 0000000000000000;
1f61: 0000000000000000;
1f62: 0000000000000000;
1f63: 0000000000000000;
1f64: 0000000000000000;
1f65: 0000000000000000;
1f66: 0000000000000000;
1f67: 0000000000000000;
1f68: 0000000000000000;
1f69: 0000000000000000;
1f6a: 0000000000000000;
1f6b: 0000000000000000;
1f6c: 0000000000000000;
1f6d: 0000000000000000;
1f6e: 0000000000000000;
1f6f: 0000000000000000;
1f70: 0000000000000040;
1f71: 000000000008000b;
1f72: 0000000100000160;
1f73: 0000200000002c00;
1f74: 0000000000058000;
1f75: 0000000000000000;
1f76: 0000000000000000;
1f77: 0000000000000000;
1f78: 0000004000000000;
1f79: 000800000000000b;
1f7a: 0000000000000160;
1f7b: 0000000000002c01;
1f7c: 000000000005a000;
1f7d: 0000000000000000;
1f7e: 0000000000000000;
1f7f: 0000000000000000;
1f80: 0000000000000000;
1f81: 0000000000000000;
1f82: 0000000000000000;
1f83: 0000000000000000;
1f84: 0000000000000000;
1f85: 0000000000000000;
1f86: 0000000000000000;
1f87: 0000000000000000;
1f88: 0000000000000000;
1f89: 0000000000000000;
1f8a: 0000000000000000;
1f8b: 0000000000000000;
1f8c: 0000000000000000;
1f8d: 0000000000000000;
1f8e: 0000000000000000;
1f8f: 0000000000000000;
1f90: 0000000000000040;
1f91: 000000000008000b;
1f92: 0000000100000160;
1f93: 0000200000002c00;
1f94: 0000000000058000;
1f95: 0000000000000000;
1f96: 0000000000000000;
1f97: 0000000000000000;
1f98: 0000004000000000;
1f99: 000800000000000b;
1f9a: 0000000000000160;
1f9b: 0000000000002c01;
1f9c: 000000000005a000;
1f9d: 0000000000000000;
1f9e: 0000000000000000;
1f9f: 0000000000000000;
1fa0: 0000000000000000;
1fa1: 0000000000000000;
1fa2: 0000000000000000;
1fa3: 0000000000000000;
1fa4: 0000000000000000;
1fa5: 0000000000000000;
1fa6: 0000000000000000;
1fa7: 0000000000000000;
1fa8: 0000000000000000;
1fa9: 0000000000000000;
1faa: 0000000000000000;
1fab: 0000000000000000;
1fac: 0000000000000000;
1fad: 0000000000000000;
1fae: 0000000000000000;
1faf: 0000000000000000;
1fb0: 0000000000000040;
1fb1: 000000000008000b;
1fb2: 0000000100000160;
1fb3: 0000200000002c00;
1fb4: 0000000000058000;
1fb5: 0000000000000000;
1fb6: 0000000000000000;
1fb7: 0000000000000000;
1fb8: 0000004000000000;
1fb9: 000800000000000b;
1fba: 0000000000000160;
1fbb: 0000000000002c01;
1fbc: 000000000005a000;
1fbd: 0000000000000000;
1fbe: 0000000000000000;
1fbf: 0000000000000000;
1fc0: 0000000000000000;
1fc1: 0000000000000000;
1fc2: 0000000000000000;
1fc3: 0000000000000000;
1fc4: 0000000000000000;
1fc5: 0000000000000000;
1fc6: 0000000000000000;
1fc7: 0000000000000000;
1fc8: 0000000000000000;
1fc9: 0000000000000000;
1fca: 0000000000000000;
1fcb: 0000000000000000;
1fcc: 0000000000000000;
1fcd: 0000000000000000;
1fce: 0000000000000000;
1fcf: 0000000000000000;
1fd0: 0000000000000000;
1fd1: 0000000000000000;
1fd2: 0000000000000000;
1fd3: 0000000000000000;
1fd4: 0000000000000000;
1fd5: 0000000000000000;
1fd6: 0000000000000000;
1fd7: 0000000000000000;
1fd8: 0000000000000000;
1fd9: 0000000000000000;
1fda: 0000000000000000;
1fdb: 0000000000000000;
1fdc: 0000000000000000;
1fdd: 0000000000000000;
1fde: 0000000000000000;
1fdf: 0000000000000000;
1fe0: 0000000000000040;
1fe1: 000000000008000b;
1fe2: 0000000100000160;
1fe3: 0000200000002c00;
1fe4: 0000000000058000;
1fe5: 0000000000000000;
1fe6: 0000000000000000;
1fe7: 0000000000000000;
1fe8: 0000004000000000;
1fe9: 000800000000000b;
1fea: 0000000000000160;
1feb: 0000000000002c01;
1fec: 000000000005a000;
1fed: 0000000000000000;
1fee: 0000000000000000;
1fef: 0000000000000000;
1ff0: 0000000000000000;
1ff1: 0000000000000000;
1ff2: 0000000000000000;
1ff3: 0000000000000000;
1ff4: 0000000000000000;
1ff5: 0000000000000000;
1ff6: 0000000000000000;
1ff7: 0000000000000000;
1ff8: 0000000000000000;
1ff9: 0000000000000000;
1ffa: 0000000000000000;
1ffb: 0000000000000000;
1ffc: 0000000000000000;
1ffd: 0000000000000000;
1ffe: 0000000000000000;
1fff: 0000000000000000;
END;
