-- Generated by scripts/make_dla_param_mif.py -- do not edit
DEPTH = 16384;
WIDTH = 64;
ADDRESS_RADIX = HEX;
DATA_RADIX = HEX;
CONTENT
BEGIN
0: 0200000800000000;
1: 02000008000003fe;
2: 0800000600000000;
3: 0800000800000000;
4: 0800000800000000;
5: 0800000800003ff0;
6: 0800000800000000;
7: 0800000800000000;
8: 08000008ffffffff;
9: 08000008ffffffff;
a: 080000080000001e;
b: 080000080000001e;
c: 0800000800000010;
d: 0800000800000010;
e: 0800000800000010;
f: 0800000800000010;
10: 0400000800010000;
11: 0300000800000000;
12: 0300000800000000;
13: 0300000800000000;
14: 0300000800000001;
15: 0300000800000000;
16: 030000081e000000;
17: 030000081e000000;
18: 03000008ff000000;
19: 03000008ffffffff;
1a: 030000081fffffff;
1b: 0300000800000000;
1c: 03000008ff000000;
1d: 0300000800ffffff;
1e: 03000008ff000000;
1f: 03000008000003ff;
20: 0100000500004c00;
21: 0100000800000000;
22: 0100000800000004;
23: 0100000800000040;
24: 0600000800000003;
25: 0600000800000000;
26: 05000008ffffffff;
27: 05000008ffffffff;
28: 0500000800000400;
29: 0500000800000000;
2a: 0500000800000000;
2b: 0500000800000400;
2c: 0500000800000400;
2d: 0500000800000020;
2e: 0500000800000000;
2f: 0500000800000400;
30: 05000008ffffffff;
31: 0500000800000020;
32: 050000080000001e;
33: 0500000800000001;
34: 050000080000001e;
35: 0500000800000000;
36: 0500000800000001;
37: 05000008ffffffff;
38: 0500000800000054;
39: 0500000800000400;
3a: 05000008ffffffff;
3b: 05000008ffffffff;
3c: 0500000800000400;
3d: 0500000800000000;
3e: 05000008ffffffff;
3f: 0500000800000020;
40: 0500000800000000;
41: 05000008ffffffff;
42: 0500000800000001;
43: 0500000800000000;
44: 05000008ffffffff;
45: 05000008ffffffff;
46: 0500000800000004;
47: 0500000800000000;
48: 0500000801000000;
49: 0a00000800120208;
4a: 0a000008ffffffff;
4b: 0900000840004011;
4c: 0900000808000000;
4d: 0900000808000000;
4e: 0900000800000000;
4f: 0200000801000000;
50: 02000008000007fe;
51: 0400000800000100;
52: 0300000800000400;
53: 0300000800000000;
54: 0300000800000000;
55: 03000008fffff801;
56: 0300000800000400;
57: 030000081e000100;
58: 030000081e000000;
59: 03000008ff000000;
5a: 03000008ffffffff;
5b: 030000081fffffff;
5c: 0300000801000000;
5d: 03000008ff000000;
5e: 0300000800ffffff;
5f: 0300000800000004;
60: 03000008000007ff;
61: 0100000500004d80;
62: 0100000800000000;
63: 0100000800000004;
64: 0100000800000040;
65: 0600000800000402;
66: 0600000800010000;
67: 05000008ffffffff;
68: 05000008ffffffff;
69: 0500000800000400;
6a: 0500000800000000;
6b: 0500000800000000;
6c: 0500000800000400;
6d: 0500000800000400;
6e: 0500000800000020;
6f: 0500000800000400;
70: 0500000800000400;
71: 05000008ffffffff;
72: 0500000800000020;
73: 050000080000001e;
74: 0500000800000001;
75: 050000080000001e;
76: 0500000800000000;
77: 0500000800000001;
78: 05000008ffffffff;
79: 0500000800000054;
7a: 0500000800000400;
7b: 05000008ffffffff;
7c: 05000008ffffffff;
7d: 0500000800000400;
7e: 0500000800000000;
7f: 05000008ffffffff;
80: 0500000800000020;
81: 0500000800000000;
82: 05000008ffffffff;
83: 0500000800000001;
84: 0500000800000000;
85: 05000008ffffffff;
86: 05000008ffffffff;
87: 0500000800000004;
88: 0500000800000000;
89: 0500000801000000;
8a: 0900000800004000;
8b: 0900000808000000;
8c: 0900000808000000;
8d: 0900000800000000;
8e: 0200000801000000;
8f: 02000008000007fe;
90: 0400000801000100;
91: 0300000800000400;
92: 0300000800000000;
93: 0300000800000000;
94: 03000008fffff801;
95: 0300000800000400;
96: 030000081e000101;
97: 030000081e000000;
98: 03000008ff000000;
99: 03000008ffffffff;
9a: 030000081fffffff;
9b: 0300000801000000;
9c: 03000008ff000000;
9d: 0300000800ffffff;
9e: 030000080000000c;
9f: 03000008000007ff;
a0: 0100000500004f00;
a1: 0100000800000000;
a2: 0100000800000024;
a3: 0100000800000040;
a4: 0600000800000004;
a5: 0600000800020000;
a6: 05000008ffffffff;
a7: 05000008ffffffff;
a8: 0500000800000400;
a9: 0500000800000000;
aa: 0500000800000000;
ab: 0500000800000400;
ac: 0500000800000400;
ad: 0500000800000020;
ae: 0500000800000c00;
af: 0500000800000400;
b0: 05000008ffffffff;
b1: 0500000800000020;
b2: 050000080000001e;
b3: 0500000800000001;
b4: 050000080000001e;
b5: 0500000800000000;
b6: 0500000800000001;
b7: 05000008ffffffff;
b8: 0500000800000054;
b9: 0500000800000400;
ba: 05000008ffffffff;
bb: 05000008ffffffff;
bc: 0500000800000400;
bd: 0500000800000000;
be: 05000008ffffffff;
bf: 0500000800000020;
c0: 05000008ffffffe0;
c1: 0500000800000001;
c2: 0500000800000001;
c3: 05000008ffffffff;
c4: 0500000800000001;
c5: 0500000800000007;
c6: 0500000800000004;
c7: 0500000800000000;
c8: 0500000801000000;
c9: 0a00000800120208;
ca: 0a000008ffffffff;
cb: 0900000840004011;
cc: 0900000808000000;
cd: 0900000808000000;
ce: 0900000800000000;
cf: 0200000801000000;
d0: 02000008000007fe;
d1: 0400000802000100;
d2: 0300000800000400;
d3: 0300000800000000;
d4: 0300000800000000;
d5: 03000008fffff801;
d6: 0300000800000400;
d7: 030000081e000102;
d8: 030000081e000000;
d9: 03000008ff000000;
da: 03000008ffffffff;
db: 030000081fffffff;
dc: 0300000801000000;
dd: 03000008ff000000;
de: 0300000800ffffff;
df: 0300000800000014;
e0: 03000008000007ff;
e1: 0100000500005880;
e2: 0100000800000000;
e3: 0100000800000008;
e4: 0100000800000040;
e5: 060000080000000e;
e6: 0600000800030000;
e7: 05000008ffffffff;
e8: 05000008ffffffff;
e9: 0500000800000400;
ea: 0500000800000000;
eb: 0500000800000000;
ec: 0500000800000400;
ed: 0500000800000800;
ee: 0500000800000020;
ef: 0500000800001400;
f0: 0500000800000400;
f1: 05000008ffffffff;
f2: 0500000800000020;
f3: 050000080000001e;
f4: 0500000800000001;
f5: 050000080000001e;
f6: 0500000800000000;
f7: 0500000800000001;
f8: 05000008ffffffff;
f9: 0500000800000054;
fa: 0500000800000400;
fb: 0500000800000000;
fc: 0500000800000000;
fd: 0500000800000400;
fe: 0500000800000000;
ff: 05000008ffffffff;
100: 0500000800000020;
101: 0500000800000000;
102: 05000008ffffffff;
103: 0500000800000001;
104: 0500000800000000;
105: 05000008ffffffff;
106: 0500000800000000;
107: 0500000800000004;
108: 0500000800000000;
109: 0500000801000000;
10a: 0900000800004000;
10b: 0900000808000000;
10c: 0900000808000000;
10d: 0900000800000000;
10e: 0200000801000000;
10f: 02000008000007fe;
110: 0400000803000100;
111: 0300000800000400;
112: 0300000800000000;
113: 0300000800000000;
114: 03000008fffff801;
115: 0300000800000400;
116: 030000081e000103;
117: 030000081e000000;
118: 03000008ff000000;
119: 03000008ffffffff;
11a: 030000081fffffff;
11b: 0300000801000000;
11c: 03000008ff000000;
11d: 0300000800ffffff;
11e: 0300000800000000;
11f: 03000008000007ff;
120: 0100000500005b00;
121: 0100000800000000;
122: 0100000800000048;
123: 0100000800000040;
124: 0600000800000004;
125: 0600000800040000;
126: 05000008ffffffff;
127: 05000008ffffffff;
128: 0500000800000400;
129: 0500000800000000;
12a: 0500000800000000;
12b: 0500000800000400;
12c: 0500000800000800;
12d: 0500000800000020;
12e: 0500000800000000;
12f: 0500000800000400;
130: 05000008ffffffff;
131: 0500000800000020;
132: 050000080000001e;
133: 0500000800000001;
134: 050000080000001e;
135: 0500000800000000;
136: 0500000800000001;
137: 05000008ffffffff;
138: 0500000800000054;
139: 0500000800000400;
13a: 0500000800000000;
13b: 0500000800000000;
13c: 0500000800000400;
13d: 0500000800000000;
13e: 05000008ffffffff;
13f: 0500000800000020;
140: 05000008ffffffe0;
141: 0500000800000001;
142: 0500000800000001;
143: 05000008ffffffff;
144: 0500000800000001;
145: 0500000800000010;
146: 0500000800000004;
147: 0500000800000000;
148: 0500000801000000;
149: 0a00000800120208;
14a: 0a000008ffffffff;
14b: 0900000840004011;
14c: 0900000808000000;
14d: 0900000808000000;
14e: 0900000800000000;
14f: 0200000801000000;
150: 02000008000007fe;
151: 0400000804000100;
152: 0300000800000400;
153: 0300000800000000;
154: 0300000800000000;
155: 03000008fffff801;
156: 0300000800000400;
157: 030000081e000104;
158: 030000081e000000;
159: 03000008ff000000;
15a: 03000008ffffffff;
15b: 030000081fffffff;
15c: 0300000801000000;
15d: 03000008ff000000;
15e: 0300000800ffffff;
15f: 0300000800000008;
160: 03000008000007ff;
161: 0100000500006d80;
162: 0100000800000000;
163: 0100000800000008;
164: 0100000800000040;
165: 060000080000000e;
166: 0600000800050000;
167: 05000008ffffffff;
168: 05000008ffffffff;
169: 0500000800000400;
16a: 0500000800000000;
16b: 0500000800000000;
16c: 0500000800000400;
16d: 0500000800000800;
16e: 0500000800000020;
16f: 0500000800000800;
170: 0500000800000400;
171: 05000008ffffffff;
172: 0500000800000020;
173: 050000080000001e;
174: 0500000800000001;
175: 050000080000001e;
176: 0500000800000000;
177: 0500000800000001;
178: 05000008ffffffff;
179: 0500000800000054;
17a: 0500000800000400;
17b: 0500000800000000;
17c: 0500000800000000;
17d: 0500000800000400;
17e: 0500000800000000;
17f: 05000008ffffffff;
180: 0500000800000020;
181: 0500000800000000;
182: 05000008ffffffff;
183: 0500000800000001;
184: 0500000800000000;
185: 05000008ffffffff;
186: 0500000800000000;
187: 0500000800000004;
188: 0500000800000000;
189: 0500000801000000;
18a: 0900000800004000;
18b: 0900000808000000;
18c: 0900000808000000;
18d: 0900000800000000;
18e: 0200000801000000;
18f: 02000008000007fe;
190: 0400000805000100;
191: 0300000800000400;
192: 0300000800000000;
193: 0300000800000000;
194: 03000008fffff801;
195: 0300000800000400;
196: 030000081e000105;
197: 030000081e000000;
198: 03000008ff000000;
199: 03000008ffffffff;
19a: 030000081fffffff;
19b: 0300000801000000;
19c: 03000008ff000000;
19d: 0300000800ffffff;
19e: 0300000800000010;
19f: 03000008000007ff;
1a0: 0100000500007000;
1a1: 0100000800000000;
1a2: 0100000800000048;
1a3: 0100000800000040;
1a4: 0600000800000004;
1a5: 0600000800060000;
1a6: 05000008ffffffff;
1a7: 05000008ffffffff;
1a8: 0500000800000400;
1a9: 0500000800000000;
1aa: 0500000800000000;
1ab: 0500000800000400;
1ac: 0500000800000800;
1ad: 0500000800000020;
1ae: 0500000800001000;
1af: 0500000800000400;
1b0: 05000008ffffffff;
1b1: 0500000800000020;
1b2: 050000080000001e;
1b3: 0500000800000001;
1b4: 050000080000001e;
1b5: 0500000800000000;
1b6: 0500000800000001;
1b7: 05000008ffffffff;
1b8: 0500000800000054;
1b9: 0500000800000400;
1ba: 0500000800000000;
1bb: 0500000800000000;
1bc: 0500000800000400;
1bd: 0500000800000000;
1be: 05000008ffffffff;
1bf: 0500000800000020;
1c0: 05000008ffffffe0;
1c1: 0500000800000001;
1c2: 0500000800000001;
1c3: 05000008ffffffff;
1c4: 0500000800000001;
1c5: 0500000800000010;
1c6: 0500000800000004;
1c7: 0500000800000000;
1c8: 0500000801000000;
1c9: 0a00000800120208;
1ca: 0a000008ffffffff;
1cb: 0900000840004011;
1cc: 0900000808000000;
1cd: 0900000808000000;
1ce: 0900000800000000;
1cf: 0200000801000000;
1d0: 02000008000007fe;
1d1: 0400000806000100;
1d2: 0300000800000400;
1d3: 0300000800000000;
1d4: 0300000800000000;
1d5: 03000008fffff801;
1d6: 0300000800000400;
1d7: 030000081e000106;
1d8: 030000081e000000;
1d9: 03000008ff000000;
1da: 03000008ffffffff;
1db: 030000081fffffff;
1dc: 0300000801000000;
1dd: 03000008ff000000;
1de: 0300000800ffffff;
1df: 0300000800000018;
1e0: 03000008000007ff;
1e1: 0100000500008280;
1e2: 0100000800000000;
1e3: 0100000800000008;
1e4: 0100000800000040;
1e5: 060000080000000e;
1e6: 0600000800070000;
1e7: 05000008ffffffff;
1e8: 05000008ffffffff;
1e9: 0500000800000400;
1ea: 0500000800000000;
1eb: 0500000800000000;
1ec: 0500000800000400;
1ed: 0500000800000800;
1ee: 0500000800000020;
1ef: 0500000800001800;
1f0: 0500000800000400;
1f1: 05000008ffffffff;
1f2: 0500000800000020;
1f3: 050000080000001e;
1f4: 0500000800000001;
1f5: 050000080000001e;
1f6: 0500000800000000;
1f7: 0500000800000001;
1f8: 05000008ffffffff;
1f9: 0500000800000054;
1fa: 0500000800000400;
1fb: 0500000800000000;
1fc: 0500000800000000;
1fd: 0500000800000400;
1fe: 0500000800000000;
1ff: 05000008ffffffff;
200: 0500000800000020;
201: 0500000800000000;
202: 05000008ffffffff;
203: 0500000800000001;
204: 0500000800000000;
205: 05000008ffffffff;
206: 0500000800000000;
207: 0500000800000004;
208: 0500000800000000;
209: 0500000801000000;
20a: 0900000800004000;
20b: 0900000808000000;
20c: 0900000808000000;
20d: 0900000800000000;
20e: 0200000801000000;
20f: 02000008000007fe;
210: 0400000807000100;
211: 0300000800000400;
212: 0300000800000000;
213: 0300000800000000;
214: 03000008fffff801;
215: 0300000800000400;
216: 030000081e000107;
217: 030000081e000000;
218: 03000008ff000000;
219: 03000008ffffffff;
21a: 030000081fffffff;
21b: 0300000801000000;
21c: 03000008ff000000;
21d: 0300000800ffffff;
21e: 0300000800000008;
21f: 03000008000007ff;
220: 0100000500008500;
221: 0100000800000000;
222: 0100000800000010;
223: 0100000800000040;
224: 06000008fffffff6;
225: 0600000800080000;
226: 05000008ffffffff;
227: 05000008ffffffff;
228: 0500000800000400;
229: 0500000800000000;
22a: 0500000800000000;
22b: 0500000800000400;
22c: 0500000800001000;
22d: 0500000800000020;
22e: 0500000800000000;
22f: 0500000800000400;
230: 05000008ffffffff;
231: 0500000800000020;
232: 050000080000001e;
233: 0500000800000001;
234: 050000080000001e;
235: 0500000800000000;
236: 0500000800000001;
237: 05000008ffffffff;
238: 0500000800000054;
239: 0500000800000400;
23a: 0500000800000002;
23b: 0500000800000002;
23c: 0500000800000400;
23d: 0500000800000000;
23e: 05000008ffffffff;
23f: 0500000800000020;
240: 0500000800000000;
241: 05000008ffffffff;
242: 0500000800000001;
243: 0500000800000000;
244: 05000008ffffffff;
245: 0500000800000002;
246: 0500000800000004;
247: 0500000800000000;
248: 0500000801000000;
249: 0900000800004000;
24a: 0900000808000000;
24b: 0900000808000000;
24c: 0900000800000000;
24d: 0200000801000000;
24e: 02000008000007fe;
24f: 0400000808000100;
250: 0300000800000400;
251: 0300000800000000;
252: 0300000800000000;
253: 03000008fffff801;
254: 0300000800000400;
255: 030000081e000108;
256: 030000081e000000;
257: 03000008ff000000;
258: 03000008ffffffff;
259: 030000081fffffff;
25a: 0300000801000000;
25b: 03000008ff000000;
25c: 0300000800ffffff;
25d: 0300000800000010;
25e: 03000008000007ff;
25f: 0100000500008980;
260: 0100000800000000;
261: 0100000800000008;
262: 0100000800000040;
263: 060000080000000e;
264: 0600000800090000;
265: 05000008ffffffff;
266: 05000008ffffffff;
267: 0500000800000400;
268: 0500000800000000;
269: 0500000800000000;
26a: 0500000800000400;
26b: 0500000800000800;
26c: 0500000800000020;
26d: 0500000800001000;
26e: 0500000800000400;
26f: 05000008ffffffff;
270: 0500000800000020;
271: 050000080000001e;
272: 0500000800000001;
273: 050000080000001e;
274: 0500000800000000;
275: 0500000800000001;
276: 05000008ffffffff;
277: 0500000800000054;
278: 0500000800000400;
279: 0500000800000000;
27a: 0500000800000000;
27b: 0500000800000400;
27c: 0500000800000000;
27d: 05000008ffffffff;
27e: 0500000800000020;
27f: 0500000800000000;
280: 05000008ffffffff;
281: 0500000800000001;
282: 0500000800000000;
283: 05000008ffffffff;
284: 0500000800000000;
285: 0500000800000004;
286: 0500000800000000;
287: 0500000801000000;
288: 0a00000800120208;
289: 0a000008ffffffff;
28a: 0900000840004011;
28b: 0900000808000000;
28c: 0900000808000000;
28d: 0900000800000000;
28e: 0200000801000000;
28f: 02000008000007fe;
290: 0400000809000100;
291: 0300000800000400;
292: 0300000800000000;
293: 0300000800000000;
294: 03000008fffff801;
295: 0300000800000400;
296: 030000081e000109;
297: 030000081e000000;
298: 03000008ff000000;
299: 03000008ffffffff;
29a: 030000081fffffff;
29b: 0300000801000000;
29c: 03000008ff000000;
29d: 0300000800ffffff;
29e: 0300000800000018;
29f: 03000008000007ff;
2a0: 0100000500008c00;
2a1: 0100000800000000;
2a2: 0100000800000008;
2a3: 0100000800000040;
2a4: 060000080000000e;
2a5: 06000008000a0000;
2a6: 05000008ffffffff;
2a7: 05000008ffffffff;
2a8: 0500000800000400;
2a9: 0500000800000000;
2aa: 0500000800000000;
2ab: 0500000800000400;
2ac: 0500000800000800;
2ad: 0500000800000020;
2ae: 0500000800001800;
2af: 0500000800000400;
2b0: 05000008ffffffff;
2b1: 0500000800000020;
2b2: 050000080000001e;
2b3: 0500000800000001;
2b4: 050000080000001e;
2b5: 0500000800000000;
2b6: 0500000800000001;
2b7: 05000008ffffffff;
2b8: 0500000800000054;
2b9: 0500000800000400;
2ba: 0500000800000000;
2bb: 0500000800000000;
2bc: 0500000800000400;
2bd: 0500000800000000;
2be: 05000008ffffffff;
2bf: 0500000800000020;
2c0: 0500000800000000;
2c1: 05000008ffffffff;
2c2: 0500000800000001;
2c3: 0500000800000000;
2c4: 05000008ffffffff;
2c5: 0500000800000000;
2c6: 0500000800000004;
2c7: 0500000800000000;
2c8: 0500000801000000;
2c9: 0900000800004000;
2ca: 0900000808000000;
2cb: 0900000808000000;
2cc: 0900000800000000;
2cd: 0200000801000000;
2ce: 02000008000007fe;
2cf: 040000080a000100;
2d0: 0300000800000400;
2d1: 0300000800000000;
2d2: 0300000800000000;
2d3: 03000008fffff801;
2d4: 0300000800000400;
2d5: 030000081e00010a;
2d6: 030000081e000000;
2d7: 03000008ff000000;
2d8: 03000008ffffffff;
2d9: 030000081fffffff;
2da: 0300000801000000;
2db: 03000008ff000000;
2dc: 0300000800ffffff;
2dd: 0300000800000000;
2de: 03000008000007ff;
2df: 0100000500008e80;
2e0: 0100000800000000;
2e1: 0100000800000012;
2e2: 0100000800000040;
2e3: 06000008000005c4;
2e4: 06000008000b0000;
2e5: 05000008ffffffff;
2e6: 05000008ffffffff;
2e7: 0500000800000400;
2e8: 0500000800000000;
2e9: 0500000800000000;
2ea: 0500000800000400;
2eb: 0500000800000800;
2ec: 0500000800000020;
2ed: 0500000800000000;
2ee: 0500000800000400;
2ef: 05000008ffffffff;
2f0: 0500000800000040;
2f1: 050000080000000e;
2f2: 0500000800000002;
2f3: 050000080000000e;
2f4: 0500000800000000;
2f5: 0500000800000003;
2f6: 0500000800000000;
2f7: 0500000800000014;
2f8: 0500000800000400;
2f9: 0500000800000000;
2fa: 0500000800000000;
2fb: 0500000800000400;
2fc: 0500000800000000;
2fd: 05000008ffffffff;
2fe: 0500000800000020;
2ff: 0500000800000000;
300: 05000008ffffffff;
301: 0500000800000001;
302: 0500000800000000;
303: 05000008ffffffff;
304: 0500000800000000;
305: 0500000800000004;
306: 0500000800000000;
307: 0500000801000000;
308: 0a00000800210108;
309: 0a000008ffffffff;
30a: 0900000840004011;
30b: 0900000804000000;
30c: 0900000804000000;
30d: 0900000800000000;
30e: 0200000801000000;
30f: 02000008000003fe;
310: 040000080b000100;
311: 0300000800000100;
312: 0300000800000000;
313: 0300000800000000;
314: 03000008fffffe01;
315: 0300000800000100;
316: 030000080e00010b;
317: 030000080e000000;
318: 0300000800000000;
319: 03000008ff000000;
31a: 030000080fffffff;
31b: 0300000803000000;
31c: 03000008ff000000;
31d: 0300000800ffffff;
31e: 0300000800000008;
31f: 03000008000003ff;
320: 0100000500009380;
321: 0100000800000000;
322: 0100000800000008;
323: 0100000800000040;
324: 060000080000000e;
325: 06000008000c0000;
326: 05000008ffffffff;
327: 05000008ffffffff;
328: 0500000800000100;
329: 0500000800000000;
32a: 0500000800000000;
32b: 0500000800000100;
32c: 0500000800000400;
32d: 0500000800000010;
32e: 0500000800000800;
32f: 0500000800000100;
330: 05000008ffffffff;
331: 0500000800000010;
332: 050000080000000e;
333: 0500000800000001;
334: 050000080000000e;
335: 0500000800000200;
336: 0500000800000003;
337: 0500000800000000;
338: 0500000800000014;
339: 0500000800000100;
33a: 0500000800000000;
33b: 0500000800000000;
33c: 0500000800000100;
33d: 0500000800000000;
33e: 05000008ffffffff;
33f: 0500000800000010;
340: 0500000800000000;
341: 05000008ffffffff;
342: 0500000800000001;
343: 0500000800000000;
344: 05000008ffffffff;
345: 0500000800000000;
346: 0500000800000004;
347: 0500000800000000;
348: 0500000801010000;
349: 0900000800004000;
34a: 0900000804000000;
34b: 0900000804000000;
34c: 0900000800000000;
34d: 0200000801000000;
34e: 02000008000003fe;
34f: 040000080c000100;
350: 0300000800000100;
351: 0300000800000000;
352: 0300000800000000;
353: 03000008fffffe01;
354: 0300000800000100;
355: 030000080e00010c;
356: 030000080e000000;
357: 0300000800000000;
358: 03000008ff000000;
359: 030000080fffffff;
35a: 0300000803000000;
35b: 03000008ff000000;
35c: 0300000800ffffff;
35d: 0300000800000014;
35e: 03000008000003ff;
35f: 0100000500009600;
360: 0100000800000000;
361: 0100000800000092;
362: 0100000800000040;
363: 0600000800000000;
364: 06000008000d0002;
365: 05000008ffffffff;
366: 05000008ffffffff;
367: 0500000800000400;
368: 0500000800000000;
369: 0500000800000000;
36a: 0500000800000400;
36b: 0500000800000800;
36c: 0500000800000020;
36d: 0500000800000000;
36e: 0500000800000400;
36f: 05000008ffffffff;
370: 0500000800000040;
371: 050000080000000e;
372: 0500000800000002;
373: 050000080000000e;
374: 0500000800000000;
375: 0500000800000003;
376: 0500000800000000;
377: 0500000800000014;
378: 0500000800000400;
379: 0500000800000000;
37a: 0500000800000000;
37b: 0500000800000400;
37c: 0500000800000000;
37d: 05000008ffffffff;
37e: 0500000800000020;
37f: 0500000800000000;
380: 0500000800000001;
381: 0500000800000001;
382: 0500000800000000;
383: 0500000800000001;
384: 0500000800000010;
385: 0500000800000004;
386: 0500000800000000;
387: 0500000801000000;
388: 0a00000800210108;
389: 0a000008ffffffff;
38a: 0900000840004011;
38b: 0900000804000000;
38c: 0900000804000000;
38d: 0900000800000000;
38e: 0200000801000000;
38f: 02000008000003fe;
390: 040000080d000100;
391: 0300000800000100;
392: 0300000800000000;
393: 0300000800000000;
394: 03000008fffffe01;
395: 0300000800000100;
396: 030000080e00010d;
397: 030000080e000000;
398: 0300000800000000;
399: 03000008ff000000;
39a: 030000080fffffff;
39b: 0300000803000000;
39c: 03000008ff000000;
39d: 0300000800ffffff;
39e: 0300000800000008;
39f: 03000008000003ff;
3a0: 010000050000bb00;
3a1: 0100000800000000;
3a2: 0100000800000008;
3a3: 0100000800000040;
3a4: 060000080000000e;
3a5: 06000008000e0000;
3a6: 05000008ffffffff;
3a7: 05000008ffffffff;
3a8: 0500000800000100;
3a9: 0500000800000000;
3aa: 0500000800000000;
3ab: 0500000800000100;
3ac: 0500000800000400;
3ad: 0500000800000010;
3ae: 0500000800000800;
3af: 0500000800000100;
3b0: 05000008ffffffff;
3b1: 0500000800000010;
3b2: 050000080000000e;
3b3: 0500000800000001;
3b4: 050000080000000e;
3b5: 0500000800000200;
3b6: 0500000800000003;
3b7: 0500000800000000;
3b8: 0500000800000014;
3b9: 0500000800000100;
3ba: 0500000800000000;
3bb: 0500000800000000;
3bc: 0500000800000100;
3bd: 0500000800000000;
3be: 05000008ffffffff;
3bf: 0500000800000010;
3c0: 0500000800000000;
3c1: 05000008ffffffff;
3c2: 0500000800000001;
3c3: 0500000800000000;
3c4: 05000008ffffffff;
3c5: 0500000800000000;
3c6: 0500000800000004;
3c7: 0500000800000000;
3c8: 0500000801010000;
3c9: 0900000800004000;
3ca: 0900000804000000;
3cb: 0900000804000000;
3cc: 0900000800000000;
3cd: 0200000801000000;
3ce: 02000008000003fe;
3cf: 040000080e000100;
3d0: 0300000800000100;
3d1: 0300000800000000;
3d2: 0300000800000000;
3d3: 03000008fffffe01;
3d4: 0300000800000100;
3d5: 030000080e00010e;
3d6: 030000080e000000;
3d7: 0300000800000000;
3d8: 03000008ff000000;
3d9: 030000080fffffff;
3da: 0300000803000000;
3db: 03000008ff000000;
3dc: 0300000800ffffff;
3dd: 030000080000000c;
3de: 03000008000003ff;
3df: 010000050000bd80;
3e0: 0100000800000000;
3e1: 0100000800000122;
3e2: 0100000800000040;
3e3: 0600000800000110;
3e4: 06000008000f0000;
3e5: 05000008ffffffff;
3e6: 05000008ffffffff;
3e7: 0500000800000100;
3e8: 0500000800000000;
3e9: 0500000800000000;
3ea: 0500000800000100;
3eb: 0500000800000400;
3ec: 0500000800000010;
3ed: 0500000800000c00;
3ee: 0500000800000100;
3ef: 05000008ffffffff;
3f0: 0500000800000010;
3f1: 050000080000000e;
3f2: 0500000800000001;
3f3: 050000080000000e;
3f4: 0500000800000000;
3f5: 0500000800000003;
3f6: 0500000800000000;
3f7: 0500000800000014;
3f8: 0500000800000100;
3f9: 0500000800000002;
3fa: 0500000800000002;
3fb: 0500000800000100;
3fc: 0500000800000000;
3fd: 05000008ffffffff;
3fe: 0500000800000010;
3ff: 05000008fffffff0;
400: 0500000800000001;
401: 0500000800000001;
402: 05000008ffffffff;
403: 0500000800000001;
404: 0500000800000022;
405: 0500000800000004;
406: 0500000800000000;
407: 0500000801000000;
408: 0a00000800210108;
409: 0a000008ffffffff;
40a: 0900000840004011;
40b: 0900000804000000;
40c: 0900000804000000;
40d: 0900000800000000;
40e: 0200000801000000;
40f: 02000008000003fe;
410: 040000080f000100;
411: 0300000800000100;
412: 0300000800000000;
413: 0300000800000000;
414: 03000008fffffe01;
415: 0300000800000100;
416: 030000080e00010f;
417: 030000080e000000;
418: 0300000800000000;
419: 03000008ff000000;
41a: 030000080fffffff;
41b: 0300000803000000;
41c: 03000008ff000000;
41d: 0300000800ffffff;
41e: 0300000800000010;
41f: 03000008000003ff;
420: 0100000500010680;
421: 0100000800000000;
422: 0100000800000008;
423: 0100000800000040;
424: 060000080000000e;
425: 0600000800100000;
426: 05000008ffffffff;
427: 05000008ffffffff;
428: 0500000800000100;
429: 0500000800000000;
42a: 0500000800000000;
42b: 0500000800000100;
42c: 0500000800000400;
42d: 0500000800000010;
42e: 0500000800001000;
42f: 0500000800000100;
430: 05000008ffffffff;
431: 0500000800000010;
432: 050000080000000e;
433: 0500000800000001;
434: 050000080000000e;
435: 0500000800000200;
436: 0500000800000003;
437: 0500000800000000;
438: 0500000800000014;
439: 0500000800000100;
43a: 0500000800000000;
43b: 0500000800000000;
43c: 0500000800000100;
43d: 0500000800000000;
43e: 05000008ffffffff;
43f: 0500000800000010;
440: 0500000800000000;
441: 05000008ffffffff;
442: 0500000800000001;
443: 0500000800000000;
444: 05000008ffffffff;
445: 0500000800000000;
446: 0500000800000004;
447: 0500000800000000;
448: 0500000801010000;
449: 0900000800004000;
44a: 0900000804000000;
44b: 0900000804000000;
44c: 0900000800000000;
44d: 0200000801000000;
44e: 02000008000003fe;
44f: 0400000810000100;
450: 0300000800000100;
451: 0300000800000000;
452: 0300000800000000;
453: 03000008fffffe01;
454: 0300000800000100;
455: 030000080e000110;
456: 030000080e000000;
457: 0300000800000000;
458: 03000008ff000000;
459: 030000080fffffff;
45a: 0300000803000000;
45b: 03000008ff000000;
45c: 0300000800ffffff;
45d: 0300000800000018;
45e: 03000008000003ff;
45f: 0100000500010900;
460: 0100000800000000;
461: 0100000800000008;
462: 0100000800000040;
463: 0600000800000002;
464: 0600000800110000;
465: 05000008ffffffff;
466: 05000008ffffffff;
467: 0500000800000100;
468: 0500000800000000;
469: 0500000800000000;
46a: 0500000800000100;
46b: 0500000800000800;
46c: 0500000800000010;
46d: 0500000800001400;
46e: 0500000800000100;
46f: 05000008ffffffff;
470: 0500000800000010;
471: 050000080000000e;
472: 0500000800000001;
473: 050000080000000e;
474: 0500000800000200;
475: 0500000800000003;
476: 0500000800000000;
477: 0500000800000014;
478: 0500000800000100;
479: 0500000800000000;
47a: 0500000800000000;
47b: 0500000800000100;
47c: 0500000800000000;
47d: 05000008ffffffff;
47e: 0500000800000010;
47f: 0500000800000000;
480: 05000008ffffffff;
481: 0500000800000001;
482: 0500000800000000;
483: 05000008ffffffff;
484: 0500000800000002;
485: 0500000800000004;
486: 0500000800000000;
487: 0500000801010001;
488: 0900000800004000;
489: 0900000804000000;
48a: 0900000804000000;
48b: 0900000800000000;
48c: 0200000801000000;
48d: 02000008000003fe;
48e: 0400000811000100;
48f: 0300000800000100;
490: 0300000800000000;
491: 0300000800000000;
492: 03000008fffffe01;
493: 0300000800000100;
494: 030000080e000111;
495: 030000080e000000;
496: 0300000800000000;
497: 03000008ff000000;
498: 030000080fffffff;
499: 0300000803000000;
49a: 03000008ff000000;
49b: 0300000800ffffff;
49c: 0300000800000000;
49d: 03000008000003ff;
49e: 0100000500010b80;
49f: 0100000800000000;
4a0: 0100000800000008;
4a1: 0100000800000040;
4a2: 060000080000000e;
4a3: 0600000800120000;
4a4: 05000008ffffffff;
4a5: 05000008ffffffff;
4a6: 0500000800000100;
4a7: 0500000800000000;
4a8: 0500000800000000;
4a9: 0500000800000100;
4aa: 0500000800000400;
4ab: 0500000800000010;
4ac: 0500000800000000;
4ad: 0500000800000100;
4ae: 05000008ffffffff;
4af: 0500000800000010;
4b0: 050000080000000e;
4b1: 0500000800000001;
4b2: 050000080000000e;
4b3: 0500000800000200;
4b4: 0500000800000003;
4b5: 0500000800000000;
4b6: 0500000800000014;
4b7: 0500000800000100;
4b8: 0500000800000000;
4b9: 0500000800000000;
4ba: 0500000800000100;
4bb: 0500000800000000;
4bc: 05000008ffffffff;
4bd: 0500000800000010;
4be: 0500000800000000;
4bf: 05000008ffffffff;
4c0: 0500000800000001;
4c1: 0500000800000000;
4c2: 05000008ffffffff;
4c3: 0500000800000000;
4c4: 0500000800000004;
4c5: 0500000800000000;
4c6: 0500000801010000;
4c7: 0a00000800210108;
4c8: 0a000008ffffffff;
4c9: 0900000840004011;
4ca: 0900000804000000;
4cb: 0900000804000000;
4cc: 0900000800000000;
4cd: 0200000801000000;
4ce: 02000008000003fe;
4cf: 0400000812000100;
4d0: 0300000800000100;
4d1: 0300000800000000;
4d2: 0300000800000000;
4d3: 03000008fffffe01;
4d4: 0300000800000100;
4d5: 030000080e000112;
4d6: 030000080e000000;
4d7: 0300000800000000;
4d8: 03000008ff000000;
4d9: 030000080fffffff;
4da: 0300000803000000;
4db: 03000008ff000000;
4dc: 0300000800ffffff;
4dd: 0300000800000004;
4de: 03000008000003ff;
4df: 0100000500010e00;
4e0: 0100000800000000;
4e1: 0100000800000008;
4e2: 0100000800000040;
4e3: 060000080000000e;
4e4: 0600000800130000;
4e5: 05000008ffffffff;
4e6: 05000008ffffffff;
4e7: 0500000800000100;
4e8: 0500000800000000;
4e9: 0500000800000000;
4ea: 0500000800000100;
4eb: 0500000800000400;
4ec: 0500000800000010;
4ed: 0500000800000400;
4ee: 0500000800000100;
4ef: 05000008ffffffff;
4f0: 0500000800000010;
4f1: 050000080000000e;
4f2: 0500000800000001;
4f3: 050000080000000e;
4f4: 0500000800000200;
4f5: 0500000800000003;
4f6: 0500000800000000;
4f7: 0500000800000014;
4f8: 0500000800000100;
4f9: 0500000800000000;
4fa: 0500000800000000;
4fb: 0500000800000100;
4fc: 0500000800000000;
4fd: 05000008ffffffff;
4fe: 0500000800000010;
4ff: 0500000800000000;
500: 05000008ffffffff;
501: 0500000800000001;
502: 0500000800000000;
503: 05000008ffffffff;
504: 0500000800000000;
505: 0500000800000004;
506: 0500000800000000;
507: 0500000801010000;
508: 0900000800004000;
509: 0900000804000000;
50a: 0900000804000000;
50b: 0900000800000000;
50c: 0200000801000000;
50d: 02000008000003fe;
50e: 0400000813000100;
50f: 0300000800000100;
510: 0300000800000000;
511: 0300000800000000;
512: 03000008fffffe01;
513: 0300000800000100;
514: 030000080e000113;
515: 030000080e000000;
516: 0300000800000000;
517: 03000008ff000000;
518: 030000080fffffff;
519: 0300000803000000;
51a: 03000008ff000000;
51b: 0300000800ffffff;
51c: 0300000800000008;
51d: 03000008000003ff;
51e: 0100000500011080;
51f: 0100000800000000;
520: 0100000800000046;
521: 0100000800000040;
522: 06000008000002ec;
523: 0600000800140000;
524: 05000008ffffffff;
525: 05000008ffffffff;
526: 0500000800000100;
527: 0500000800000000;
528: 0500000800000000;
529: 0500000800000100;
52a: 0500000800000400;
52b: 0500000800000010;
52c: 0500000800000800;
52d: 0500000800000100;
52e: 05000008ffffffff;
52f: 0500000800000020;
530: 0500000800000006;
531: 0500000800000002;
532: 0500000800000006;
533: 0500000800000000;
534: 0500000800000007;
535: 0500000800000002;
536: 0500000800000004;
537: 0500000800000100;
538: 0500000800000002;
539: 0500000800000002;
53a: 0500000800000100;
53b: 0500000800000000;
53c: 05000008ffffffff;
53d: 0500000800000010;
53e: 0500000800000000;
53f: 05000008ffffffff;
540: 0500000800000001;
541: 0500000800000000;
542: 05000008ffffffff;
543: 0500000800000002;
544: 0500000800000004;
545: 0500000800000000;
546: 0500000801000000;
547: 0a00000800408088;
548: 0a000008ffffffff;
549: 0900000840004011;
54a: 0900000802000000;
54b: 0900000802000000;
54c: 0900000800000000;
54d: 0200000801000000;
54e: 02000008000001fe;
54f: 0400000814000100;
550: 0300000800000040;
551: 0300000800000000;
552: 0300000800000000;
553: 03000008ffffff81;
554: 0300000800000040;
555: 0300000806000114;
556: 0300000806000000;
557: 0300000802000000;
558: 03000008ff000000;
559: 0300000807ffffff;
55a: 0300000807000000;
55b: 03000008ff000000;
55c: 0300000800ffffff;
55d: 030000080000000c;
55e: 03000008000001ff;
55f: 0100000500012280;
560: 0100000800000000;
561: 0100000800000008;
562: 0100000800000040;
563: 060000080000000e;
564: 0600000800150000;
565: 05000008ffffffff;
566: 05000008ffffffff;
567: 0500000800000040;
568: 0500000800000000;
569: 0500000800000000;
56a: 0500000800000040;
56b: 0500000800000200;
56c: 0500000800000008;
56d: 0500000800000c00;
56e: 0500000800000040;
56f: 05000008ffffffff;
570: 0500000800000008;
571: 0500000800000006;
572: 0500000800000001;
573: 0500000800000006;
574: 0500000800000080;
575: 0500000800000007;
576: 0500000800000002;
577: 0500000800000004;
578: 0500000800000040;
579: 0500000800000000;
57a: 0500000800000000;
57b: 0500000800000040;
57c: 0500000800000000;
57d: 05000008ffffffff;
57e: 0500000800000008;
57f: 0500000800000000;
580: 05000008ffffffff;
581: 0500000800000001;
582: 0500000800000000;
583: 05000008ffffffff;
584: 0500000800000000;
585: 0500000800000004;
586: 0500000800000000;
587: 0500000801010000;
588: 0900000800004000;
589: 0900000802000000;
58a: 0900000802000000;
58b: 0900000800000000;
58c: 0200000801000000;
58d: 02000008000001fe;
58e: 0400000815000100;
58f: 0300000800000040;
590: 0300000800000000;
591: 0300000800000000;
592: 03000008ffffff81;
593: 0300000800000040;
594: 0300000806000115;
595: 0300000806000000;
596: 0300000802000000;
597: 03000008ff000000;
598: 0300000807ffffff;
599: 0300000807000000;
59a: 03000008ff000000;
59b: 0300000800ffffff;
59c: 0300000800000012;
59d: 03000008000001ff;
59e: 0100000500012500;
59f: 0100000800000000;
5a0: 0100000800000246;
5a1: 0100000800000040;
5a2: 0600000800000000;
5a3: 0600000800160002;
5a4: 05000008ffffffff;
5a5: 05000008ffffffff;
5a6: 0500000800000100;
5a7: 0500000800000000;
5a8: 0500000800000000;
5a9: 0500000800000100;
5aa: 0500000800000400;
5ab: 0500000800000010;
5ac: 0500000800000800;
5ad: 0500000800000100;
5ae: 05000008ffffffff;
5af: 0500000800000020;
5b0: 0500000800000006;
5b1: 0500000800000002;
5b2: 0500000800000006;
5b3: 0500000800000000;
5b4: 0500000800000007;
5b5: 0500000800000002;
5b6: 0500000800000004;
5b7: 0500000800000100;
5b8: 0500000800000002;
5b9: 0500000800000002;
5ba: 0500000800000100;
5bb: 0500000800000000;
5bc: 05000008ffffffff;
5bd: 0500000800000010;
5be: 0500000800000000;
5bf: 0500000800000001;
5c0: 0500000800000001;
5c1: 0500000800000000;
5c2: 0500000800000001;
5c3: 0500000800000022;
5c4: 0500000800000004;
5c5: 0500000800000000;
5c6: 0500000801000000;
5c7: 0a00000800408088;
5c8: 0a000008ffffffff;
5c9: 0900000840004011;
5ca: 0900000802000000;
5cb: 0900000802000000;
5cc: 0900000800000000;
5cd: 0200000801000000;
5ce: 02000008000001fe;
5cf: 0400000816000100;
5d0: 0300000800000040;
5d1: 0300000800000000;
5d2: 0300000800000000;
5d3: 03000008ffffff81;
5d4: 0300000800000040;
5d5: 0300000806000116;
5d6: 0300000806000000;
5d7: 0300000802000000;
5d8: 03000008ff000000;
5d9: 0300000807ffffff;
5da: 0300000807000000;
5db: 03000008ff000000;
5dc: 0300000800ffffff;
5dd: 030000080000000c;
5de: 03000008000001ff;
5df: 010000050001b700;
5e0: 0100000800000000;
5e1: 0100000800000008;
5e2: 0100000800000040;
5e3: 060000080000000e;
5e4: 0600000800170000;
5e5: 05000008ffffffff;
5e6: 05000008ffffffff;
5e7: 0500000800000040;
5e8: 0500000800000000;
5e9: 0500000800000000;
5ea: 0500000800000040;
5eb: 0500000800000200;
5ec: 0500000800000008;
5ed: 0500000800000c00;
5ee: 0500000800000040;
5ef: 05000008ffffffff;
5f0: 0500000800000008;
5f1: 0500000800000006;
5f2: 0500000800000001;
5f3: 0500000800000006;
5f4: 0500000800000080;
5f5: 0500000800000007;
5f6: 0500000800000002;
5f7: 0500000800000004;
5f8: 0500000800000040;
5f9: 0500000800000000;
5fa: 0500000800000000;
5fb: 0500000800000040;
5fc: 0500000800000000;
5fd: 05000008ffffffff;
5fe: 0500000800000008;
5ff: 0500000800000000;
600: 05000008ffffffff;
601: 0500000800000001;
602: 0500000800000000;
603: 05000008ffffffff;
604: 0500000800000000;
605: 0500000800000004;
606: 0500000800000000;
607: 0500000801010000;
608: 0900000800004000;
609: 0900000802000000;
60a: 0900000802000000;
60b: 0900000800000000;
60c: 0200000801000000;
60d: 02000008000001fe;
60e: 0400000817000100;
60f: 0300000800000040;
610: 0300000800000000;
611: 0300000800000000;
612: 03000008ffffff81;
613: 0300000800000040;
614: 0300000806000117;
615: 0300000806000000;
616: 0300000802000000;
617: 03000008ff000000;
618: 0300000807ffffff;
619: 0300000807000000;
61a: 03000008ff000000;
61b: 0300000800ffffff;
61c: 030000080000000e;
61d: 03000008000001ff;
61e: 010000050001b980;
61f: 0100000800000000;
620: 0100000800000486;
621: 0100000800000040;
622: 06000008fffffffc;
623: 0600000800180000;
624: 05000008ffffffff;
625: 05000008ffffffff;
626: 0500000800000040;
627: 0500000800000000;
628: 0500000800000000;
629: 0500000800000040;
62a: 0500000800000200;
62b: 0500000800000008;
62c: 0500000800000e00;
62d: 0500000800000040;
62e: 05000008ffffffff;
62f: 0500000800000008;
630: 0500000800000006;
631: 0500000800000001;
632: 0500000800000006;
633: 0500000800000000;
634: 0500000800000007;
635: 0500000800000002;
636: 0500000800000004;
637: 0500000800000040;
638: 0500000800000006;
639: 0500000800000006;
63a: 0500000800000040;
63b: 0500000800000000;
63c: 05000008ffffffff;
63d: 0500000800000008;
63e: 05000008fffffff8;
63f: 0500000800000001;
640: 0500000800000001;
641: 05000008ffffffff;
642: 0500000800000001;
643: 0500000800000046;
644: 0500000800000004;
645: 0500000800000000;
646: 0500000801000000;
647: 0a00000800408088;
648: 0a000008ffffffff;
649: 0900000840004011;
64a: 0900000802000000;
64b: 0900000802000000;
64c: 0900000800000000;
64d: 0200000801000000;
64e: 02000008000001fe;
64f: 0400000818000100;
650: 0300000800000040;
651: 0300000800000000;
652: 0300000800000000;
653: 03000008ffffff81;
654: 0300000800000040;
655: 0300000806000118;
656: 0300000806000000;
657: 0300000802000000;
658: 03000008ff000000;
659: 0300000807ffffff;
65a: 0300000807000000;
65b: 03000008ff000000;
65c: 0300000800ffffff;
65d: 0300000800000010;
65e: 03000008000001ff;
65f: 010000050002db80;
660: 0100000800000000;
661: 0100000800000008;
662: 0100000800000040;
663: 060000080000000e;
664: 0600000800190000;
665: 05000008ffffffff;
666: 05000008ffffffff;
667: 0500000800000040;
668: 0500000800000000;
669: 0500000800000000;
66a: 0500000800000040;
66b: 0500000800000200;
66c: 0500000800000008;
66d: 0500000800001000;
66e: 0500000800000040;
66f: 05000008ffffffff;
670: 0500000800000008;
671: 0500000800000006;
672: 0500000800000001;
673: 0500000800000006;
674: 0500000800000080;
675: 0500000800000007;
676: 0500000800000002;
677: 0500000800000004;
678: 0500000800000040;
679: 0500000800000000;
67a: 0500000800000000;
67b: 0500000800000040;
67c: 0500000800000000;
67d: 05000008ffffffff;
67e: 0500000800000008;
67f: 0500000800000000;
680: 05000008ffffffff;
681: 0500000800000001;
682: 0500000800000000;
683: 05000008ffffffff;
684: 0500000800000000;
685: 0500000800000004;
686: 0500000800000000;
687: 0500000801010000;
688: 0900000800004000;
689: 0900000802000000;
68a: 0900000802000000;
68b: 0900000800000000;
68c: 0200000801000000;
68d: 02000008000001fe;
68e: 0400000819000100;
68f: 0300000800000040;
690: 0300000800000000;
691: 0300000800000000;
692: 03000008ffffff81;
693: 0300000800000040;
694: 0300000806000119;
695: 0300000806000000;
696: 0300000802000000;
697: 03000008ff000000;
698: 0300000807ffffff;
699: 0300000807000000;
69a: 03000008ff000000;
69b: 0300000800ffffff;
69c: 0300000800000014;
69d: 03000008000001ff;
69e: 010000050002de00;
69f: 0100000800000000;
6a0: 0100000800000008;
6a1: 0100000800000040;
6a2: 0600000800000002;
6a3: 06000008001a0000;
6a4: 05000008ffffffff;
6a5: 05000008ffffffff;
6a6: 0500000800000040;
6a7: 0500000800000000;
6a8: 0500000800000000;
6a9: 0500000800000040;
6aa: 0500000800000400;
6ab: 0500000800000008;
6ac: 0500000800001200;
6ad: 0500000800000040;
6ae: 05000008ffffffff;
6af: 0500000800000008;
6b0: 0500000800000006;
6b1: 0500000800000001;
6b2: 0500000800000006;
6b3: 0500000800000080;
6b4: 0500000800000007;
6b5: 0500000800000002;
6b6: 0500000800000004;
6b7: 0500000800000040;
6b8: 0500000800000000;
6b9: 0500000800000000;
6ba: 0500000800000040;
6bb: 0500000800000000;
6bc: 05000008ffffffff;
6bd: 0500000800000008;
6be: 0500000800000000;
6bf: 05000008ffffffff;
6c0: 0500000800000001;
6c1: 0500000800000000;
6c2: 05000008ffffffff;
6c3: 0500000800000002;
6c4: 0500000800000004;
6c5: 0500000800000000;
6c6: 0500000801010001;
6c7: 0900000800004000;
6c8: 0900000802000000;
6c9: 0900000802000000;
6ca: 0900000800000000;
6cb: 0200000801000000;
6cc: 02000008000001fe;
6cd: 040000081a000100;
6ce: 0300000800000040;
6cf: 0300000800000000;
6d0: 0300000800000000;
6d1: 03000008ffffff81;
6d2: 0300000800000040;
6d3: 030000080600011a;
6d4: 0300000806000000;
6d5: 0300000802000000;
6d6: 03000008ff000000;
6d7: 0300000807ffffff;
6d8: 0300000807000000;
6d9: 03000008ff000000;
6da: 0300000800ffffff;
6db: 0300000800000016;
6dc: 03000008000001ff;
6dd: 010000050002e080;
6de: 0100000800000000;
6df: 0100000800000008;
6e0: 0100000800000040;
6e1: 060000080000000e;
6e2: 06000008001b0000;
6e3: 05000008ffffffff;
6e4: 05000008ffffffff;
6e5: 0500000800000040;
6e6: 0500000800000000;
6e7: 0500000800000000;
6e8: 0500000800000040;
6e9: 0500000800000200;
6ea: 0500000800000008;
6eb: 0500000800001600;
6ec: 0500000800000040;
6ed: 05000008ffffffff;
6ee: 0500000800000008;
6ef: 0500000800000006;
6f0: 0500000800000001;
6f1: 0500000800000006;
6f2: 0500000800000080;
6f3: 0500000800000007;
6f4: 0500000800000002;
6f5: 0500000800000004;
6f6: 0500000800000040;
6f7: 0500000800000000;
6f8: 0500000800000000;
6f9: 0500000800000040;
6fa: 0500000800000000;
6fb: 05000008ffffffff;
6fc: 0500000800000008;
6fd: 0500000800000000;
6fe: 05000008ffffffff;
6ff: 0500000800000001;
700: 0500000800000000;
701: 05000008ffffffff;
702: 0500000800000000;
703: 0500000800000004;
704: 0500000800000000;
705: 0500000801010000;
706: 0a00000800408088;
707: 0a000008ffffffff;
708: 0900000840004011;
709: 0900000802000000;
70a: 0900000802000000;
70b: 0900000800000000;
70c: 0200000801000000;
70d: 02000008000001fe;
70e: 040000081b000100;
70f: 0300000800000040;
710: 0300000800000000;
711: 0300000800000000;
712: 03000008ffffff81;
713: 0300000800000040;
714: 030000080600011b;
715: 0300000806000000;
716: 0300000802000000;
717: 03000008ff000000;
718: 0300000807ffffff;
719: 0300000807000000;
71a: 03000008ff000000;
71b: 0300000800ffffff;
71c: 0300000800000018;
71d: 03000008000001ff;
71e: 010000050002e300;
71f: 0100000800000000;
720: 0100000800000008;
721: 0100000800000040;
722: 060000080000000e;
723: 06000008001c0000;
724: 05000008ffffffff;
725: 05000008ffffffff;
726: 0500000800000040;
727: 0500000800000000;
728: 0500000800000000;
729: 0500000800000040;
72a: 0500000800000200;
72b: 0500000800000008;
72c: 0500000800001800;
72d: 0500000800000040;
72e: 05000008ffffffff;
72f: 0500000800000008;
730: 0500000800000006;
731: 0500000800000001;
732: 0500000800000006;
733: 0500000800000080;
734: 0500000800000007;
735: 0500000800000002;
736: 0500000800000004;
737: 0500000800000040;
738: 0500000800000000;
739: 0500000800000000;
73a: 0500000800000040;
73b: 0500000800000000;
73c: 05000008ffffffff;
73d: 0500000800000008;
73e: 0500000800000000;
73f: 05000008ffffffff;
740: 0500000800000001;
741: 0500000800000000;
742: 05000008ffffffff;
743: 0500000800000000;
744: 0500000800000004;
745: 0500000800000000;
746: 0500000801010000;
747: 0900000800004000;
748: 0900000802000000;
749: 0900000802000000;
74a: 0900000800000000;
74b: 0200000801000000;
74c: 02000008000001fe;
74d: 040000081c000100;
74e: 0300000800000040;
74f: 0300000800000000;
750: 0300000800000000;
751: 03000008ffffff81;
752: 0300000800000040;
753: 030000080600011c;
754: 0300000806000000;
755: 0300000802000000;
756: 03000008ff000000;
757: 0300000807ffffff;
758: 0300000807000000;
759: 03000008ff000000;
75a: 0300000800ffffff;
75b: 030000080000001a;
75c: 03000008000001ff;
75d: 010000050002e580;
75e: 0100000800000000;
75f: 0100000800000020;
760: 0100000800000040;
761: 0600000800000044;
762: 06000008001d0000;
763: 05000008ffffffff;
764: 05000008ffffffff;
765: 0500000800000040;
766: 0500000800000000;
767: 0500000800000000;
768: 0500000800000040;
769: 0500000800000200;
76a: 0500000800000008;
76b: 0500000800001a00;
76c: 0500000800000040;
76d: 05000008ffffffff;
76e: 0500000800000010;
76f: 0500000800000002;
770: 0500000800000002;
771: 0500000800000002;
772: 0500000800000080;
773: 0500000800000007;
774: 0500000800000002;
775: 0500000800000000;
776: 0500000800000040;
777: 0500000800000000;
778: 0500000800000000;
779: 0500000800000040;
77a: 0500000800000000;
77b: 05000008ffffffff;
77c: 0500000800000008;
77d: 0500000800000000;
77e: 0500000800000000;
77f: 0500000800000001;
780: 0500000800000000;
781: 0500000800000000;
782: 0500000800000006;
783: 0500000800000004;
784: 0500000800000000;
785: 0500000801010000;
786: 0900000800004000;
787: 0900000800800000;
788: 0900000800800000;
789: 0900000800000000;
78a: 0200000801000000;
78b: 020000080000007e;
78c: 040000081d000100;
78d: 0300000800000010;
78e: 0300000800000000;
78f: 0300000800000000;
790: 03000008ffffffe1;
791: 0300000800000010;
792: 030000080200011d;
793: 0300000802000000;
794: 0300000802000000;
795: 03000008ff000000;
796: 0300000803ffffff;
797: 0300000807000000;
798: 03000008ff000000;
799: 0300000800ffffff;
79a: 030000080000001c;
79b: 030000080000007f;
79c: 010000050002ee00;
79d: 0100000800000000;
79e: 0100000800000080;
79f: 0100000800000040;
7a0: 0600000800000003;
7a1: 06000008001e0000;
7a2: 05000008ffffffff;
7a3: 05000008ffffffff;
7a4: 0500000800000010;
7a5: 0500000800000000;
7a6: 0500000800000000;
7a7: 0500000800000010;
7a8: 0500000800000080;
7a9: 0500000800000004;
7aa: 0500000800001c00;
7ab: 0500000800000010;
7ac: 05000008ffffffff;
7ad: 0500000800000010;
7ae: 05000008ffffffff;
7af: 0500000800000004;
7b0: 05000008ffffffff;
7b1: 0500000800000020;
7b2: 0500000800000007;
7b3: 0500000800000002;
7b4: 05000008ffffffff;
7b5: 0500000800000010;
7b6: 0500000800000000;
7b7: 0500000800000000;
7b8: 0500000800000010;
7b9: 0500000800000000;
7ba: 05000008ffffffff;
7bb: 0500000800000004;
7bc: 0500000800000000;
7bd: 0500000800000002;
7be: 0500000800000001;
7bf: 0500000800000000;
7c0: 0500000800000002;
7c1: 050000080000001e;
7c2: 0500000800000001;
7c3: 0500000800000000;
7c4: 0500000801010000;
7c5: 0900000800004000;
7c6: 0900000800080000;
7c7: 0900000800080000;
7c8: 0900000800000000;
7c9: 0200000801000000;
7ca: 0200000800000006;
7cb: 040000081e000100;
7cc: 0300000800000001;
7cd: 0300000800000000;
7ce: 0300000800000000;
7cf: 03000008ffffffff;
7d0: 0300000800000001;
7d1: 03000008ff00011e;
7d2: 03000008ffffffff;
7d3: 0300000802ffffff;
7d4: 03000008ff000000;
7d5: 0300000800ffffff;
7d6: 0300000807000000;
7d7: 03000008ff000000;
7d8: 0300000880ffffff;
7d9: 030000080000001c;
7da: 0300000800000007;
7db: 0100000500030e80;
7dc: 0100000800000000;
7dd: 0100000800000008;
7de: 0100000800000040;
7df: 0600000800000003;
7e0: 06000008001f0000;
7e1: 05000008ffffffff;
7e2: 05000008ffffffff;
7e3: 0500000800000001;
7e4: 0500000800000000;
7e5: 0500000800000000;
7e6: 0500000800000001;
7e7: 0500000800000008;
7e8: 0500000800000001;
7e9: 0500000800001c80;
7ea: 0500000800000001;
7eb: 05000008ffffffff;
7ec: 0500000800000001;
7ed: 05000008ffffffff;
7ee: 0500000800000001;
7ef: 05000008ffffffff;
7f0: 0500000800000002;
7f1: 0500000800000007;
7f2: 0500000800000002;
7f3: 05000008ffffffff;
7f4: 0500000800000001;
7f5: 0500000800000000;
7f6: 0500000800000000;
7f7: 0500000800000001;
7f8: 0500000800000000;
7f9: 05000008ffffffff;
7fa: 0500000800000001;
7fb: 0500000800000000;
7fc: 05000008ffffffff;
7fd: 0500000800000001;
7fe: 0500000800000000;
7ff: 05000008ffffffff;
800: 0500000800000000;
801: 0500000800000001;
802: 0500000800000000;
803: 0500000801010000;
804: 0a00000800401018;
805: 0a000008ffffffff;
806: 0900000840004011;
807: 0900000800080000;
808: 0900000800080000;
809: 0900000800000000;
80a: 0200000801000000;
80b: 0200000800000006;
80c: 040000081f000100;
80d: 0300000800000001;
80e: 0300000800000000;
80f: 0300000800000000;
810: 03000008ffffffff;
811: 0300000800000001;
812: 03000008ff00011f;
813: 03000008ffffffff;
814: 0300000802ffffff;
815: 03000008ff000000;
816: 0300000800ffffff;
817: 0300000807000000;
818: 03000008ff000000;
819: 0300000888ffffff;
81a: 030000080000001c;
81b: 0300000800000007;
81c: 0100000500031100;
81d: 0100000800000000;
81e: 0100000800000008;
81f: 0100000800000040;
820: 0600000800000003;
821: 0600000800200000;
822: 05000008ffffffff;
823: 05000008ffffffff;
824: 0500000800000001;
825: 0500000800000000;
826: 0500000800000000;
827: 0500000800000001;
828: 0500000800000008;
829: 0500000800000001;
82a: 0500000800001c88;
82b: 0500000800000001;
82c: 05000008ffffffff;
82d: 0500000800000001;
82e: 05000008ffffffff;
82f: 0500000800000001;
830: 05000008ffffffff;
831: 0500000800000002;
832: 0500000800000007;
833: 0500000800000002;
834: 05000008ffffffff;
835: 0500000800000001;
836: 0500000800000000;
837: 0500000800000000;
838: 0500000800000001;
839: 0500000800000000;
83a: 05000008ffffffff;
83b: 0500000800000001;
83c: 0500000800000000;
83d: 05000008ffffffff;
83e: 0500000800000001;
83f: 0500000800000000;
840: 05000008ffffffff;
841: 0500000800000000;
842: 0500000800000001;
843: 0500000800000000;
844: 0500000801010000;
845: 0a00000800401018;
846: 0a000008ffffffff;
847: 0900000840004011;
848: 0900000800080000;
849: 0900000800080000;
84a: 0900000800000000;
84b: 0200000801000000;
84c: 0200000800000006;
84d: 0400000820000100;
84e: 0300000800000001;
84f: 0300000800000000;
850: 0300000800000000;
851: 03000008ffffffff;
852: 0300000800000001;
853: 03000008ff000120;
854: 03000008ffffffff;
855: 0300000802ffffff;
856: 03000008ff000000;
857: 0300000800ffffff;
858: 0300000807000000;
859: 03000008ff000000;
85a: 0300000890ffffff;
85b: 030000080000001c;
85c: 0300000800000007;
85d: 0100000500031380;
85e: 0100000800000000;
85f: 0100000800000008;
860: 0100000800000040;
861: 0600000800000003;
862: 0600000800210000;
863: 05000008ffffffff;
864: 05000008ffffffff;
865: 0500000800000001;
866: 0500000800000000;
867: 0500000800000000;
868: 0500000800000001;
869: 0500000800000008;
86a: 0500000800000001;
86b: 0500000800001c90;
86c: 0500000800000001;
86d: 05000008ffffffff;
86e: 0500000800000001;
86f: 05000008ffffffff;
870: 0500000800000001;
871: 05000008ffffffff;
872: 0500000800000002;
873: 0500000800000007;
874: 0500000800000002;
875: 05000008ffffffff;
876: 0500000800000001;
877: 0500000800000000;
878: 0500000800000000;
879: 0500000800000001;
87a: 0500000800000000;
87b: 05000008ffffffff;
87c: 0500000800000001;
87d: 0500000800000000;
87e: 05000008ffffffff;
87f: 0500000800000001;
880: 0500000800000000;
881: 05000008ffffffff;
882: 0500000800000000;
883: 0500000800000001;
884: 0500000800000000;
885: 0500000801010000;
886: 0900000800004000;
887: 0900000800080000;
888: 0900000800080000;
889: 0900000800000000;
88a: 0200000801000000;
88b: 0200000800000006;
88c: 0400000821000100;
88d: 0300000800000001;
88e: 0300000800000000;
88f: 0300000800000000;
890: 03000008ffffffff;
891: 0300000800000001;
892: 03000008ff000121;
893: 03000008ffffffff;
894: 0300000802ffffff;
895: 03000008ff000000;
896: 0300000800ffffff;
897: 0300000807000000;
898: 03000008ff000000;
899: 0300000898ffffff;
89a: 030000080000001c;
89b: 0300000800000007;
89c: 0100000500031600;
89d: 0100000800000000;
89e: 0100000800000020;
89f: 0100000800000040;
8a0: 0600000800000003;
8a1: 0600000800220000;
8a2: 05000008ffffffff;
8a3: 05000008ffffffff;
8a4: 0500000800000001;
8a5: 0500000800000000;
8a6: 0500000800000000;
8a7: 0500000800000001;
8a8: 0500000800000008;
8a9: 0500000800000001;
8aa: 0500000800001c98;
8ab: 0500000800000001;
8ac: 05000008ffffffff;
8ad: 0500000800000001;
8ae: 05000008ffffffff;
8af: 0500000800000001;
8b0: 05000008ffffffff;
8b1: 0500000800000000;
8b2: 0500000800000001;
8b3: 05000008ffffffff;
8b4: 05000008ffffffff;
8b5: 0500000800000001;
8b6: 0500000800000006;
8b7: 0500000800000006;
8b8: 0500000800000001;
8b9: 0500000800000000;
8ba: 05000008ffffffff;
8bb: 0500000800000001;
8bc: 0500000800000000;
8bd: 05000008ffffffff;
8be: 0500000800000001;
8bf: 0500000800000000;
8c0: 05000008ffffffff;
8c1: 0500000800000006;
8c2: 0500000800000001;
8c3: 0500000800000000;
8c4: 0500000801000000;
8c5: 0a00000800101018;
8c6: 0a000008ffffffff;
8c7: 0900000840004011;
8c8: 0900000800020000;
8c9: 0900000800020000;
8ca: 0900000800000000;
8cb: 0200000801000000;
8cc: 0200000800000000;
8cd: 0400000822000100;
8ce: 0300000800000001;
8cf: 0300000800000000;
8d0: 0300000800000000;
8d1: 03000008ffffffff;
8d2: 0300000800000001;
8d3: 03000008ff000122;
8d4: 03000008ffffffff;
8d5: 03000008ffffffff;
8d6: 03000008ffffffff;
8d7: 0300000800ffffff;
8d8: 0300000801000000;
8d9: 03000008ff000000;
8da: 03000008feffffff;
8db: 030000080000001f;
8dc: 0300000800000001;
8dd: 0100000500031e80;
8de: 0100000800000000;
8df: 0100000800000008;
8e0: 0100000800000040;
8e1: 0600000800000003;
8e2: 0600000800230000;
8e3: 05000008ffffffff;
8e4: 05000008ffffffff;
8e5: 0500000800000001;
8e6: 0500000800000000;
8e7: 0500000800000000;
8e8: 0500000800000001;
8e9: 0500000800000002;
8ea: 0500000800000001;
8eb: 0500000800001ffe;
8ec: 0500000800000001;
8ed: 05000008ffffffff;
8ee: 0500000800000001;
8ef: 05000008ffffffff;
8f0: 0500000800000001;
8f1: 05000008ffffffff;
8f2: 0500000800000000;
8f3: 0500000800000001;
8f4: 05000008ffffffff;
8f5: 05000008ffffffff;
8f6: 0500000800000001;
8f7: 0500000800000000;
8f8: 0500000800000000;
8f9: 0500000800000001;
8fa: 0500000800000000;
8fb: 05000008ffffffff;
8fc: 0500000800000001;
8fd: 0500000800000000;
8fe: 05000008ffffffff;
8ff: 0500000800000001;
900: 0500000800000000;
901: 05000008ffffffff;
902: 0500000800000000;
903: 0500000800000001;
904: 0500000800000000;
905: 0500000801000000;
906: 0900000800000000;
907: 0900000800020000;
908: 0900000800020000;
909: 0900000800000000;
90a: 0700000600004000;
90b: 0700000800000010;
90c: 0700000800000001;
90d: 0700000800000000;
90e: 07000008ffffffff;
90f: 07000008ffffffff;
910: 07000008ffffffff;
911: 07000008ffffffff;
912: 0700000800000000;
913: 07000008ffffffff;
914: 0700000800000010;
915: 0700000800000000;
916: 0700000800000000;
917: 0700000800000000;
918: 0700000800000010;
919: 0700000800000010;
91a: 07000008ffffffff;
91b: 07000008fffffffe;
91c: 0000000000000000;
91d: 0000000000000000;
91e: 0000000000000000;
91f: 0000000000000000;
920: 0000000000000000;
921: 0000000000000000;
922: 0000000000000000;
923: 0000000000000000;
924: 0000000000000000;
925: 0000000000000000;
926: 0000000000000000;
927: 0000000000000000;
928: 0000000000000000;
929: 0000000000000000;
92a: 0000000000000000;
92b: 0000000000000000;
92c: 0000000000000000;
92d: 0000000000000000;
92e: 0000000000000000;
92f: 0000000000000000;
930: 0000000000000000;
931: 0000000000000000;
932: 0000000000000000;
933: 0000000000000000;
934: 0000000000000000;
935: 0000000000000000;
936: 0000000000000000;
937: 0000000000000000;
938: 0000000000000000;
939: 0000000000000000;
93a: 0000000000000000;
93b: 0000000000000000;
93c: 0000000000000000;
93d: 0000000000000000;
93e: 0000000000000000;
93f: 0000000000000000;
940: 0000000000000000;
941: 0000000000000000;
942: 0000000000000000;
943: 0000000000000000;
944: 0000000000000000;
945: 0000000000000000;
946: 0000000000000000;
947: 0000000000000000;
948: 0000000000000000;
949: 0000000000000000;
94a: 0000000000000000;
94b: 0000000000000000;
94c: 0000000000000000;
94d: 0000000000000000;
94e: 0000000000000000;
94f: 0000000000000000;
950: 0000000000000000;
951: 0000000000000000;
952: 0000000000000000;
953: 0000000000000000;
954: 0000000000000000;
955: 0000000000000000;
956: 0000000000000000;
957: 0000000000000000;
958: 0000000000000000;
959: 0000000000000000;
95a: 0000000000000000;
95b: 0000000000000000;
95c: 0000000000000000;
95d: 0000000000000000;
95e: 0000000000000000;
95f: 0000000000000000;
960: 0000000000000000;
961: 0000000000000000;
962: 0000000000000000;
963: 0000000000000000;
964: 0000000000000000;
965: 0000000000000000;
966: 0000000000000000;
967: 0000000000000000;
968: 0000000000000000;
969: 0000000000000000;
96a: 0000000000000000;
96b: 0000000000000000;
96c: 0000000000000000;
96d: 0000000000000000;
96e: 0000000000000000;
96f: 0000000000000000;
970: 0000000000000000;
971: 0000000000000000;
972: 0000000000000000;
973: 0000000000000000;
974: 0000000000000000;
975: 0000000000000000;
976: 0000000000000000;
977: 0000000000000000;
978: 0000000000000000;
979: 0000000000000000;
97a: 0000000000000000;
97b: 0000000000000000;
97c: 0000000000000000;
97d: 0000000000000000;
97e: 0000000000000000;
97f: 0000000000000000;
980: e0066000f8019800;
981: 0000001f00330003;
982: 0000000000000000;
983: 0000000000000000;
984: 0000000000000000;
985: 0000000000000000;
986: 0000000000000000;
987: 8000000000000000;
988: 0000000000000000;
989: 0000000000000000;
98a: 0000000000000000;
98b: 0000000000000000;
98c: 0000000000000000;
98d: 0000000000000000;
98e: 0000000000000000;
98f: 8000000000000000;
990: 0000000000000040;
991: 000000000008000f;
992: 00000001000001e0;
993: 0000000000003c00;
994: 0000000000000000;
995: 0000000000000000;
996: 0000000000000000;
997: 0000000000000000;
998: 0000000000000000;
999: 0000000000000000;
99a: 0000000000000000;
99b: 0000000000000000;
99c: 0000000000000000;
99d: 0000000000000000;
99e: 0000000000000000;
99f: 0000000000000000;
9a0: 0000000000000000;
9a1: 0000000000000000;
9a2: 0000000000000000;
9a3: 0000000000000000;
9a4: 0000000000000000;
9a5: 0000000000000000;
9a6: 0000000000000000;
9a7: 0000000000000000;
9a8: 0000000000000000;
9a9: 0000000000000000;
9aa: 0000000000000000;
9ab: 0000000000000000;
9ac: 0000000000000000;
9ad: 0000000000000000;
9ae: 0000000000000000;
9af: 0000000000000000;
9b0: e0026000f8009800;
9b1: 0000001f00130003;
9b2: 0000000000000000;
9b3: 0000000000000000;
9b4: 0000000000000000;
9b5: 0000000000000000;
9b6: 0000000000000000;
9b7: 8000000000000000;
9b8: 0000000000000000;
9b9: 0000000000000000;
9ba: 0000000000000000;
9bb: 0000000000000000;
9bc: 0000000000000000;
9bd: 0000000000000000;
9be: 0000000000000000;
9bf: 8000000000000000;
9c0: 0000000000000040;
9c1: 000000000008000f;
9c2: 00000001000001e0;
9c3: 0000000000003c00;
9c4: 0000000000000000;
9c5: 0000000000000000;
9c6: 0000000000000000;
9c7: 0000000000000000;
9c8: 0000000000000000;
9c9: 0000000000000000;
9ca: 0000000000000000;
9cb: 0000000000000000;
9cc: 0000000000000000;
9cd: 0000000000000000;
9ce: 0000000000000000;
9cf: 0000000000000000;
9d0: 0000000000000000;
9d1: 0000000000000000;
9d2: 0000000000000000;
9d3: 0000000000000000;
9d4: 0000000000000000;
9d5: 0000000000000000;
9d6: 0000000000000000;
9d7: 0000000000000000;
9d8: 0000000000000000;
9d9: 0000000000000000;
9da: 0000000000000000;
9db: 0000000000000000;
9dc: 0000000000000000;
9dd: 0000000000000000;
9de: 0000000000000000;
9df: 0000000000000000;
9e0: 72ce5df51cb39709;
9e1: 59cbc0a39672dcc4;
9e2: 397b8472ce5cd08e;
9e3: 2e1c8e59cb9711cb;
9e4: 0000000000023967;
9e5: 0000000000000000;
9e6: 0000000000000000;
9e7: 8000000000000000;
9e8: 72ce5e111cb397b6;
9e9: 59cb6e239672f8a4;
9ea: 39823472ce5b488e;
9eb: 2b6a8e59cc5f91cb;
9ec: 0000000000023967;
9ed: 0000000000000000;
9ee: 0000000000000000;
9ef: 8000000000000000;
9f0: 0000000000bb3024;
9f1: 000000001542de87;
9f2: 00000000a69aecc0;
9f3: 00000005834d1c00;
9f4: 0000000000038000;
9f5: 0000000000000000;
9f6: 0000000000000000;
9f7: 0000000000000000;
9f8: 0000000000351fb2;
9f9: 0000000001c28848;
9fa: 00000001422d30e0;
9fb: 00000057d3319c00;
9fc: 0000000000040000;
9fd: 0000000000000000;
9fe: 0000000000000000;
9ff: 0000000000000000;
a00: 000000000012b024;
a01: 00000000037d2827;
a02: 00000000535148e0;
a03: 0000002275811800;
a04: 0000000000038000;
a05: 0000000000000000;
a06: 0000000000000000;
a07: 0000000000000000;
a08: 0000000000faaf84;
a09: 00000000061c5267;
a0a: 00000003e6cdf8a0;
a0b: 0000000af3a11000;
a0c: 0000000000048000;
a0d: 0000000000000000;
a0e: 0000000000000000;
a0f: 0000000000000000;
a10: 0000000000a8e91f;
a11: 000000001ed8a887;
a12: 00000000953520c0;
a13: 000000702dca9c00;
a14: 0000000000038000;
a15: 0000000000000000;
a16: 0000000000000000;
a17: 0000000000000000;
a18: 0000000000d22e99;
a19: 00000000171238a7;
a1a: 00000001e79388e0;
a1b: 0000005e62369c00;
a1c: 0000000000040000;
a1d: 0000000000000000;
a1e: 0000000000000000;
a1f: 0000000000000000;
a20: 00000000006c4c58;
a21: 0000000014785ae7;
a22: 00000000782938a0;
a23: 0000001857251800;
a24: 0000000000038000;
a25: 0000000000000000;
a26: 0000000000000000;
a27: 0000000000000000;
a28: 000000000062acb4;
a29: 000000000aa55207;
a2a: 00000000a2bbb4a0;
a2b: 0000006e56fe9400;
a2c: 0000000000048000;
a2d: 0000000000000000;
a2e: 0000000000000000;
a2f: 0000000000000000;
a30: 0000000000b60c37;
a31: 000000001dd584a8;
a32: 0000000018d27cc0;
a33: 0000005ba2831c00;
a34: 0000000000038000;
a35: 0000000000000000;
a36: 0000000000000000;
a37: 0000000000000000;
a38: 0000000000d80560;
a39: 0000000010f41c86;
a3a: 00000000f8ee60c0;
a3b: 00000006a69f9800;
a3c: 0000000000038000;
a3d: 0000000000000000;
a3e: 0000000000000000;
a3f: 0000000000000000;
a40: 0000000000ecf551;
a41: 0000000000f815a7;
a42: 0000000399cfa4c0;
a43: 0000006a5beb1400;
a44: 0000000000038000;
a45: 0000000000000000;
a46: 0000000000000000;
a47: 0000000000000000;
a48: 000000000022520f;
a49: 000000001c1e3588;
a4a: 000000019bdd80a0;
a4b: 0000002bf6839400;
a4c: 0000000000048000;
a4d: 0000000000000000;
a4e: 0000000000000000;
a4f: 0000000000000000;
a50: 000000000037f9bf;
a51: 0000000011d93488;
a52: 000000039209b880;
a53: 0000001734019800;
a54: 0000000000030000;
a55: 0000000000000000;
a56: 0000000000000000;
a57: 0000000000000000;
a58: 00000000003909bf;
a59: 000000001dbe17e8;
a5a: 0000000042def4e0;
a5b: 00000006a60c9c00;
a5c: 0000000000040000;
a5d: 0000000000000000;
a5e: 0000000000000000;
a5f: 0000000000000000;
a60: 000000000055c3da;
a61: 000000000a652da5;
a62: 00000003c735e8e0;
a63: 0000001d03599400;
a64: 0000000000020000;
a65: 0000000000000000;
a66: 0000000000000000;
a67: 0000000000000000;
a68: 00000000003eb136;
a69: 0000000016201527;
a6a: 00000003a762f460;
a6b: 0000004f947f9400;
a6c: 0000000000040000;
a6d: 0000000000000000;
a6e: 0000000000000000;
a6f: 0000000000000000;
a70: 0000000000dd75ec;
a71: 0000000014d27606;
a72: 00000003a2aec8c0;
a73: 0000000730fa1c00;
a74: 0000000000040000;
a75: 0000000000000000;
a76: 0000000000000000;
a77: 0000000000000000;
a78: 0000000000dbf58d;
a79: 000000000202b547;
a7a: 00000002042400c0;
a7b: 00000024956c1c00;
a7c: 0000000000038000;
a7d: 0000000000000000;
a7e: 0000000000000000;
a7f: 0000000000000000;
a80: 0000000000571ea4;
a81: 000000001594f367;
a82: 00000003627858c0;
a83: 0000003798571800;
a84: 0000000000030000;
a85: 0000000000000000;
a86: 0000000000000000;
a87: 0000000000000000;
a88: 0000000000bf39e5;
a89: 000000000f0ac1c7;
a8a: 000000012d7d44a0;
a8b: 000000753b099400;
a8c: 0000000000040000;
a8d: 0000000000000000;
a8e: 0000000000000000;
a8f: 0000000000000000;
a90: 0000000000c988c6;
a91: 000000000b3ccea6;
a92: 000000026aeb20c0;
a93: 0000006012871c00;
a94: 0000000000038000;
a95: 0000000000000000;
a96: 0000000000000000;
a97: 0000000000000000;
a98: 0000000000435b20;
a99: 00000000042b1e46;
a9a: 00000003d538f8e0;
a9b: 0000005401512000;
a9c: 0000000000038000;
a9d: 0000000000000000;
a9e: 0000000000000000;
a9f: 0000000000000000;
aa0: 0000000000ef9ba1;
aa1: 000000000395ba07;
aa2: 0000000029d570a0;
aa3: 0000006fa0331400;
aa4: 0000000000038000;
aa5: 0000000000000000;
aa6: 0000000000000000;
aa7: 0000000000000000;
aa8: 0000000000f35d05;
aa9: 000000000b273166;
aaa: 00000003652d6c80;
aab: 00000003835d1400;
aac: 0000000000048000;
aad: 0000000000000000;
aae: 0000000000000000;
aaf: 0000000000000000;
ab0: 00000000000cff88;
ab1: 00000000050477e7;
ab2: 00000003ec0d24c0;
ab3: 00000060fba2a000;
ab4: 0000000000038000;
ab5: 0000000000000000;
ab6: 0000000000000000;
ab7: 0000000000000000;
ab8: 0000000000e91441;
ab9: 000000000cbf3ac8;
aba: 000000013dc46ca0;
abb: 0000001c21d19c00;
abc: 0000000000040000;
abd: 0000000000000000;
abe: 0000000000000000;
abf: 0000000000000000;
ac0: 0000000000209d5a;
ac1: 000000000dda07c6;
ac2: 000000036a9f1880;
ac3: 0000007956659400;
ac4: 0000000000038000;
ac5: 0000000000000000;
ac6: 0000000000000000;
ac7: 0000000000000000;
ac8: 0000000000b8a66d;
ac9: 000000001806a267;
aca: 0000000348eae080;
acb: 000000597b0b9400;
acc: 0000000000040000;
acd: 0000000000000000;
ace: 0000000000000000;
acf: 0000000000000000;
ad0: 00000000005d2a1c;
ad1: 000000001b272b88;
ad2: 0000000335f0e4a0;
ad3: 000000478ac49800;
ad4: 0000000000030000;
ad5: 0000000000000000;
ad6: 0000000000000000;
ad7: 0000000000000000;
ad8: 0000000000cba877;
ad9: 00000000047c4907;
ada: 00000002d37370e0;
adb: 0000007f46c32000;
adc: 0000000000040000;
add: 0000000000000000;
ade: 0000000000000000;
adf: 0000000000000000;
ae0: 00000000009da6ed;
ae1: 0000000009f96426;
ae2: 00000002e25fd4c0;
ae3: 00000072de701800;
ae4: 0000000000038000;
ae5: 0000000000000000;
ae6: 0000000000000000;
ae7: 0000000000000000;
ae8: 000000000027b854;
ae9: 000000000ea3d427;
aea: 00000003c144c460;
aeb: 00000074a0821400;
aec: 0000000000048000;
aed: 0000000000000000;
aee: 0000000000000000;
aef: 0000000000000000;
af0: 000000000020eec0;
af1: 0000000009364b48;
af2: 00000001ad3020c0;
af3: 00000072aacf1c00;
af4: 0000000000030000;
af5: 0000000000000000;
af6: 0000000000000000;
af7: 0000000000000000;
af8: 0000000000e49860;
af9: 0000000003cb0947;
afa: 000000025d9b98e0;
afb: 0000002c1a8d1c00;
afc: 0000000000040000;
afd: 0000000000000000;
afe: 0000000000000000;
aff: 0000000000000000;
b00: 0000000000b833e8;
b01: 0000000011e79a45;
b02: 000000024ad8b0c0;
b03: 0000005320201400;
b04: 0000000000030000;
b05: 0000000000000000;
b06: 0000000000000000;
b07: 0000000000000000;
b08: 0000000000ebb23b;
b09: 000000000843c3e6;
b0a: 00000002443160a0;
b0b: 0000002882d19800;
b0c: 0000000000040000;
b0d: 0000000000000000;
b0e: 0000000000000000;
b0f: 0000000000000000;
b10: 485a142cd216850b;
b11: 0b42859a42d0a163;
b12: 6850b3485a142c69;
b13: 0a16690b42858d21;
b14: 000000000001a42d;
b15: 0000000000000000;
b16: 0000000000000000;
b17: 8000000000000000;
b18: 485a142cd216850b;
b19: 0b42859a42d0a163;
b1a: 6850b3485a142c69;
b1b: 0a16690b42858d21;
b1c: 000000000001a42d;
b1d: 0000000000000000;
b1e: 0000000000000000;
b1f: 8000000000000000;
b20: 0000000000000040;
b21: 000000000008000f;
b22: 00000001000001e0;
b23: 0000200000003c00;
b24: 0000000000078000;
b25: 0000000000000000;
b26: 0000000000000000;
b27: 0000000000000000;
b28: 0000004000000000;
b29: 000800000000000f;
b2a: 00000000000001e0;
b2b: 0000000000003c01;
b2c: 000000000007a000;
b2d: 0000000000000000;
b2e: 0000000000000000;
b2f: 0000000000000000;
b30: 0000000000000000;
b31: 0000000000000000;
b32: 0000000000000000;
b33: 0000000000000000;
b34: 0000000000000000;
b35: 0000000000000000;
b36: 0000000000000000;
b37: 0000000000000000;
b38: 0000000000000000;
b39: 0000000000000000;
b3a: 0000000000000000;
b3b: 0000000000000000;
b3c: 0000000000000000;
b3d: 0000000000000000;
b3e: 0000000000000000;
b3f: 0000000000000000;
b40: 0000000000000000;
b41: 0000000000000000;
b42: 0000000000000000;
b43: 0000000000000000;
b44: 0000000000000000;
b45: 0000000000000000;
b46: 0000000000000000;
b47: 0000000000000000;
b48: 0000000000000000;
b49: 0000000000000000;
b4a: 0000000000000000;
b4b: 0000000000000000;
b4c: 0000000000000000;
b4d: 0000000000000000;
b4e: 0000000000000000;
b4f: 0000000000000000;
b50: 0000000000000040;
b51: 000000000008000f;
b52: 00000001000001e0;
b53: 0000200000003c00;
b54: 0000000000078000;
b55: 0000000000000000;
b56: 0000000000000000;
b57: 0000000000000000;
b58: 0000004000000000;
b59: 000800000000000f;
b5a: 00000000000001e0;
b5b: 0000000000003c01;
b5c: 000000000007a000;
b5d: 0000000000000000;
b5e: 0000000000000000;
b5f: 0000000000000000;
b60: 547661c9151d94f4;
b61: 8ecb7622a3b2ba24;
b62: d97974547653dc8a;
b63: 2f528a8ecc249151;
b64: 0000000000022a3b;
b65: 0000000000000000;
b66: 0000000000000000;
b67: 8000000000000000;
b68: 54765ff5151d968c;
b69: 8ecc3ba2a3b33bc4;
b6a: d97e3454765e888a;
b6b: 2e1e8a8ecbed9151;
b6c: 0000000000022a3b;
b6d: 0000000000000000;
b6e: 0000000000000000;
b6f: 8000000000000000;
b70: 530c22ebfb040b14;
b71: 4348a2819e5d414d;
b72: 4093e98fcd037d83;
b73: 480b59468115b485;
b74: 000000000006ecd7;
b75: 0000000000000000;
b76: 0000000000000000;
b77: 0000000000000000;
b78: 1285e130849c19c5;
b79: 8aa4c0dae5fd30cd;
b7a: 80eb708c5931f1a3;
b7b: db867661fcfb3745;
b7c: 000000000006e07b;
b7d: 0000000000000000;
b7e: 0000000000000000;
b7f: 0000000000000000;
b80: eca3cedbf37d395f;
b81: f5215d57ab7e1a4c;
b82: bc18f857318c7daf;
b83: 94f47fc394fe3046;
b84: 000000000006f2f0;
b85: 0000000000000000;
b86: 0000000000000000;
b87: 0000000000000000;
b88: 0cf309072b601ce0;
b89: 2bb63b4695cf7a8d;
b8a: 9887878d6bd7f583;
b8b: 7e937d6d78d83476;
b8c: 0000000000069cdb;
b8d: 0000000000000000;
b8e: 0000000000000000;
b8f: 0000000000000000;
b90: c80d05d51cc0f304;
b91: 9ea7c9c4cb38830e;
b92: 97bc602f6d27f590;
b93: d8050643eed8b6e2;
b94: 000000000006d564;
b95: 0000000000000000;
b96: 0000000000000000;
b97: 0000000000000000;
b98: 88c5200bb1320301;
b99: 531835667e24c8ad;
b9a: 9023fccbcc7959b0;
b9b: 7e01f4f385fab78d;
b9c: 000000000007218c;
b9d: 0000000000000000;
b9e: 0000000000000000;
b9f: 0000000000000000;
ba0: 11d846b823f4ce57;
ba1: 42dea5ddda01630c;
ba2: 084c6830347909d0;
ba3: f4f65b788b763838;
ba4: 0000000000070af9;
ba5: 0000000000000000;
ba6: 0000000000000000;
ba7: 0000000000000000;
ba8: 16b22900f46d3535;
ba9: 59dc7ea99b5f3dad;
baa: 88c7aaf8076c31bd;
bab: 7dffe76e7e0cb4e7;
bac: 000000000006e753;
bad: 0000000000000000;
bae: 0000000000000000;
baf: 0000000000000000;
bb0: 3640091acef91eb9;
bb1: a28b6708c800250d;
bb2: a86c278b9b83bd96;
bb3: e38a2a74f26cb432;
bb4: 000000000006aafe;
bb5: 0000000000000000;
bb6: 0000000000000000;
bb7: 0000000000000000;
bb8: a4d91b00682f9d32;
bb9: 1e62ffe6015a0a2d;
bba: 30d3df46a06d75a4;
bbb: 35fb9671f377b414;
bbc: 0000000000060650;
bbd: 0000000000000000;
bbe: 0000000000000000;
bbf: 0000000000000000;
bc0: 1f430c05a4b8c719;
bc1: 6481c282c15e1f8d;
bc2: d810c00b417d4da9;
bc3: a37e4d94f279b0c3;
bc4: 0000000000068f7a;
bc5: 0000000000000000;
bc6: 0000000000000000;
bc7: 0000000000000000;
bc8: a223da1ff05a52fc;
bc9: 8afdb3c99bbce7ed;
bca: b7a7d78bf749199a;
bcb: 9916183d41e73487;
bcc: 000000000006192b;
bcd: 0000000000000000;
bce: 0000000000000000;
bcf: 0000000000000000;
bd0: e822eb155833f2df;
bd1: dd753b57ddfb250d;
bd2: 2cd7ad27e887dd83;
bd3: dc86f58682113420;
bd4: 00000000000697e8;
bd5: 0000000000000000;
bd6: 0000000000000000;
bd7: 0000000000000000;
bd8: 19fcd357ffbe23f0;
bd9: 0bbe20d61e9bfdcd;
bda: 97c28129fc6f25c2;
bdb: 0e7eff8b7785b1e4;
bdc: 00000000000709d2;
bdd: 0000000000000000;
bde: 0000000000000000;
bdf: 0000000000000000;
be0: 0dfdbcfe152b2bfc;
be1: 61a8821d588143cd;
be2: f88da7d2d94709d4;
be3: 9af424850c8b3023;
be4: 00000000000692cd;
be5: 0000000000000000;
be6: 0000000000000000;
be7: 0000000000000000;
be8: a528e3eb07a52e4f;
be9: 2dbb20619ce17f2d;
bea: a0c3746f5a803dbd;
beb: 80fd715f0b7433ac;
bec: 000000000007040a;
bed: 0000000000000000;
bee: 0000000000000000;
bef: 0000000000000000;
bf0: 07be0dea25f6cfec;
bf1: dc57627ea73b7f2e;
bf2: 284813c380c7d5b9;
bf3: c9eb62b3da52379a;
bf4: 0000000000066b61;
bf5: 0000000000000000;
bf6: 0000000000000000;
bf7: 0000000000000000;
bf8: 29d431e990f40fd6;
bf9: 6a7d80801afc1a8d;
bfa: 2363d8c3d6aae1b9;
bfb: 5e09e3299b08b544;
bfc: 000000000006ae8a;
bfd: 0000000000000000;
bfe: 0000000000000000;
bff: 0000000000000000;
c00: 923003f3509eec2b;
c01: 80bea0c9c11edf4c;
c02: e4e1e7ec3c7879cd;
c03: 7c6951649070b420;
c04: 000000000006bfd6;
c05: 0000000000000000;
c06: 0000000000000000;
c07: 0000000000000000;
c08: fa0b011a1ca3f8f7;
c09: ff7ec204f71b7eae;
c0a: 1374ec4382ef79a2;
c0b: 1a45654926a3b709;
c0c: 000000000006644d;
c0d: 0000000000000000;
c0e: 0000000000000000;
c0f: 0000000000000000;
c10: e9f51211af0321ef;
c11: 800041e125dcbe0e;
c12: f437ba4be34c21b7;
c13: a319031588f1b52b;
c14: 000000000006e8a9;
c15: 0000000000000000;
c16: 0000000000000000;
c17: 0000000000000000;
c18: d710270bed5ad606;
c19: 603ac269c3523eed;
c1a: 17d7cf2a8afce9a0;
c1b: 72605bbf9008b4b4;
c1c: 000000000006f190;
c1d: 0000000000000000;
c1e: 0000000000000000;
c1f: 0000000000000000;
c20: e51f082accc0bbfc;
c21: d8317b57e382804d;
c22: 6c9d949fe07c21a2;
c23: 176bdc5c0f7fb37d;
c24: 000000000006aa25;
c25: 0000000000000000;
c26: 0000000000000000;
c27: 0000000000000000;
c28: 47bb02f053b4f831;
c29: 133e19feb538242e;
c2a: c83ccb20e2cc6582;
c2b: 8203ac0e7b053374;
c2c: 000000000006957a;
c2d: 0000000000000000;
c2e: 0000000000000000;
c2f: 0000000000000000;
c30: cdf58305e6ee1d12;
c31: e0e2d08997e5256d;
c32: c84fa83f93a88d6a;
c33: e664e09da1a1b226;
c34: 000000000006709c;
c35: 0000000000000000;
c36: 0000000000000000;
c37: 0000000000000000;
c38: bfdccc366d093ef0;
c39: 1cdd5c163e3e194d;
c3a: 5c4fc395dfc309a0;
c3b: 280bb46eea0cb06f;
c3c: 000000000006e492;
c3d: 0000000000000000;
c3e: 0000000000000000;
c3f: 0000000000000000;
c40: 69d5260c163a5200;
c41: e1573f87e41cd9cc;
c42: 637c5403a772e5aa;
c43: 0e7d2887f17534a8;
c44: 0000000000070307;
c45: 0000000000000000;
c46: 0000000000000000;
c47: 0000000000000000;
c48: 2bfcc8e6b32828ca;
c49: b882c3317f027f6d;
c4a: 56a351aaeb27199f;
c4b: 09e44365098637dd;
c4c: 0000000000062685;
c4d: 0000000000000000;
c4e: 0000000000000000;
c4f: 0000000000000000;
c50: a7a7a7eef0590561;
c51: 179a42bf9c42418c;
c52: b2f4476efd4aa586;
c53: 1948ed500bf4b1c6;
c54: 0000000000058017;
c55: 0000000000000000;
c56: 0000000000000000;
c57: 0000000000000000;
c58: 27fb0e81dc0c3e0d;
c59: 7b05447803421a6d;
c5a: 30716bd80ec6c1b9;
c5b: 7d152a68055fb7e0;
c5c: 0000000000068e7a;
c5d: 0000000000000000;
c5e: 0000000000000000;
c5f: 0000000000000000;
c60: d15555f36cd6ddda;
c61: 009ddd1d8de182cc;
c62: a7bd846d22b739bc;
c63: fc801a8b72f5b19c;
c64: 00000000000686a2;
c65: 0000000000000000;
c66: 0000000000000000;
c67: 0000000000000000;
c68: 0ffabb05da2304ec;
c69: 7f7fe8fb4460e2ee;
c6a: bba4744423d381bb;
c6b: 5ffb7c1b0b83baf8;
c6c: 000000000006930b;
c6d: 0000000000000000;
c6e: 0000000000000000;
c6f: 0000000000000000;
c70: fbf3f811980e3e70;
c71: e3a0e01a9c9c574d;
c72: 2c47a7034b87f19a;
c73: 1a11abec0f80b7d8;
c74: 0000000000068b82;
c75: 0000000000000000;
c76: 0000000000000000;
c77: 0000000000000000;
c78: f74af1bcc6d601e6;
c79: 6b0d247c7e363a8d;
c7a: dfb53afb1b03b595;
c7b: e4d494f37367b75b;
c7c: 0000000000062e87;
c7d: 0000000000000000;
c7e: 0000000000000000;
c7f: 0000000000000000;
c80: e3e52af4dee5a2f0;
c81: 28aa20da513dddcd;
c82: 447f3100b77e21b4;
c83: da0cb2b45e8fb2b4;
c84: 0000000000067620;
c85: 0000000000000000;
c86: 0000000000000000;
c87: 0000000000000000;
c88: da52f4f1ab2322e4;
c89: e6d72375c262e3ad;
c8a: 841c4b8163ff81bf;
c8b: 77963c0a8aaab6bc;
c8c: 0000000000066a01;
c8d: 0000000000000000;
c8e: 0000000000000000;
c8f: 0000000000000000;
c90: fb8a3a081205fbd9;
c91: e4e009bde0a296cc;
c92: 347fc04793487187;
c93: 0c87fb877addb471;
c94: 000000000006fd96;
c95: 0000000000000000;
c96: 0000000000000000;
c97: 0000000000000000;
c98: db33b5fec6ddd1da;
c99: 45fdc4c85afb7c0d;
c9a: 0bf42bbbc1033da3;
c9b: 9a7d760d69173559;
c9c: 0000000000064afb;
c9d: 0000000000000000;
c9e: 0000000000000000;
c9f: 0000000000000000;
ca0: 759246250c172139;
ca1: 7f1f5ec61b42df4c;
ca2: 673038444fe8d9b7;
ca3: f601f17900033174;
ca4: 000000000006d078;
ca5: 0000000000000000;
ca6: 0000000000000000;
ca7: 0000000000000000;
ca8: 1fd218f3bcf7ed0f;
ca9: a2c7221ebd54736d;
caa: 111c098a60f9698f;
cab: fa0b338f722eb097;
cac: 000000000006fa11;
cad: 0000000000000000;
cae: 0000000000000000;
caf: 0000000000000000;
cb0: 0ee4df1d8ec9e8e7;
cb1: 6141618521277f0d;
cb2: ddd514249f149da8;
cb3: 0b01940107983051;
cb4: 000000000006da16;
cb5: 0000000000000000;
cb6: 0000000000000000;
cb7: 0000000000000000;
cb8: a1179f0f07000210;
cb9: 7b5efd5ec3251e6d;
cba: 9d33d843857039a9;
cbb: 0d6a2e8d0b0633f1;
cbc: 000000000006c795;
cbd: 0000000000000000;
cbe: 0000000000000000;
cbf: 0000000000000000;
cc0: ba94e0bff8cc4116;
cc1: f91f43851e9ad2ec;
cc2: 5bcc2047e10491a9;
cc3: 693aae918b7e388c;
cc4: 0000000000068031;
cc5: 0000000000000000;
cc6: 0000000000000000;
cc7: 0000000000000000;
cc8: 5adef7d7b2eef600;
cc9: 1e0af735d95d458d;
cca: b0975d5b77a7e56f;
ccb: 9861020158a7b7fb;
ccc: 00000000000609f8;
ccd: 0000000000000000;
cce: 0000000000000000;
ccf: 0000000000000000;
cd0: db1d01aee803f029;
cd1: 3e5c402efe0aa48d;
cd2: 5413dc8f1be4098f;
cd3: 9a8b108407a337c1;
cd4: 0000000000068885;
cd5: 0000000000000000;
cd6: 0000000000000000;
cd7: 0000000000000000;
cd8: f412e408e604bc2a;
cd9: dffefad65e17bbce;
cda: 6030033fc06fb5bb;
cdb: 8c9a30087a7a308d;
cdc: 000000000006809c;
cdd: 0000000000000000;
cde: 0000000000000000;
cdf: 0000000000000000;
ce0: 96fde5e5c9dbe1f4;
ce1: 9a061a1a5e55a10d;
ce2: c687d0ab9128a5a1;
ce3: f76a298cea133468;
ce4: 000000000006918c;
ce5: 0000000000000000;
ce6: 0000000000000000;
ce7: 0000000000000000;
ce8: e6d7ddbc9cfabffa;
ce9: f681c0b46209fe4c;
cea: 6380116fdbd07999;
ceb: b25f72dbd7843757;
cec: 0000000000065e73;
ced: 0000000000000000;
cee: 0000000000000000;
cef: 0000000000000000;
cf0: d6b43dea140018a4;
cf1: 0abcdadb25fe3bad;
cf2: 28eb44604f42f19d;
cf3: 1da282020583340c;
cf4: 000000000006127e;
cf5: 0000000000000000;
cf6: 0000000000000000;
cf7: 0000000000000000;
cf8: e31beca610e9a611;
cf9: 435ddf603f7ed80d;
cfa: 4803b3a7588901dd;
cfb: 10fc7a810585343f;
cfc: 00000000000721f8;
cfd: 0000000000000000;
cfe: 0000000000000000;
cff: 0000000000000000;
d00: 4bd10bf5fb11fe08;
d01: 20fdfc3ee23f97cd;
d02: a7d0a4a7efe805c2;
d03: 027bfadd05fc356c;
d04: 0000000000070dfc;
d05: 0000000000000000;
d06: 0000000000000000;
d07: 0000000000000000;
d08: 8916c4d713fa01da;
d09: 21dba27ca26263cd;
d0a: 20f8d807ac505597;
d0b: e43d12fee0513419;
d0c: 0000000000068b08;
d0d: 0000000000000000;
d0e: 0000000000000000;
d0f: 0000000000000000;
d10: 54e6f795c3942fef;
d11: 0501607c890b978d;
d12: 518b5830fe63d19a;
d13: 086a9008a1a835d4;
d14: 0000000000068b01;
d15: 0000000000000000;
d16: 0000000000000000;
d17: 0000000000000000;
d18: e703d712130142eb;
d19: 5819d8a29f3701ae;
d1a: 503293b6b78081aa;
d1b: f7a26cfb9b03b7c3;
d1c: 000000000006ea77;
d1d: 0000000000000000;
d1e: 0000000000000000;
d1f: 0000000000000000;
d20: d1b3a3497ba95792;
d21: bf5ee81d3c9c41ab;
d22: d819149bf504b1c5;
d23: f68f116607e734dc;
d24: 0000000000072a8c;
d25: 0000000000000000;
d26: 0000000000000000;
d27: 0000000000000000;
d28: bc1aebe218ebedd4;
d29: 801cd525203ca46e;
d2a: d92cbc2c2008b1bf;
d2b: 81f674f84bfb3734;
d2c: 000000000006977c;
d2d: 0000000000000000;
d2e: 0000000000000000;
d2f: 0000000000000000;
d30: 1d2ac1eebea9529c;
d31: fcdde1be2449d92c;
d32: f883afb8d113b981;
d33: 0fd9999714823780;
d34: 0000000000068a72;
d35: 0000000000000000;
d36: 0000000000000000;
d37: 0000000000000000;
d38: cb03db55e506df17;
d39: bd5ee841821b02ed;
d3a: b4271f7e97ab65a3;
d3b: f8ed10ed5fa3b79b;
d3c: 000000000006c4fe;
d3d: 0000000000000000;
d3e: 0000000000000000;
d3f: 0000000000000000;
d40: a922de07f4ddeecc;
d41: 62215fe481a7630d;
d42: da3977bf18cbf9d5;
d43: 72d0075f9af93008;
d44: 0000000000069e77;
d45: 0000000000000000;
d46: 0000000000000000;
d47: 0000000000000000;
d48: 2832c46619c4fd89;
d49: 3cff60a2c25e97ed;
d4a: 4cc8443d3ff93da4;
d4b: a9166b7ffe66b37c;
d4c: 000000000006fff4;
d4d: 0000000000000000;
d4e: 0000000000000000;
d4f: 0000000000000000;
d50: 1097eb794ae0c179;
d51: 6ab057786772ca4b;
d52: 57eb215fd452d17e;
d53: 62d9670ff6fc379b;
d54: 00000000000673fc;
d55: 0000000000000000;
d56: 0000000000000000;
d57: 0000000000000000;
d58: f6dc12bad9d9a435;
d59: eb1f3ec641a5f64d;
d5a: 47c4e497300865ab;
d5b: 986490a203f4b4ce;
d5c: 000000000006dcf6;
d5d: 0000000000000000;
d5e: 0000000000000000;
d5f: 0000000000000000;
d60: 18d9ffbbed00e02e;
d61: dfc4897c41dbc8ed;
d62: 089c7f9c47fb21bf;
d63: 0f8e7edf9f0a3031;
d64: 0000000000062ecc;
d65: 0000000000000000;
d66: 0000000000000000;
d67: 0000000000000000;
d68: 6023153619060ff1;
d69: c1db63e100848acd;
d6a: 485b3be05ef7f1c1;
d6b: e4bb7a87d4ccb790;
d6c: 0000000000069800;
d6d: 0000000000000000;
d6e: 0000000000000000;
d6f: 0000000000000000;
d70: ac06f9c5fffa04ec;
d71: 40fc9bbf06097f6e;
d72: 80e84c8cda1fc581;
d73: 77598903f3ebb28f;
d74: 00000000000692fe;
d75: 0000000000000000;
d76: 0000000000000000;
d77: 0000000000000000;
d78: 5deae58c3d1b2eeb;
d79: dffcd7079f3fe24d;
d7a: bbaf28eb126899b1;
d7b: 7d726b0818563442;
d7c: 000000000006ba80;
d7d: 0000000000000000;
d7e: 0000000000000000;
d7f: 0000000000000000;
d80: b80cf11d38efea2a;
d81: ddbeda7da1a5a5ed;
d82: e1110b9464c121d7;
d83: 57fc310a7662b1e0;
d84: 00000000000670dd;
d85: 0000000000000000;
d86: 0000000000000000;
d87: 0000000000000000;
d88: 0af60d79da0d3670;
d89: e2988323407feced;
d8a: 58b856351f7fadb9;
d8b: f5fa7b0ee00cb34b;
d8c: 000000000006de63;
d8d: 0000000000000000;
d8e: 0000000000000000;
d8f: 0000000000000000;
d90: c94aa40b12598ae6;
d91: fb1acafb43deb8ac;
d92: 6bb07391a8944589;
d93: f8a2ef001ed03080;
d94: 000000000005bbca;
d95: 0000000000000000;
d96: 0000000000000000;
d97: 0000000000000000;
d98: 40e9c4c6d544228b;
d99: e3806b8d8334a38c;
d9a: 779b88a29f4055a5;
d9b: 7a1ed1dd0d0337bb;
d9c: 00000000000638fa;
d9d: 0000000000000000;
d9e: 0000000000000000;
d9f: 0000000000000000;
da0: bc39f6032df6eac4;
da1: 811ebf2260e29acd;
da2: d3cf170762bf31cb;
da3: 6dd3f5857085379f;
da4: 00000000000700ef;
da5: 0000000000000000;
da6: 0000000000000000;
da7: 0000000000000000;
da8: dd034eb20f480f2c;
da9: c11b44cca7f837ed;
daa: 74041f603b86c581;
dab: 1a5d6d18e70cb55b;
dac: 000000000006f863;
dad: 0000000000000000;
dae: 0000000000000000;
daf: 0000000000000000;
db0: 67122388d9c488e2;
db1: e244711b38911c43;
db2: 488e23671223886c;
db3: 11c46ce244710d9c;
db4: 000000000001b389;
db5: 0000000000000000;
db6: 0000000000000000;
db7: 8000000000000000;
db8: 67122388d9c488e2;
db9: e244711b38911c43;
dba: 488e23671223886c;
dbb: 11c46ce244710d9c;
dbc: 000000000001b389;
dbd: 0000000000000000;
dbe: 0000000000000000;
dbf: 8000000000000000;
dc0: 0000000000000040;
dc1: 000000000008000f;
dc2: 00000001000001e0;
dc3: 0000200000003c00;
dc4: 0000000000078000;
dc5: 0000000000000000;
dc6: 0000000000000000;
dc7: 0000000000000000;
dc8: 0000004000000000;
dc9: 000800000000000f;
dca: 00000000000001e0;
dcb: 0000000000003c01;
dcc: 000000000007a000;
dcd: 0000000000000000;
dce: 0000000000000000;
dcf: 0000000000000000;
dd0: 0000000000000000;
dd1: 0000000000000000;
dd2: 0000000000000000;
dd3: 0000000000000000;
dd4: 0000000000000000;
dd5: 0000000000000000;
dd6: 0000000000000000;
dd7: 0000000000000000;
dd8: 0000000000000000;
dd9: 0000000000000000;
dda: 0000000000000000;
ddb: 0000000000000000;
ddc: 0000000000000000;
ddd: 0000000000000000;
dde: 0000000000000000;
ddf: 0000000000000000;
de0: 0000000000000000;
de1: 0000000000000000;
de2: 0000000000000000;
de3: 0000000000000000;
de4: 0000000000000000;
de5: 0000000000000000;
de6: 0000000000000000;
de7: 0000000000000000;
de8: 0000000000000000;
de9: 0000000000000000;
dea: 0000000000000000;
deb: 0000000000000000;
dec: 0000000000000000;
ded: 0000000000000000;
dee: 0000000000000000;
def: 0000000000000000;
df0: 0000000000000040;
df1: 000000000008000f;
df2: 00000001000001e0;
df3: 0000200000003c00;
df4: 0000000000078000;
df5: 0000000000000000;
df6: 0000000000000000;
df7: 0000000000000000;
df8: 0000004000000000;
df9: 000800000000000f;
dfa: 00000000000001e0;
dfb: 0000000000003c01;
dfc: 000000000007a000;
dfd: 0000000000000000;
dfe: 0000000000000000;
dff: 0000000000000000;
e00: 466219b111988a4a;
e01: ccc41322330fd884;
e02: 884894466213b888;
e03: 09c688cc3aa71119;
e04: 0000000000022333;
e05: 0000000000000000;
e06: 0000000000000000;
e07: 8000000000000000;
e08: 46622e25119883c6;
e09: cc3f44a233116dc4;
e0a: 8856944662006c88;
e0b: 0cac88cc446f9119;
e0c: 0000000000022333;
e0d: 0000000000000000;
e0e: 0000000000000000;
e0f: 8000000000000000;
e10: 114011b507e130c2;
e11: 955c399cdca741ac;
e12: 438714c2af8e0582;
e13: 23ec17530dddb0e0;
e14: 0000000000066865;
e15: 0000000000000000;
e16: 0000000000000000;
e17: 0000000000000000;
e18: ed52e1c4f63a230f;
e19: 908779ca75eb290c;
e1a: d05cd7df98971163;
e1b: dcf9e54fe1f7b396;
e1c: 000000000005ed85;
e1d: 0000000000000000;
e1e: 0000000000000000;
e1f: 0000000000000000;
e20: 226c0e14e4761eeb;
e21: 243a26df64220cab;
e22: 970c5cdca2b3b575;
e23: 637a027d1028311b;
e24: 0000000000060173;
e25: 0000000000000000;
e26: 0000000000000000;
e27: 0000000000000000;
e28: 0c2a0ad8fa0f354c;
e29: 7999c0d0a303da6c;
e2a: 2ee3900ccfe8cd95;
e2b: 0c7f8a2408fd31a8;
e2c: 0000000000061be9;
e2d: 0000000000000000;
e2e: 0000000000000000;
e2f: 0000000000000000;
e30: 482cf719ea4444dd;
e31: 384468c73cbd47ac;
e32: b81840188447659a;
e33: a4f0996f8f8fb6fb;
e34: 000000000006118f;
e35: 0000000000000000;
e36: 0000000000000000;
e37: 0000000000000000;
e38: 0ffaf6f91eb6e500;
e39: b8e9568b7fa304ec;
e3a: dfe404281523899f;
e3b: 700d76a51b0037c3;
e3c: 000000000005c6e5;
e3d: 0000000000000000;
e3e: 0000000000000000;
e3f: 0000000000000000;
e40: 004004d1cf24f511;
e41: 61008559a67ea6ac;
e42: 13914d54f7eb7596;
e43: 712e7c05092933e1;
e44: 0000000000067e71;
e45: 0000000000000000;
e46: 0000000000000000;
e47: 0000000000000000;
e48: 254cedcd09f8152d;
e49: 7c81ad03c2804f8c;
e4a: 9c1510673438d99a;
e4b: 6f003f88070b336e;
e4c: 0000000000059002;
e4d: 0000000000000000;
e4e: 0000000000000000;
e4f: 0000000000000000;
e50: 1f06f64508415cbb;
e51: 8c44347a24fddb0c;
e52: 16c00b951c5fe999;
e53: a380553bfb00304c;
e54: 0000000000061723;
e55: 0000000000000000;
e56: 0000000000000000;
e57: 0000000000000000;
e58: eb9e26d0f656053e;
e59: ffd7b30fe29a87eb;
e5a: 1c2cb8104d4fd57d;
e5b: 7159687e187e30bd;
e5c: 0000000000056c82;
e5d: 0000000000000000;
e5e: 0000000000000000;
e5f: 0000000000000000;
e60: 0b074d40adeee044;
e61: ce62787d7b5c876b;
e62: eb7d8c96a7e77975;
e63: 76200c6a76023027;
e64: 0000000000059a50;
e65: 0000000000000000;
e66: 0000000000000000;
e67: 0000000000000000;
e68: 1c53d8e914dd072d;
e69: 605c9ae2357bbaec;
e6a: 803d97c7bcf67181;
e6b: d0dc09656e003297;
e6c: 000000000006168d;
e6d: 0000000000000000;
e6e: 0000000000000000;
e6f: 0000000000000000;
e70: 4af0d6e30eed190c;
e71: 7ddd63055d63a8eb;
e72: 17c04f17fb8ae1a2;
e73: 047595df7e7eb7d8;
e74: 000000000006f1e7;
e75: 0000000000000000;
e76: 0000000000000000;
e77: 0000000000000000;
e78: f30701e0fa4c1706;
e79: 55369ea3fe64282d;
e7a: 03843aac2563ad7c;
e7b: 1a84066d6d80adaf;
e7c: 0000000000064a7c;
e7d: 0000000000000000;
e7e: 0000000000000000;
e7f: 0000000000000000;
e80: 903c4d94bc7b2f8c;
e81: a75f78a40820ff0b;
e82: 27dff7d35607e986;
e83: 5944311f147a305b;
e84: 000000000006616d;
e85: 0000000000000000;
e86: 0000000000000000;
e87: 0000000000000000;
e88: edeb656cdbfa2a5d;
e89: 001d811fbd42b14b;
e8a: dc0392787fc865ae;
e8b: fb0f93ae8d79b413;
e8c: 0000000000067766;
e8d: 0000000000000000;
e8e: 0000000000000000;
e8f: 0000000000000000;
e90: 5c19e21011111f17;
e91: de3fe83e5cbea06c;
e92: a924750957e519be;
e93: 896f009504b2366b;
e94: 000000000006f303;
e95: 0000000000000000;
e96: 0000000000000000;
e97: 0000000000000000;
e98: 07b78b1511b9f8cf;
e99: 5eff26043eea156c;
e9a: 54bc00b5b1d7c562;
e9b: 0cfc047e080530b7;
e9c: 000000000006ddf8;
e9d: 0000000000000000;
e9e: 0000000000000000;
e9f: 0000000000000000;
ea0: cf38dfadd32025dd;
ea1: 3dbe76e30a9d9e0c;
ea2: 01249974faa8bd9f;
ea3: 5219020f14392e10;
ea4: 0000000000061e02;
ea5: 0000000000000000;
ea6: 0000000000000000;
ea7: 0000000000000000;
ea8: d833123726b5fe05;
ea9: ff2916bdbd80e40c;
eaa: ff2483a6ff1f6db5;
eab: 0f3eff7233c6b2da;
eac: 000000000005a66f;
ead: 0000000000000000;
eae: 0000000000000000;
eaf: 0000000000000000;
eb0: 6be9ef29c61411a6;
eb1: 428457ba87dc394a;
eb2: 0a58dc34083935be;
eb3: 027c7aa17c8733a1;
eb4: 0000000000077c83;
eb5: 0000000000000000;
eb6: 0000000000000000;
eb7: 0000000000000000;
eb8: e6b331f8016aecee;
eb9: e0e39efab304394c;
eba: ac20e4d508876960;
ebb: 6ef8bbc78020b13f;
ebc: 000000000005807f;
ebd: 0000000000000000;
ebe: 0000000000000000;
ebf: 0000000000000000;
ec0: 64e4ce4da40dff69;
ec1: 1e9f9722dea3c12b;
ec2: 23b90c0b7fb439bd;
ec3: 001c7e512d1e37f0;
ec4: 000000000006120e;
ec5: 0000000000000000;
ec6: 0000000000000000;
ec7: 0000000000000000;
ec8: fd44cff63ee1ebf6;
ec9: 5ebfc80483df842c;
eca: 7cc78d10bb6efdbf;
ecb: 165b7049aa8e32f0;
ecc: 0000000000059474;
ecd: 0000000000000000;
ece: 0000000000000000;
ecf: 0000000000000000;
ed0: fde416efbccd162e;
ed1: fe381caa581a48cc;
ed2: 7c9c82076f9b6199;
ed3: 8109fcdb717eb3c8;
ed4: 000000000006ea6f;
ed5: 0000000000000000;
ed6: 0000000000000000;
ed7: 0000000000000000;
ed8: 201e3fdb37403cf3;
ed9: 9b7b23d100fb782c;
eda: a29b9b63bc80817f;
edb: f886a805fd9cb060;
edc: 0000000000060e72;
edd: 0000000000000000;
ede: 0000000000000000;
edf: 0000000000000000;
ee0: fd3103cb1a1892fb;
ee1: 3fc67c8314febceb;
ee2: 044c386c12b8b186;
ee3: 4e68100a080433e0;
ee4: 0000000000066f0a;
ee5: 0000000000000000;
ee6: 0000000000000000;
ee7: 0000000000000000;
ee8: 1b1a4d58ea0518e8;
ee9: fd083fc39de16ccc;
eea: 9ff65d37de7b799d;
eeb: 28fe0048971e2f92;
eec: 0000000000059908;
eed: 0000000000000000;
eee: 0000000000000000;
eef: 0000000000000000;
ef0: 1bccaf24aca6b044;
ef1: c55d8835feb73b2b;
ef2: 977bd970036d1183;
ef3: 821341f29fbfb303;
ef4: 00000000000677f4;
ef5: 0000000000000000;
ef6: 0000000000000000;
ef7: 0000000000000000;
ef8: 3ad6d52400bbf6d5;
ef9: 80c0657561e05cec;
efa: 46bfdc7008f9319d;
efb: f18826a793162efb;
efc: 0000000000067b01;
efd: 0000000000000000;
efe: 0000000000000000;
eff: 0000000000000000;
f00: 057915e82dfd46c6;
f01: 76269b6917d479eb;
f02: 3b270d20d7f2b99b;
f03: 5a6b191609073364;
f04: 0000000000067814;
f05: 0000000000000000;
f06: 0000000000000000;
f07: 0000000000000000;
f08: fa37ff511a0a04ca;
f09: 39959bff5dff5a4c;
f0a: bb1f90643af3f58c;
f0b: 2d9f85da148a3083;
f0c: 0000000000061b04;
f0d: 0000000000000000;
f0e: 0000000000000000;
f0f: 0000000000000000;
f10: 06cfe0f4e216bb29;
f11: c2df955a862054cc;
f12: 2bd80cc233988182;
f13: ed135c878e9e2c19;
f14: 00000000000609d9;
f15: 0000000000000000;
f16: 0000000000000000;
f17: 0000000000000000;
f18: 17c14f00f932060a;
f19: e6f94a3798b864ac;
f1a: fff934bfc68bc97e;
f1b: fe740205f2f2b04a;
f1c: 00000000000621f4;
f1d: 0000000000000000;
f1e: 0000000000000000;
f1f: 0000000000000000;
f20: 275f2e0efc643e61;
f21: b7021a8b7bdc1f4b;
f22: 8c9ba0ab3412ed9d;
f23: 0b07106b182c2f94;
f24: 0000000000060a14;
f25: 0000000000000000;
f26: 0000000000000000;
f27: 0000000000000000;
f28: cc37d8b34adc0adb;
f29: d7a4fd5d9f22c12c;
f2a: 887ea910485a2198;
f2b: 21848fea16ff2cb8;
f2c: 0000000000060075;
f2d: 0000000000000000;
f2e: 0000000000000000;
f2f: 0000000000000000;
f30: 99e31d27bf2b43a3;
f31: c88438a120093eab;
f32: 0d03251cdff40197;
f33: 7d017b5da9daaf67;
f34: 0000000000066501;
f35: 0000000000000000;
f36: 0000000000000000;
f37: 0000000000000000;
f38: 9c3c0adafec2f6bb;
f39: e1f7ad0dee6aa4ab;
f3a: 908aa3fb9288b540;
f3b: a970351a1a13b107;
f3c: 0000000000059a08;
f3d: 0000000000000000;
f3e: 0000000000000000;
f3f: 0000000000000000;
f40: 12e8a14c58ece0ff;
f41: c1f997e2013c866b;
f42: 46b7be5c8f9f3180;
f43: 4c0923120712333f;
f44: 0000000000066c66;
f45: 0000000000000000;
f46: 0000000000000000;
f47: 0000000000000000;
f48: 2cb7d4f9ffd8ee48;
f49: fa4ae8a0e23da3cc;
f4a: c0aef3df1c39cd8b;
f4b: 4cec10612abab384;
f4c: 000000000005e86e;
f4d: 0000000000000000;
f4e: 0000000000000000;
f4f: 0000000000000000;
f50: da2d294d6741f492;
f51: 411d9bc05fc1000b;
f52: 1b74815ddc2ba592;
f53: 2b7b26ea1c09adab;
f54: 0000000000060502;
f55: 0000000000000000;
f56: 0000000000000000;
f57: 0000000000000000;
f58: b7201e0017a7f955;
f59: 4b0327a3e062df8c;
f5a: 4f73a0888700b182;
f5b: 2d888679ff0e31b0;
f5c: 0000000000067da1;
f5d: 0000000000000000;
f5e: 0000000000000000;
f5f: 0000000000000000;
f60: 010eecfe43fe090e;
f61: b4b79721603f486c;
f62: 4ae7bec4000fb183;
f63: 124a0a76121433a0;
f64: 000000000005f672;
f65: 0000000000000000;
f66: 0000000000000000;
f67: 0000000000000000;
f68: 30df10d6ebd6f650;
f69: b9447f43c01ae4ac;
f6a: 2c5f636825bd658a;
f6b: 068180512399b110;
f6c: 0000000000067d70;
f6d: 0000000000000000;
f6e: 0000000000000000;
f6f: 0000000000000000;
f70: 4de75acd6d45d2ea;
f71: 7e1a213e9ec122cb;
f72: ac6c43dbe06a9189;
f73: f18521f091f8b037;
f74: 00000000000623ee;
f75: 0000000000000000;
f76: 0000000000000000;
f77: 0000000000000000;
f78: f44bf20b0bffdb24;
f79: eea5e4a3f9405fec;
f7a: ec9bfd18632d4987;
f7b: a714a85d8d323057;
f7c: 000000000005e314;
f7d: 0000000000000000;
f7e: 0000000000000000;
f7f: 0000000000000000;
f80: c5471d0514f411e0;
f81: fd56bae11e5f230b;
f82: bf6bebc02ff3dda1;
f83: 157106540c6636e8;
f84: 0000000000066328;
f85: 0000000000000000;
f86: 0000000000000000;
f87: 0000000000000000;
f88: 0afaffcbf8eaf256;
f89: c1b7626120fa76cc;
f8a: ce0ac3d1411fb996;
f8b: 0f19034a8c242dca;
f8c: 0000000000059467;
f8d: 0000000000000000;
f8e: 0000000000000000;
f8f: 0000000000000000;
f90: 0dab8b13df001b23;
f91: a7acb4c0e75f498b;
f92: c337240326cc7592;
f93: 868ea580361b2ce8;
f94: 0000000000058eda;
f95: 0000000000000000;
f96: 0000000000000000;
f97: 0000000000000000;
f98: e2302a451802e3ed;
f99: 5c7e6a023f63a18c;
f9a: e45713a78adfb182;
f9b: 2a7f040e8df8342b;
f9c: 0000000000067807;
f9d: 0000000000000000;
f9e: 0000000000000000;
f9f: 0000000000000000;
fa0: 2f0b830e42dd11d3;
fa1: be1bd243009adf4b;
fa2: df62aa7310136186;
fa3: ef057c8c86a1af50;
fa4: 000000000006e886;
fa5: 0000000000000000;
fa6: 0000000000000000;
fa7: 0000000000000000;
fa8: 1afa08f4dac2bf42;
fa9: e09c171ea3dee74c;
faa: cca3933349f51593;
fab: 0f6c3fdb1670305c;
fac: 0000000000067ade;
fad: 0000000000000000;
fae: 0000000000000000;
faf: 0000000000000000;
fb0: 91e3b21d6a0adf10;
fb1: 7fd858638179c10b;
fb2: 4fdc3014484c3990;
fb3: 3375f8fe06a0b574;
fb4: 0000000000066351;
fb5: 0000000000000000;
fb6: 0000000000000000;
fb7: 0000000000000000;
fb8: 9539d513c888bb31;
fb9: bf366d045e65c24c;
fba: 244357c40ad77980;
fbb: 31a0ee05308fb484;
fbc: 00000000000601a0;
fbd: 0000000000000000;
fbe: 0000000000000000;
fbf: 0000000000000000;
fc0: 3443bd130ee001da;
fc1: fa3b76fc207dffcc;
fc2: 149a7d67104395bf;
fc3: 7366722603222c7d;
fc4: 0000000000065b7f;
fc5: 0000000000000000;
fc6: 0000000000000000;
fc7: 0000000000000000;
fc8: 23253cd1e8bcdb73;
fc9: 3e8605a15ddcfdcb;
fca: 8f0f7b9b8dccada8;
fcb: 7b75994a9493b09b;
fcc: 0000000000067c64;
fcd: 0000000000000000;
fce: 0000000000000000;
fcf: 0000000000000000;
fd0: 99bd10b6472eea16;
fd1: 3fbfe2bf8100658b;
fd2: 53fbbb978fd7cda8;
fd3: 8a9c1c6c0bfb3365;
fd4: 0000000000060dc1;
fd5: 0000000000000000;
fd6: 0000000000000000;
fd7: 0000000000000000;
fd8: a3241f39dfe6c9b9;
fd9: c472e989d2aaffcb;
fda: 3bcf0bc736503168;
fdb: 3a8f1972701d3009;
fdc: 0000000000058d0f;
fdd: 0000000000000000;
fde: 0000000000000000;
fdf: 0000000000000000;
fe0: e858c957c59e46e0;
fe1: 1c1a1437fd59e52b;
fe2: fb0310a840bcc59f;
fe3: 727c7a0178fcac09;
fe4: 000000000006c0f8;
fe5: 0000000000000000;
fe6: 0000000000000000;
fe7: 0000000000000000;
fe8: 0320eeaa3dd51c55;
fe9: 452277a7069ae42b;
fea: 56efc40ccc76ed7c;
feb: 4a9053d7a11830e7;
fec: 0000000000059a11;
fed: 0000000000000000;
fee: 0000000000000000;
fef: 0000000000000000;
ff0: 16d0a513bfc5d7f9;
ff1: 426635e0c1be1e8c;
ff2: d7d73403545d3d9d;
ff3: fe1a588e9b0db327;
ff4: 000000000006185d;
ff5: 0000000000000000;
ff6: 0000000000000000;
ff7: 0000000000000000;
ff8: f6eb3236072cd6bc;
ff9: 5411bb775cdbfdcc;
ffa: 6c7c0bf36edc5542;
ffb: 8dfe216f1969b094;
ffc: 0000000000067d67;
ffd: 0000000000000000;
ffe: 0000000000000000;
fff: 0000000000000000;
1000: f83aeaeac06021f4;
1001: 1e659988a3ffe04b;
1002: 5b500b0263ab8d88;
1003: 026c6d0e09192ec1;
1004: 0000000000067921;
1005: 0000000000000000;
1006: 0000000000000000;
1007: 0000000000000000;
1008: d706f118f617b40c;
1009: 9de6895dbd40c40c;
100a: ab1fa78fa5447193;
100b: 04fd25e20f84b00b;
100c: 00000000000608e1;
100d: 0000000000000000;
100e: 0000000000000000;
100f: 0000000000000000;
1010: e7ffb600fccacf2d;
1011: e01b9f06fa5a3ccc;
1012: 9b8fc1238068ad88;
1013: 0b845e01880e3377;
1014: 000000000006f76a;
1015: 0000000000000000;
1016: 0000000000000000;
1017: 0000000000000000;
1018: e115d62183bdf9f2;
1019: 417b2cd9dd031f2c;
101a: b8ef789bfe632d7d;
101b: 3ce5024b1b5b301f;
101c: 000000000005e9ce;
101d: 0000000000000000;
101e: 0000000000000000;
101f: 0000000000000000;
1020: 074aecf7c21018e4;
1021: 9ac3f9578ca1812c;
1022: 9c5ef9bfb823e96d;
1023: 3c626e32341a3353;
1024: 000000000005ec20;
1025: 0000000000000000;
1026: 0000000000000000;
1027: 0000000000000000;
1028: e603f5ef472504c7;
1029: f6d57720d7e2df8b;
102a: 82fbec52cff8b980;
102b: 8b6f70d80188b19f;
102c: 0000000000060665;
102d: 0000000000000000;
102e: 0000000000000000;
102f: 0000000000000000;
1030: 038c82bb26faef34;
1031: 07016d2254cf7cab;
1032: 3bf40c2342cc416e;
1033: 6511f0ed09cf3283;
1034: 0000000000060ad0;
1035: 0000000000000000;
1036: 0000000000000000;
1037: 0000000000000000;
1038: a8fe6e39bbd337a6;
1039: 28d4fbe056c0e4eb;
103a: 9993086b1e87c97b;
103b: 0680034b47fbb320;
103c: 000000000005824e;
103d: 0000000000000000;
103e: 0000000000000000;
103f: 0000000000000000;
1040: 0c0de931b91817f4;
1041: 3c29da9dc263288c;
1042: 749a841cd5a88d81;
1043: 037f136b7f7e2d25;
1044: 000000000006505e;
1045: 0000000000000000;
1046: 0000000000000000;
1047: 0000000000000000;
1048: caf4cbf404e64e11;
1049: 21e0e1fea08768ab;
104a: 7c737b79d540dd84;
104b: e303410209e9ac64;
104c: 000000000006000d;
104d: 0000000000000000;
104e: 0000000000000000;
104f: 0000000000000000;
1050: 755ddaacdd5776ab;
1051: abbb559baaeed563;
1052: 776ab3755ddaac6e;
1053: ed566eabbb558dd5;
1054: 000000000001baae;
1055: 0000000000000000;
1056: 0000000000000000;
1057: 8000000000000000;
1058: 755ddaacdd5776ab;
1059: abbb559baaeed563;
105a: 776ab3755ddaac6e;
105b: ed566eabbb558dd5;
105c: 000000000001baae;
105d: 0000000000000000;
105e: 0000000000000000;
105f: 8000000000000000;
1060: 0000000000000040;
1061: 000000000008000f;
1062: 00000001000001e0;
1063: 0000200000003c00;
1064: 0000000000078000;
1065: 0000000000000000;
1066: 0000000000000000;
1067: 0000000000000000;
1068: 0000004000000000;
1069: 000800000000000f;
106a: 00000000000001e0;
106b: 0000000000003c01;
106c: 000000000007a000;
106d: 0000000000000000;
106e: 0000000000000000;
106f: 0000000000000000;
1070: 0000000000000000;
1071: 0000000000000000;
1072: 0000000000000000;
1073: 0000000000000000;
1074: 0000000000000000;
1075: 0000000000000000;
1076: 0000000000000000;
1077: 0000000000000000;
1078: 0000000000000000;
1079: 0000000000000000;
107a: 0000000000000000;
107b: 0000000000000000;
107c: 0000000000000000;
107d: 0000000000000000;
107e: 0000000000000000;
107f: 0000000000000000;
1080: 0000000000000000;
1081: 0000000000000000;
1082: 0000000000000000;
1083: 0000000000000000;
1084: 0000000000000000;
1085: 0000000000000000;
1086: 0000000000000000;
1087: 0000000000000000;
1088: 0000000000000000;
1089: 0000000000000000;
108a: 0000000000000000;
108b: 0000000000000000;
108c: 0000000000000000;
108d: 0000000000000000;
108e: 0000000000000000;
108f: 0000000000000000;
1090: 0000000000000040;
1091: 000000000008000f;
1092: 00000001000001e0;
1093: 0000200000003c00;
1094: 0000000000078000;
1095: 0000000000000000;
1096: 0000000000000000;
1097: 0000000000000000;
1098: 0000004000000000;
1099: 000800000000000f;
109a: 00000000000001e0;
109b: 0000000000003c01;
109c: 000000000007a000;
109d: 0000000000000000;
109e: 0000000000000000;
109f: 0000000000000000;
10a0: e0000000f8000000;
10a1: 0000001f00000003;
10a2: 000003e00000007c;
10a3: 00007c0000000f80;
10a4: 000000000001f000;
10a5: 0000000000000000;
10a6: 0000000000000000;
10a7: 8000000000000000;
10a8: e0000000f8000000;
10a9: 0000001f00000003;
10aa: 000003e00000007c;
10ab: 00007c0000000f80;
10ac: 000000000001f000;
10ad: 0000000000000000;
10ae: 0000000000000000;
10af: 8000000000000000;
10b0: 0000000000000040;
10b1: 000000000008000f;
10b2: 00000001000001e0;
10b3: 0000200000003c00;
10b4: 0000000000078000;
10b5: 0000000000000000;
10b6: 0000000000000000;
10b7: 0000000000000000;
10b8: 0000004000000000;
10b9: 000800000000000f;
10ba: 00000000000001e0;
10bb: 0000000000003c01;
10bc: 000000000007a000;
10bd: 0000000000000000;
10be: 0000000000000000;
10bf: 0000000000000000;
10c0: 0000000000000000;
10c1: 0000000000000000;
10c2: 0000000000000000;
10c3: 0000000000000000;
10c4: 0000000000000000;
10c5: 0000000000000000;
10c6: 0000000000000000;
10c7: 0000000000000000;
10c8: 0000000000000000;
10c9: 0000000000000000;
10ca: 0000000000000000;
10cb: 0000000000000000;
10cc: 0000000000000000;
10cd: 0000000000000000;
10ce: 0000000000000000;
10cf: 0000000000000000;
10d0: 0000000000000000;
10d1: 0000000000000000;
10d2: 0000000000000000;
10d3: 0000000000000000;
10d4: 0000000000000000;
10d5: 0000000000000000;
10d6: 0000000000000000;
10d7: 0000000000000000;
10d8: 0000000000000000;
10d9: 0000000000000000;
10da: 0000000000000000;
10db: 0000000000000000;
10dc: 0000000000000000;
10dd: 0000000000000000;
10de: 0000000000000000;
10df: 0000000000000000;
10e0: 0000000000000040;
10e1: 000000000008000f;
10e2: 00000001000001e0;
10e3: 0000200000003c00;
10e4: 0000000000078000;
10e5: 0000000000000000;
10e6: 0000000000000000;
10e7: 0000000000000000;
10e8: 0000004000000000;
10e9: 000800000000000f;
10ea: 00000000000001e0;
10eb: 0000000000003c01;
10ec: 000000000007a000;
10ed: 0000000000000000;
10ee: 0000000000000000;
10ef: 0000000000000000;
10f0: 0000000000000040;
10f1: 000000000008000f;
10f2: 00000001000001e0;
10f3: 0000200000003c00;
10f4: 0000000000078000;
10f5: 0000000000000000;
10f6: 0000000000000000;
10f7: 0000000000000000;
10f8: 0000004000000000;
10f9: 000800000000000f;
10fa: 00000000000001e0;
10fb: 0000000000003c01;
10fc: 000000000007a000;
10fd: 0000000000000000;
10fe: 0000000000000000;
10ff: 0000000000000000;
1100: 0000000000000000;
1101: 0000000000000000;
1102: 0000000000000000;
1103: 0000000000000000;
1104: 0000000000000000;
1105: 0000000000000000;
1106: 0000000000000000;
1107: 0000000000000000;
1108: 0000000000000000;
1109: 0000000000000000;
110a: 0000000000000000;
110b: 0000000000000000;
110c: 0000000000000000;
110d: 0000000000000000;
110e: 0000000000000000;
110f: 0000000000000000;
1110: 0000000000000000;
1111: 0000000000000000;
1112: 0000000000000000;
1113: 0000000000000000;
1114: 0000000000000000;
1115: 0000000000000000;
1116: 0000000000000000;
1117: 0000000000000000;
1118: 0000000000000000;
1119: 0000000000000000;
111a: 0000000000000000;
111b: 0000000000000000;
111c: 0000000000000000;
111d: 0000000000000000;
111e: 0000000000000000;
111f: 0000000000000000;
1120: 0000000000000040;
1121: 000000000008000f;
1122: 00000001000001e0;
1123: 0000200000003c00;
1124: 0000000000078000;
1125: 0000000000000000;
1126: 0000000000000000;
1127: 0000000000000000;
1128: 0000004000000000;
1129: 000800000000000f;
112a: 00000000000001e0;
112b: 0000000000003c01;
112c: 000000000007a000;
112d: 0000000000000000;
112e: 0000000000000000;
112f: 0000000000000000;
1130: 6746600119d19800;
1131: e8cc00233a330004;
1132: 198004674660008c;
1133: 30008ce8cc00119d;
1134: 00000000000233a3;
1135: 0000000000000000;
1136: 0000000000000000;
1137: 8000000000000000;
1138: 6746600119d19800;
1139: e8cc00233a330004;
113a: 198004674660008c;
113b: 30008ce8cc00119d;
113c: 00000000000233a3;
113d: 0000000000000000;
113e: 0000000000000000;
113f: 8000000000000000;
1140: 0000000000000040;
1141: 000000000008000f;
1142: 00000001000001e0;
1143: 0000200000003c00;
1144: 0000000000078000;
1145: 0000000000000000;
1146: 0000000000000000;
1147: 0000000000000000;
1148: 0000004000000000;
1149: 000800000000000f;
114a: 00000000000001e0;
114b: 0000000000003c01;
114c: 000000000007a000;
114d: 0000000000000000;
114e: 0000000000000000;
114f: 0000000000000000;
1150: 0000000000000000;
1151: 0000000000000000;
1152: 0000000000000000;
1153: 0000000000000000;
1154: 0000000000000000;
1155: 0000000000000000;
1156: 0000000000000000;
1157: 0000000000000000;
1158: 0000000000000000;
1159: 0000000000000000;
115a: 0000000000000000;
115b: 0000000000000000;
115c: 0000000000000000;
115d: 0000000000000000;
115e: 0000000000000000;
115f: 0000000000000000;
1160: 0000000000000000;
1161: 0000000000000000;
1162: 0000000000000000;
1163: 0000000000000000;
1164: 0000000000000000;
1165: 0000000000000000;
1166: 0000000000000000;
1167: 0000000000000000;
1168: 0000000000000000;
1169: 0000000000000000;
116a: 0000000000000000;
116b: 0000000000000000;
116c: 0000000000000000;
116d: 0000000000000000;
116e: 0000000000000000;
116f: 0000000000000000;
1170: 0000000000000040;
1171: 000000000008000f;
1172: 00000001000001e0;
1173: 0000200000003c00;
1174: 0000000000078000;
1175: 0000000000000000;
1176: 0000000000000000;
1177: 0000000000000000;
1178: 0000004000000000;
1179: 000800000000000f;
117a: 00000000000001e0;
117b: 0000000000003c01;
117c: 000000000007a000;
117d: 0000000000000000;
117e: 0000000000000000;
117f: 0000000000000000;
1180: 542a1a14d50a8685;
1181: 8543429aa150d0a3;
1182: a86853542a1a146a;
1183: 0d0a6a8543428d50;
1184: 000000000001aa15;
1185: 0000000000000000;
1186: 0000000000000000;
1187: 8000000000000000;
1188: 542a1a14d50a8685;
1189: 8543429aa150d0a3;
118a: a86853542a1a146a;
118b: 0d0a6a8543428d50;
118c: 000000000001aa15;
118d: 0000000000000000;
118e: 0000000000000000;
118f: 8000000000000000;
1190: 0000000000000040;
1191: 000000000008000f;
1192: 00000001000001e0;
1193: 0000200000003c00;
1194: 0000000000078000;
1195: 0000000000000000;
1196: 0000000000000000;
1197: 0000000000000000;
1198: 0000004000000000;
1199: 000800000000000f;
119a: 00000000000001e0;
119b: 0000000000003c01;
119c: 000000000007a000;
119d: 0000000000000000;
119e: 0000000000000000;
119f: 0000000000000000;
11a0: 0000000000000000;
11a1: 0000000000000000;
11a2: 0000000000000000;
11a3: 0000000000000000;
11a4: 0000000000000000;
11a5: 0000000000000000;
11a6: 0000000000000000;
11a7: 0000000000000000;
11a8: 0000000000000000;
11a9: 0000000000000000;
11aa: 0000000000000000;
11ab: 0000000000000000;
11ac: 0000000000000000;
11ad: 0000000000000000;
11ae: 0000000000000000;
11af: 0000000000000000;
11b0: 0000000000000000;
11b1: 0000000000000000;
11b2: 0000000000000000;
11b3: 0000000000000000;
11b4: 0000000000000000;
11b5: 0000000000000000;
11b6: 0000000000000000;
11b7: 0000000000000000;
11b8: 0000000000000000;
11b9: 0000000000000000;
11ba: 0000000000000000;
11bb: 0000000000000000;
11bc: 0000000000000000;
11bd: 0000000000000000;
11be: 0000000000000000;
11bf: 0000000000000000;
11c0: 0000000000000040;
11c1: 000000000008000f;
11c2: 00000001000001e0;
11c3: 0000200000003c00;
11c4: 0000000000078000;
11c5: 0000000000000000;
11c6: 0000000000000000;
11c7: 0000000000000000;
11c8: 0000004000000000;
11c9: 000800000000000f;
11ca: 00000000000001e0;
11cb: 0000000000003c01;
11cc: 000000000007a000;
11cd: 0000000000000000;
11ce: 0000000000000000;
11cf: 0000000000000000;
11d0: 6cb630f51b2d8c52;
11d1: 96c6772365b15564;
11d2: d8d1046cb632d08d;
11d3: 15e08d96c63011b2;
11d4: 000000000002365b;
11d5: 0000000000000000;
11d6: 0000000000000000;
11d7: 8000000000000000;
11d8: 6cb633551b2d8907;
11d9: 96c64ca365b19a64;
11da: d8c7346cb635908d;
11db: 174c8d96c5e611b2;
11dc: 000000000002365b;
11dd: 0000000000000000;
11de: 0000000000000000;
11df: 8000000000000000;
11e0: 20432c18f2e9fc28;
11e1: 3980bfb54706dc6d;
11e2: 400c1bd03bd93d86;
11e3: 0771f4029923b78c;
11e4: 0000000000068f7a;
11e5: 0000000000000000;
11e6: 0000000000000000;
11e7: 0000000000000000;
11e8: 180a47f7f1edea08;
11e9: 2086683ca460a04e;
11ea: 5994bb1188e82d9e;
11eb: b4955b93eaefb297;
11ec: 00000000000676d5;
11ed: 0000000000000000;
11ee: 0000000000000000;
11ef: 0000000000000000;
11f0: 16e6478ec84066e9;
11f1: c4f5c0fc61fdc68b;
11f2: 66e7575ec626b595;
11f3: f4ef670f08c3b38c;
11f4: 000000000006ff25;
11f5: 0000000000000000;
11f6: 0000000000000000;
11f7: 0000000000000000;
11f8: 179a4ad7d4143024;
11f9: 8f79a6a2e1635a8c;
11fa: 57c779b41fe75980;
11fb: 6a8e9f158e8c3312;
11fc: 000000000006f620;
11fd: 0000000000000000;
11fe: 0000000000000000;
11ff: 0000000000000000;
1200: 06c1a6108d2a0420;
1201: bcc283fcc3bf412c;
1202: 610c307b46ad0d89;
1203: 1a1f1a03e93f2cb7;
1204: 000000000006120d;
1205: 0000000000000000;
1206: 0000000000000000;
1207: 0000000000000000;
1208: bee602e1be02d531;
1209: 0500c101a31d9e4d;
120a: 5fad52a0e7fc0d97;
120b: 80071c2605f33778;
120c: 000000000006f593;
120d: 0000000000000000;
120e: 0000000000000000;
120f: 0000000000000000;
1210: d9411ec1fed926fb;
1211: 4821c409c70ad26c;
1212: 0e8cd6cf9e213583;
1213: 7f5d1d74197b32c6;
1214: 000000000006d8a1;
1215: 0000000000000000;
1216: 0000000000000000;
1217: 0000000000000000;
1218: 05f514170ff9a1fd;
1219: e399f9e23b87f8ad;
121a: 93945ba1c15a0595;
121b: 7f218009858830ac;
121c: 0000000000070005;
121d: 0000000000000000;
121e: 0000000000000000;
121f: 0000000000000000;
1220: 6cb632e91b2d8c21;
1221: 96c55f2365b14464;
1222: d8b6646cb636f08d;
1223: 1a2a8d96c57211b2;
1224: 000000000002365b;
1225: 0000000000000000;
1226: 0000000000000000;
1227: 8000000000000000;
1228: 6cb62f8d1b2d8c26;
1229: 96c626a365b1b3e4;
122a: d8d9846cb629288d;
122b: 13548d96c5b911b2;
122c: 000000000002365b;
122d: 0000000000000000;
122e: 0000000000000000;
122f: 8000000000000000;
1230: ed5d9b0b2a1b2815;
1231: 7c3a1d44e0df496b;
1232: 408069d83c1491a2;
1233: 867ce0d710c0b46c;
1234: 0000000000063fbb;
1235: 0000000000000000;
1236: 0000000000000000;
1237: 0000000000000000;
1238: 03e4d90956140cd3;
1239: e92347e3ddc35dcd;
123a: 2883c8375ba3919f;
123b: 18ed2109079e341d;
123c: 00000000000617eb;
123d: 0000000000000000;
123e: 0000000000000000;
123f: 0000000000000000;
1240: 2646fc20dbed180e;
1241: 55e41e24ee0aefed;
1242: 301124ecaf46c597;
1243: 778ce1fbfb90b318;
1244: 000000000006a709;
1245: 0000000000000000;
1246: 0000000000000000;
1247: 0000000000000000;
1248: 02d04c140e0af002;
1249: 7d9c981d9b9fa54e;
124a: ff038bb3a87c319d;
124b: 1dd0742317f5b07a;
124c: 00000000000675ed;
124d: 0000000000000000;
124e: 0000000000000000;
124f: 0000000000000000;
1250: 45f60af2da4c6545;
1251: 38bf0048ff03c2ac;
1252: 186b7446a810c9a4;
1253: 788ae6195c213070;
1254: 0000000000067ce5;
1255: 0000000000000000;
1256: 0000000000000000;
1257: 0000000000000000;
1258: 5ee92f18a1f7ce7a;
1259: 833efd4477e7076c;
125a: c393cee02dfc3d82;
125b: 868f3462540532ea;
125c: 0000000000067cfa;
125d: 0000000000000000;
125e: 0000000000000000;
125f: 0000000000000000;
1260: 4a460a69e141210d;
1261: c07f497e82bc9dcc;
1262: 3cdfd2f7ed1e39a0;
1263: fb241082e766b370;
1264: 000000000006f89f;
1265: 0000000000000000;
1266: 0000000000000000;
1267: 0000000000000000;
1268: 4905ffd1ce17ec2a;
1269: 007f5480fee6d8cd;
126a: d102e0b33311018b;
126b: 88086eff8259b068;
126c: 000000000006828d;
126d: 0000000000000000;
126e: 0000000000000000;
126f: 0000000000000000;
1270: 4dd9e858d3767a16;
1271: bb3d0b1a6ecf42c3;
1272: 67a1634dd9e85869;
1273: f42c69bb3d0b0d37;
1274: 000000000001a6ec;
1275: 0000000000000000;
1276: 0000000000000000;
1277: 8000000000000000;
1278: 4dd9e858d3767a16;
1279: bb3d0b1a6ecf42c3;
127a: 67a1634dd9e85869;
127b: f42c69bb3d0b0d37;
127c: 000000000001a6ec;
127d: 0000000000000000;
127e: 0000000000000000;
127f: 8000000000000000;
1280: 0000000000000040;
1281: 000000000008000f;
1282: 00000001000001e0;
1283: 0000200000003c00;
1284: 0000000000078000;
1285: 0000000000000000;
1286: 0000000000000000;
1287: 0000000000000000;
1288: 0000004000000000;
1289: 000800000000000f;
128a: 00000000000001e0;
128b: 0000000000003c01;
128c: 000000000007a000;
128d: 0000000000000000;
128e: 0000000000000000;
128f: 0000000000000000;
1290: 0000000000000000;
1291: 0000000000000000;
1292: 0000000000000000;
1293: 0000000000000000;
1294: 0000000000000000;
1295: 0000000000000000;
1296: 0000000000000000;
1297: 0000000000000000;
1298: 0000000000000000;
1299: 0000000000000000;
129a: 0000000000000000;
129b: 0000000000000000;
129c: 0000000000000000;
129d: 0000000000000000;
129e: 0000000000000000;
129f: 0000000000000000;
12a0: 0000000000000000;
12a1: 0000000000000000;
12a2: 0000000000000000;
12a3: 0000000000000000;
12a4: 0000000000000000;
12a5: 0000000000000000;
12a6: 0000000000000000;
12a7: 0000000000000000;
12a8: 0000000000000000;
12a9: 0000000000000000;
12aa: 0000000000000000;
12ab: 0000000000000000;
12ac: 0000000000000000;
12ad: 0000000000000000;
12ae: 0000000000000000;
12af: 0000000000000000;
12b0: 0000000000000040;
12b1: 000000000008000f;
12b2: 00000001000001e0;
12b3: 0000200000003c00;
12b4: 0000000000078000;
12b5: 0000000000000000;
12b6: 0000000000000000;
12b7: 0000000000000000;
12b8: 0000004000000000;
12b9: 000800000000000f;
12ba: 00000000000001e0;
12bb: 0000000000003c01;
12bc: 000000000007a000;
12bd: 0000000000000000;
12be: 0000000000000000;
12bf: 0000000000000000;
12c0: 6bce5e851af3962a;
12c1: 79cc81235e72b644;
12c2: 395e046bce53e48d;
12c3: 2a968d79cc5011af;
12c4: 00000000000235e7;
12c5: 0000000000000000;
12c6: 0000000000000000;
12c7: 8000000000000000;
12c8: 6bce5bb51af3963f;
12c9: 79cad0a35e7306a4;
12ca: 3987946bce5f7c8d;
12cb: 2ec68d79cab611af;
12cc: 00000000000235e7;
12cd: 0000000000000000;
12ce: 0000000000000000;
12cf: 8000000000000000;
12d0: c112a8eec6f106e0;
12d1: 14632ea012e3228c;
12d2: d093b7ac9c180181;
12d3: 6287be780f95b10f;
12d4: 0000000000061c7b;
12d5: 0000000000000000;
12d6: 0000000000000000;
12d7: 0000000000000000;
12d8: 4298f51c0b2b00cd;
12d9: de95ddb5f6bae06b;
12da: 9465719440b08d9d;
12db: 74df127cfb80aeac;
12dc: 0000000000060058;
12dd: 0000000000000000;
12de: 0000000000000000;
12df: 0000000000000000;
12e0: 7c39f318f563eacd;
12e1: 63d9585e0657356c;
12e2: 63445b6864344d75;
12e3: fdf784f24de8b15c;
12e4: 0000000000064c8f;
12e5: 0000000000000000;
12e6: 0000000000000000;
12e7: 0000000000000000;
12e8: 21f52cedd35609e7;
12e9: 0d49f5a4b687710c;
12ea: 284c2b535393757b;
12eb: 2f26770003773124;
12ec: 000000000005e582;
12ed: 0000000000000000;
12ee: 0000000000000000;
12ef: 0000000000000000;
12f0: a813aee8c1fb04c6;
12f1: 4120b540e65f604c;
12f2: ccda65290c2e2dbf;
12f3: 8bfc1c0f95fc2f57;
12f4: 000000000005a465;
12f5: 0000000000000000;
12f6: 0000000000000000;
12f7: 0000000000000000;
12f8: f9e9e002ae0101c1;
12f9: 5d47f73e39fb80ec;
12fa: 6734cd93cbf44998;
12fb: f9deaa6debee3288;
12fc: 0000000000060deb;
12fd: 0000000000000000;
12fe: 0000000000000000;
12ff: 0000000000000000;
1300: 06ed2ff16a5c03d5;
1301: 577ed273ff1955ec;
1302: 34b91738e7c91d7a;
1303: 0b097efae9fa316c;
1304: 000000000006daeb;
1305: 0000000000000000;
1306: 0000000000000000;
1307: 0000000000000000;
1308: 0722df0a576c4d3f;
1309: 198cffc3bf61b8ab;
130a: 9b732fdb32a6dd7d;
130b: e191ec8767ff3077;
130c: 000000000005dff1;
130d: 0000000000000000;
130e: 0000000000000000;
130f: 0000000000000000;
1310: ceec7ec162211ebe;
1311: 8e9867a0e53781cb;
1312: 0c12a093e7bad142;
1313: 2714e320095c2ebf;
1314: 000000000005f083;
1315: 0000000000000000;
1316: 0000000000000000;
1317: 0000000000000000;
1318: ea16e5ee96eefbf7;
1319: 1f8b9828ff1e044c;
131a: 67e42807bff40d9a;
131b: 876a24f57d85b2d0;
131c: 00000000000612e8;
131d: 0000000000000000;
131e: 0000000000000000;
131f: 0000000000000000;
1320: e3c75de84021f3f9;
1321: 9ba678b580607a4c;
1322: 64e0b3385ba1599f;
1323: 4e08abfce9e0b3d8;
1324: 0000000000065b87;
1325: 0000000000000000;
1326: 0000000000000000;
1327: 0000000000000000;
1328: 0729f41c4bec0321;
1329: f9164c67a047bcac;
132a: aba7439f6e370164;
132b: 10026b086d5933cb;
132c: 0000000000067278;
132d: 0000000000000000;
132e: 0000000000000000;
132f: 0000000000000000;
1330: ce08a115dacfe514;
1331: dac1ca9db4657cac;
1332: 2887c34000208da1;
1333: d46c27888fad3138;
1334: 00000000000609f1;
1335: 0000000000000000;
1336: 0000000000000000;
1337: 0000000000000000;
1338: 0d8b35dac05735ab;
1339: 83555e7f5efd1f6b;
133a: 77253083f94feda2;
133b: 929f7756df862f93;
133c: 000000000005b7ed;
133d: 0000000000000000;
133e: 0000000000000000;
133f: 0000000000000000;
1340: 5aaf19faed58288f;
1341: 0fc0bda3233dff4c;
1342: c53ca704f84d959c;
1343: 6408f8827e8d305b;
1344: 000000000006842a;
1345: 0000000000000000;
1346: 0000000000000000;
1347: 0000000000000000;
1348: 32e91b009e3a00d7;
1349: 0d7c7bff26e49d4c;
134a: c87b640fe6f99d9f;
134b: 3f8d02fd02f6b0ab;
134c: 00000000000609fb;
134d: 0000000000000000;
134e: 0000000000000000;
134f: 0000000000000000;
1350: cc12b115d9e1fcf1;
1351: 879db28388fd20cd;
1352: 94a2e824444ff9bd;
1353: 7709ff081c75b0dc;
1354: 000000000005ff5e;
1355: 0000000000000000;
1356: 0000000000000000;
1357: 0000000000000000;
1358: 24dc24bac217609a;
1359: 1cb3bd785b565eab;
135a: 9a3495380434559c;
135b: 79a5f1de57e9b2e7;
135c: 000000000006190e;
135d: 0000000000000000;
135e: 0000000000000000;
135f: 0000000000000000;
1360: e0ad0d9f5d75f39d;
1361: 4cfd985cc25e1f8c;
1362: e0f49a7968252d79;
1363: 230ad624ca2db27b;
1364: 000000000005c30c;
1365: 0000000000000000;
1366: 0000000000000000;
1367: 0000000000000000;
1368: 2ef70538c67d1624;
1369: e2c457bd88629bab;
136a: 2002efcf8e797579;
136b: a4fefa0dff0a33f0;
136c: 0000000000066e75;
136d: 0000000000000000;
136e: 0000000000000000;
136f: 0000000000000000;
1370: b201db14daf209be;
1371: 1afa0a5b601ec7ac;
1372: 04cec4840c73bd66;
1373: 2fa4620f9d553034;
1374: 000000000005e21c;
1375: 0000000000000000;
1376: 0000000000000000;
1377: 0000000000000000;
1378: 0466f7850dbc5e9e;
1379: d967037f3f99676a;
137a: bee7ac47fffcf595;
137b: 192f76e972f5b2cb;
137c: 000000000005be11;
137d: 0000000000000000;
137e: 0000000000000000;
137f: 0000000000000000;
1380: d6dff1b42624b8f9;
1381: c8287770225cda4c;
1382: ec692e759d846979;
1383: 20a10675ec2bae06;
1384: 0000000000067a74;
1385: 0000000000000000;
1386: 0000000000000000;
1387: 0000000000000000;
1388: fbd9f4303e32e15c;
1389: 229f6b68422d4d0b;
138a: 6473b40fcad87966;
138b: 9afbf2897c5c3368;
138c: 0000000000065378;
138d: 0000000000000000;
138e: 0000000000000000;
138f: 0000000000000000;
1390: 14b8df322a140858;
1391: 1d1e4c9db824bb2c;
1392: 1c3c0e6c2c447184;
1393: 5df6700c1e2b3068;
1394: 0000000000066f60;
1395: 0000000000000000;
1396: 0000000000000000;
1397: 0000000000000000;
1398: f3c32db8a91b0ca6;
1399: 62d51b4ba628950c;
139a: cd6c58435c16bd61;
139b: 129adbfa8c7ab0f8;
139c: 0000000000067fd8;
139d: 0000000000000000;
139e: 0000000000000000;
139f: 0000000000000000;
13a0: e69b07eacd3606d9;
13a1: 8f6582963d0ee00c;
13a2: bbcffac7e39cdd47;
13a3: 48ee7c01fb7ab2dc;
13a4: 000000000006eff9;
13a5: 0000000000000000;
13a6: 0000000000000000;
13a7: 0000000000000000;
13a8: 26dd0b1ebc06f1c6;
13a9: 05f878170b60786c;
13aa: 0bc437fba725257c;
13ab: ae9004fa9431b0df;
13ac: 0000000000067ffe;
13ad: 0000000000000000;
13ae: 0000000000000000;
13af: 0000000000000000;
13b0: ea09b015fff21503;
13b1: 05df16a303bfa00d;
13b2: cc7ffad904c43599;
13b3: 5730d7242665addf;
13b4: 000000000005edda;
13b5: 0000000000000000;
13b6: 0000000000000000;
13b7: 0000000000000000;
13b8: 07e424abe20616c1;
13b9: 9f96bbf8dc40b50c;
13ba: 6820f986e0169580;
13bb: fe22d772fbd43187;
13bc: 000000000006017a;
13bd: 0000000000000000;
13be: 0000000000000000;
13bf: 0000000000000000;
13c0: 888b96ce2c19bdc6;
13c1: c158d47bc0c317eb;
13c2: 17c01750c86c2d61;
13c3: dde2f400746f32bc;
13c4: 000000000006ec02;
13c5: 0000000000000000;
13c6: 0000000000000000;
13c7: 0000000000000000;
13c8: 29c21a6afd67e6ce;
13c9: c03fb957a3c5b90b;
13ca: dc50142bd330519d;
13cb: 10fe7c0584a0b3e2;
13cc: 000000000006837c;
13cd: 0000000000000000;
13ce: 0000000000000000;
13cf: 0000000000000000;
13d0: ca19af0edde740cc;
13d1: f9a2845781dec88c;
13d2: 58b763cc989a7563;
13d3: 84b1638d8fdb2d32;
13d4: 000000000006677a;
13d5: 0000000000000000;
13d6: 0000000000000000;
13d7: 0000000000000000;
13d8: 55f70089dacd1e81;
13d9: 7b983b9375d6392a;
13da: bf14c4db983e9974;
13db: 099058820865b0c2;
13dc: 0000000000060c72;
13dd: 0000000000000000;
13de: 0000000000000000;
13df: 0000000000000000;
13e0: ba591603c8c3e16c;
13e1: 4124ba57be7eba0b;
13e2: 7ee7978c4c4b859c;
13e3: edd2ed8aee863017;
13e4: 00000000000661e9;
13e5: 0000000000000000;
13e6: 0000000000000000;
13e7: 0000000000000000;
13e8: febfe8ea4352ebbf;
13e9: 3ecde15d0ed7a94b;
13ea: d5c4f44ca2bb515f;
13eb: 3364f19592822f52;
13ec: 000000000005cc76;
13ed: 0000000000000000;
13ee: 0000000000000000;
13ef: 0000000000000000;
13f0: 2f1b2f05250e1d9f;
13f1: 64ba84b05726d72c;
13f2: 93fb57dee7562d63;
13f3: f40602221401b3c4;
13f4: 0000000000067a5c;
13f5: 0000000000000000;
13f6: 0000000000000000;
13f7: 0000000000000000;
13f8: 11fc1502f5c0fe68;
13f9: 88ea32e9c7c0208b;
13fa: c0291404307fd19f;
13fb: d5c5da1720f13320;
13fc: 0000000000059f04;
13fd: 0000000000000000;
13fe: 0000000000000000;
13ff: 0000000000000000;
1400: ceeabcea03190600;
1401: 4a1c035294bdaaad;
1402: 63bea88338dbcd88;
1403: de11867d83f7aedc;
1404: 0000000000066368;
1405: 0000000000000000;
1406: 0000000000000000;
1407: 0000000000000000;
1408: 4703090fe2ef27fa;
1409: a5c33af7a1bda70c;
140a: 900bafa0e6605d9b;
140b: 6dbef86a84493074;
140c: 000000000005d37b;
140d: 0000000000000000;
140e: 0000000000000000;
140f: 0000000000000000;
1410: 2f304c12130532bb;
1411: d7fd00e52f58ca4c;
1412: 344b4c8643ba057b;
1413: fd2b7b2b36afb0ac;
1414: 000000000005b0c6;
1415: 0000000000000000;
1416: 0000000000000000;
1417: 0000000000000000;
1418: ed772b9e9efeeb85;
1419: 3daed908dfff182b;
141a: 33cd1438e9094997;
141b: 674c6a6f0105b3a8;
141c: 0000000000067660;
141d: 0000000000000000;
141e: 0000000000000000;
141f: 0000000000000000;
1420: 01dd819618ee0803;
1421: 641fbeb956bdfd8c;
1422: e47a99772b7ac185;
1423: 1d8fab59e184ad9e;
1424: 0000000000060c01;
1425: 0000000000000000;
1426: 0000000000000000;
1427: 0000000000000000;
1428: 4ff2444d4be5fbd7;
1429: 74e4bd06844e236b;
142a: 77cfc7b89efbf164;
142b: 4f1a84011d7337e8;
142c: 000000000006625c;
142d: 0000000000000000;
142e: 0000000000000000;
142f: 0000000000000000;
1430: 1c1c4926f603cbda;
1431: 15dd8224b8697e4b;
1432: dc7f4ce22ea20960;
1433: 17836dc1668fad57;
1434: 000000000005da07;
1435: 0000000000000000;
1436: 0000000000000000;
1437: 0000000000000000;
1438: fb1608eef512ecbc;
1439: 562bac069cfdbf0d;
143a: 1fd07bed28ad3d7b;
143b: fb5f1b6b12093094;
143c: 0000000000067f64;
143d: 0000000000000000;
143e: 0000000000000000;
143f: 0000000000000000;
1440: 35eaaf99089fd653;
1441: 01c0db10fd84de4b;
1442: 245c7ca48b376562;
1443: 3108a6dc666331a7;
1444: 0000000000067f6b;
1445: 0000000000000000;
1446: 0000000000000000;
1447: 0000000000000000;
1448: bc0309d02bfdb9fb;
1449: 15dcb8a646249e4c;
144a: 3f7faf089666e987;
144b: 6418637e7ff6b3d8;
144c: 000000000006704d;
144d: 0000000000000000;
144e: 0000000000000000;
144f: 0000000000000000;
1450: df38603a0a82a0dd;
1451: 04be807cf424fb6b;
1452: 8833981b93b2b586;
1453: 6c7f83b502e9b2c4;
1454: 0000000000061a77;
1455: 0000000000000000;
1456: 0000000000000000;
1457: 0000000000000000;
1458: 0d7b041cbcfcf7be;
1459: c368bec09fde654b;
145a: a05b8fabe41f11bf;
145b: 4fb7e35c9f02b110;
145c: 000000000005cdfa;
145d: 0000000000000000;
145e: 0000000000000000;
145f: 0000000000000000;
1460: 180aa8f1f9110ad4;
1461: 45dd46b0d763aacd;
1462: 402468776be3c587;
1463: ed7e8793a38ab1d7;
1464: 000000000006f5f3;
1465: 0000000000000000;
1466: 0000000000000000;
1467: 0000000000000000;
1468: 4af71305c2d532da;
1469: 66834436dd7d68cc;
146a: 1ff6c37120654596;
146b: 78898582540d3004;
146c: 0000000000066e8f;
146d: 0000000000000000;
146e: 0000000000000000;
146f: 0000000000000000;
1470: 2619401d14b904c3;
1471: 7c20fe40ea18df2c;
1472: 4c4ba07b6c2ee580;
1473: 071afd97249f37ac;
1474: 0000000000062e85;
1475: 0000000000000000;
1476: 0000000000000000;
1477: 0000000000000000;
1478: 1257f5dcd93b069b;
1479: 02eafae142e062ac;
147a: fbdbcbeba8ec29bc;
147b: dc9064648194b137;
147c: 0000000000064866;
147d: 0000000000000000;
147e: 0000000000000000;
147f: 0000000000000000;
1480: 031bb6d8fff6060f;
1481: c4209f165201462d;
1482: 4835083383631982;
1483: 338819f4002a31a0;
1484: 0000000000062e85;
1485: 0000000000000000;
1486: 0000000000000000;
1487: 0000000000000000;
1488: 10fd35281ab627df;
1489: 3a5f43e3c348024c;
148a: 136a22d12caca183;
148b: d7ff2d717e8eb3f8;
148c: 0000000000067466;
148d: 0000000000000000;
148e: 0000000000000000;
148f: 0000000000000000;
1490: 7905f1320ad5ce96;
1491: 1ae1dd06d868222b;
1492: 0c73450743bed166;
1493: 2c1d024aeea633fc;
1494: 000000000005891d;
1495: 0000000000000000;
1496: 0000000000000000;
1497: 0000000000000000;
1498: 444a09f7ef600d93;
1499: fd2edce51ea25dcb;
149a: 1792f7401dc40199;
149b: ddb4155076a3acd4;
149c: 000000000005cfee;
149d: 0000000000000000;
149e: 0000000000000000;
149f: 0000000000000000;
14a0: 19539c96f5edd43a;
14a1: c2413fb4d47bc28b;
14a2: cba96b38baf6659c;
14a3: 2d889f66710a33dc;
14a4: 0000000000069073;
14a5: 0000000000000000;
14a6: 0000000000000000;
14a7: 0000000000000000;
14a8: b5fd0fc622dce503;
14a9: 53fdde088b085eac;
14aa: 0bd24ecc2453d987;
14ab: f2e20ff1e7eeb3a3;
14ac: 00000000000678d5;
14ad: 0000000000000000;
14ae: 0000000000000000;
14af: 0000000000000000;
14b0: 1327392025a5cc2a;
14b1: 9d1dfd8617f799ac;
14b2: 992960082fcf4d62;
14b3: 7af4049878e0afc0;
14b4: 0000000000062900;
14b5: 0000000000000000;
14b6: 0000000000000000;
14b7: 0000000000000000;
14b8: ed4ae6f198f7da8b;
14b9: be844856f9b8a34b;
14ba: 4087ebdbdedfbd86;
14bb: 782089feeddeb7c8;
14bc: 0000000000066012;
14bd: 0000000000000000;
14be: 0000000000000000;
14bf: 0000000000000000;
14c0: 5519b9fc152111dd;
14c1: 01e061ddd59fe92c;
14c2: b3f86f4af38f9d8b;
14c3: 6b016d07125fb7ff;
14c4: 000000000006e8ed;
14c5: 0000000000000000;
14c6: 0000000000000000;
14c7: 0000000000000000;
14c8: 40061b27c8aa19cd;
14c9: 256005bc5617a3cc;
14ca: 07c3c2dfcc9c7d9a;
14cb: 84827f985e0c304b;
14cc: 000000000006091b;
14cd: 0000000000000000;
14ce: 0000000000000000;
14cf: 0000000000000000;
14d0: 5f2c3f0535d8edee;
14d1: 429f3d1a88f8ddec;
14d2: b060643f708af973;
14d3: 860cff09b3a632ec;
14d4: 000000000005bcad;
14d5: 0000000000000000;
14d6: 0000000000000000;
14d7: 0000000000000000;
14d8: 1dedf1c20623f9bd;
14d9: 43497b61df798acc;
14da: a8cd4404770bf585;
14db: eba17ef1efdeb053;
14dc: 000000000006738d;
14dd: 0000000000000000;
14de: 0000000000000000;
14df: 0000000000000000;
14e0: c819882fd911b840;
14e1: 20c0da3b772082eb;
14e2: 071162deab3a8182;
14e3: 7d9ee50152fa32b0;
14e4: 000000000006017f;
14e5: 0000000000000000;
14e6: 0000000000000000;
14e7: 0000000000000000;
14e8: f70f1b46239332c3;
14e9: e27da942d943632c;
14ea: df617bb70c995160;
14eb: fb8629f3841bac2a;
14ec: 0000000000060d8a;
14ed: 0000000000000000;
14ee: 0000000000000000;
14ef: 0000000000000000;
14f0: 5c47010b39201bb8;
14f1: 25395d1f253c282c;
14f2: 1007d856fffb2162;
14f3: 188990e5f70133b4;
14f4: 000000000005e9a2;
14f5: 0000000000000000;
14f6: 0000000000000000;
14f7: 0000000000000000;
14f8: 05bafdce15f4f417;
14f9: 01e69063a4dec1ec;
14fa: e4153fdc4830499f;
14fb: 7c1f9cfcf2de33eb;
14fc: 0000000000062091;
14fd: 0000000000000000;
14fe: 0000000000000000;
14ff: 0000000000000000;
1500: 130ef64ee3f6e604;
1501: ff411d55f95cfecc;
1502: 528c16b92bc6999f;
1503: 917e08615f8bb368;
1504: 0000000000069d75;
1505: 0000000000000000;
1506: 0000000000000000;
1507: 0000000000000000;
1508: b0f1040603c517f1;
1509: 715ca5a689e4630c;
150a: a445e7f28b285d67;
150b: 9ccd015061d22e1f;
150c: 00000000000597e8;
150d: 0000000000000000;
150e: 0000000000000000;
150f: 0000000000000000;
1510: 6bce61391af39729;
1511: 79cbf1a35e7323c4;
1512: 3985c46bce5df08d;
1513: 2d8e8d79cbc191af;
1514: 00000000000235e7;
1515: 0000000000000000;
1516: 0000000000000000;
1517: 8000000000000000;
1518: 6bce5f711af39767;
1519: 79cbda235e7284c4;
151a: 3963246bce5c148d;
151b: 2d788d79cc0c91af;
151c: 00000000000235e7;
151d: 0000000000000000;
151e: 0000000000000000;
151f: 8000000000000000;
1520: d39d0cf016c10367;
1521: 0b28fa443ec5d4ac;
1522: 72e3efefc7cc9165;
1523: 4fdcb2e302d2b403;
1524: 000000000005fbd3;
1525: 0000000000000000;
1526: 0000000000000000;
1527: 0000000000000000;
1528: 054132e6e8081102;
1529: 5b2cc2797f49ba6c;
152a: ec5fcc6c4440799e;
152b: 0408d4f30964b0d6;
152c: 0000000000060c06;
152d: 0000000000000000;
152e: 0000000000000000;
152f: 0000000000000000;
1530: beeaedf018fb07d3;
1531: 02017f02662a4a4d;
1532: 53dbc82afaf4f973;
1533: 7d68fa03513532b3;
1534: 0000000000055ff7;
1535: 0000000000000000;
1536: 0000000000000000;
1537: 0000000000000000;
1538: fa47dc0e35d315be;
1539: 0505dec40888e8cc;
153a: e72fc2ff438bdd99;
153b: 426d11fdfdf52f9f;
153c: 000000000005d546;
153d: 0000000000000000;
153e: 0000000000000000;
153f: 0000000000000000;
1540: e331e90d01ba280f;
1541: 5d3c1f8aa042d72c;
1542: 56bbf873e7dfc99b;
1543: 7f9029da86153353;
1544: 000000000005b114;
1545: 0000000000000000;
1546: 0000000000000000;
1547: 0000000000000000;
1548: e8bdf0041bc9e8c9;
1549: f76addfcda4463ea;
154a: f7b44b4c5730159d;
154b: ed0857ee83cd30be;
154c: 0000000000060e0f;
154d: 0000000000000000;
154e: 0000000000000000;
154f: 0000000000000000;
1550: a70127030704f8e1;
1551: 019ebe1fa062c26c;
1552: 2b9b955aaa1c19b8;
1553: 04a183ed05fc306c;
1554: 00000000000686ec;
1555: 0000000000000000;
1556: 0000000000000000;
1557: 0000000000000000;
1558: 74fdba273ead6d84;
1559: 6084d65a076a00eb;
155a: 6d23824017fb659d;
155b: 60070208037db00f;
155c: 000000000006de7b;
155d: 0000000000000000;
155e: 0000000000000000;
155f: 0000000000000000;
1560: 1233ee10fbf815bc;
1561: fdfa2485814274ad;
1562: ff43dc1c4bbf619d;
1563: 239c6b830e8f336a;
1564: 000000000006190e;
1565: 0000000000000000;
1566: 0000000000000000;
1567: 0000000000000000;
1568: f490cd251902cdcb;
1569: 7f41db839ae1cc4b;
156a: 7f8466f016df6199;
156b: c6a47bee7be9b0b7;
156c: 000000000005cb1e;
156d: 0000000000000000;
156e: 0000000000000000;
156f: 0000000000000000;
1570: 001727f4aff52dbb;
1571: e1815e414066e08c;
1572: 3523643f6ec4d590;
1573: fb5b03987305b015;
1574: 000000000006800a;
1575: 0000000000000000;
1576: 0000000000000000;
1577: 0000000000000000;
1578: 13a728dde5001113;
1579: 3a2d16a182ff610c;
157a: 612f8ee8cc5f1d9f;
157b: d09e8493977eb3db;
157c: 0000000000065700;
157d: 0000000000000000;
157e: 0000000000000000;
157f: 0000000000000000;
1580: e8c00ab818faf60c;
1581: c9df1fbc39aee48c;
1582: 4b13642f33c5f97e;
1583: d675976c7872b144;
1584: 00000000000593e4;
1585: 0000000000000000;
1586: 0000000000000000;
1587: 0000000000000000;
1588: 922f378808fe7418;
1589: df6c42618161dbab;
158a: abf05b081c4bed98;
158b: 1e9369b60b8eb116;
158c: 000000000005ee53;
158d: 0000000000000000;
158e: 0000000000000000;
158f: 0000000000000000;
1590: aafdd71c42e8f201;
1591: 5d2001e15ddb512d;
1592: 53b4af5f3fdd158c;
1593: f067528af18032e0;
1594: 000000000005fd1d;
1595: 0000000000000000;
1596: 0000000000000000;
1597: 0000000000000000;
1598: 0dfdc24611d965e7;
1599: c8dd3f0708ab874c;
159a: 080033e6efa7e597;
159b: d7fb08878385b3e8;
159c: 000000000006f778;
159d: 0000000000000000;
159e: 0000000000000000;
159f: 0000000000000000;
15a0: adcc23f710a02257;
15a1: 5e3fa7ae9d439c8c;
15a2: e76798f7201cf17c;
15a3: f984fdfd838ab184;
15a4: 00000000000620fe;
15a5: 0000000000000000;
15a6: 0000000000000000;
15a7: 0000000000000000;
15a8: df3017b309ec25b6;
15a9: 7e5d8164a14081cc;
15aa: 672c663c967b6d97;
15ab: fa77dd11836dad0f;
15ac: 0000000000061a8b;
15ad: 0000000000000000;
15ae: 0000000000000000;
15af: 0000000000000000;
15b0: c401f91646ec0310;
15b1: 5e9f61a120fb7aed;
15b2: 0748544a22bbb9aa;
15b3: 88a683d11372b371;
15b4: 0000000000068967;
15b5: 0000000000000000;
15b6: 0000000000000000;
15b7: 0000000000000000;
15b8: 39da1517dad86542;
15b9: e355f81568ae81ac;
15ba: dd23ce77875b2592;
15bb: d5030a8c8582b3df;
15bc: 000000000006f585;
15bd: 0000000000000000;
15be: 0000000000000000;
15bf: 0000000000000000;
15c0: 0775ee35ce9d3e33;
15c1: 60a0698cfce339ac;
15c2: 278bf8ab7c80a97f;
15c3: 1b0b558394103001;
15c4: 0000000000062988;
15c5: 0000000000000000;
15c6: 0000000000000000;
15c7: 0000000000000000;
15c8: ee271bf2dfeedd84;
15c9: a436818680df256b;
15ca: bf1c20107f06b998;
15cb: 647482fd7fdab04b;
15cc: 0000000000060bae;
15cd: 0000000000000000;
15ce: 0000000000000000;
15cf: 0000000000000000;
15d0: e20e5fe27a204f10;
15d1: 035c60a143fa97ab;
15d2: d8b35c2a2e1fc98f;
15d3: f5d68926718933a9;
15d4: 000000000006f717;
15d5: 0000000000000000;
15d6: 0000000000000000;
15d7: 0000000000000000;
15d8: daf735a8e4fc2357;
15d9: 62dc18164265dd0c;
15da: 09ff120c57caa193;
15db: 5a0e150f98f8af0b;
15dc: 0000000000067c8b;
15dd: 0000000000000000;
15de: 0000000000000000;
15df: 0000000000000000;
15e0: 200710e1e11efd9c;
15e1: 7f029c8481a328cc;
15e2: d08f476374fd2d80;
15e3: 56f38421697231c4;
15e4: 000000000005f3cd;
15e5: 0000000000000000;
15e6: 0000000000000000;
15e7: 0000000000000000;
15e8: d9ec10c1564a7df4;
15e9: 5bd8de26674446ca;
15ea: 8bd84f27f4a6b576;
15eb: 02898a8b8e16b04f;
15ec: 0000000000065e70;
15ed: 0000000000000000;
15ee: 0000000000000000;
15ef: 0000000000000000;
15f0: cfeced1b0cdaf950;
15f1: c51e419e8002072c;
15f2: cff82ab044701193;
15f3: fa03529ddc81b373;
15f4: 0000000000058791;
15f5: 0000000000000000;
15f6: 0000000000000000;
15f7: 0000000000000000;
15f8: fbbfca53c7e955ab;
15f9: 460ee1b3a343fb6b;
15fa: f01c5c829bc0096b;
15fb: d77a8281897e2f83;
15fc: 000000000006fafc;
15fd: 0000000000000000;
15fe: 0000000000000000;
15ff: 0000000000000000;
1600: d2af1cdb2732f0f1;
1601: 23fd3b0f2601a50c;
1602: b09778678424197f;
1603: 5c6d67250415b514;
1604: 0000000000059455;
1605: 0000000000000000;
1606: 0000000000000000;
1607: 0000000000000000;
1608: dd5a008625db6c08;
1609: df13dc20a66266eb;
160a: f34457a7d7cab59b;
160b: 1508d112a6af2c4f;
160c: 00000000000604cf;
160d: 0000000000000000;
160e: 0000000000000000;
160f: 0000000000000000;
1610: e8de1c073af0236f;
1611: a03d201f1be4488c;
1612: 83dc03cb16eb5994;
1613: 8331865a8cedb30c;
1614: 0000000000060e6d;
1615: 0000000000000000;
1616: 0000000000000000;
1617: 0000000000000000;
1618: 1eef29f2acfa0d2f;
1619: c15bfe71225ffacc;
161a: fcc082e206f77d9f;
161b: ca7e0009a0ed2c38;
161c: 00000000000674ee;
161d: 0000000000000000;
161e: 0000000000000000;
161f: 0000000000000000;
1620: 1cece31edddefc6e;
1621: daa3d30ec3c1bf0c;
1622: 6c6f8583a384ed7c;
1623: 1f6951177d83b191;
1624: 000000000005b3db;
1625: 0000000000000000;
1626: 0000000000000000;
1627: 0000000000000000;
1628: c5781d9410f621bb;
1629: 8077bbe104bec34b;
162a: ff1c28603f76d59c;
162b: f4095f0f972fb39f;
162c: 0000000000060def;
162d: 0000000000000000;
162e: 0000000000000000;
162f: 0000000000000000;
1630: 05ce59f7081a1f1c;
1631: 021980ba1d8260ec;
1632: 3c0bd39b2ef00197;
1633: fedc8397728c3798;
1634: 0000000000067094;
1635: 0000000000000000;
1636: 0000000000000000;
1637: 0000000000000000;
1638: 93416fbdcfbf171c;
1639: be373e54bb5b532b;
163a: b94c94f22b2f8986;
163b: 01fc5619a0f52fec;
163c: 00000000000599f1;
163d: 0000000000000000;
163e: 0000000000000000;
163f: 0000000000000000;
1640: e9d820c4f72bcf75;
1641: a01f0343493d41eb;
1642: ecc3dbbc6d06f965;
1643: f9cb5367611630fc;
1644: 000000000005fc19;
1645: 0000000000000000;
1646: 0000000000000000;
1647: 0000000000000000;
1648: 68c903f404f5cb23;
1649: e0e0560609d13acc;
164a: 81295932b4abed6b;
164b: 6e48d185f1902ccc;
164c: 000000000005c5df;
164d: 0000000000000000;
164e: 0000000000000000;
164f: 0000000000000000;
1650: 05132951a9d7fbfb;
1651: c4d6c0bc592992cb;
1652: 5fa88f236fdb1574;
1653: 07eeac0c0c7eb31e;
1654: 000000000005fd06;
1655: 0000000000000000;
1656: 0000000000000000;
1657: 0000000000000000;
1658: e508fb522205ce08;
1659: 61fdbf0a7efea3cd;
165a: 5c94455b8ba3c182;
165b: f863e172949f3028;
165c: 0000000000059338;
165d: 0000000000000000;
165e: 0000000000000000;
165f: 0000000000000000;
1660: cc0048d8ddce90b8;
1661: e3dfa601e27fdb6c;
1662: a83482c484f7b597;
1663: fbf4e76673a430a4;
1664: 0000000000066592;
1665: 0000000000000000;
1666: 0000000000000000;
1667: 0000000000000000;
1668: 2db71615fd089739;
1669: acdd1988daff1a0c;
166a: d7bb50d74404018a;
166b: f5d0e108906eb117;
166c: 000000000006546e;
166d: 0000000000000000;
166e: 0000000000000000;
166f: 0000000000000000;
1670: 360877bce09cfd1e;
1671: b69a77bfb907bbab;
1672: 6ee01f87c837e59b;
1673: 7b885964027232e2;
1674: 0000000000067e08;
1675: 0000000000000000;
1676: 0000000000000000;
1677: 0000000000000000;
1678: a7f2b92d4c09c6a2;
1679: 5617bd8a02bcbd0c;
167a: 752cb0eadc5fc99c;
167b: eaf77803b4103071;
167c: 0000000000066f01;
167d: 0000000000000000;
167e: 0000000000000000;
167f: 0000000000000000;
1680: 3d21350994ead7ff;
1681: 9e9fc7822315f98c;
1682: 23847aac9c076596;
1683: ff0afd6ce2a53020;
1684: 000000000006788f;
1685: 0000000000000000;
1686: 0000000000000000;
1687: 0000000000000000;
1688: c8ebf21e32f3be45;
1689: 8a20412a78bfda0c;
168a: cbc7b7f01c4bb18b;
168b: 80fffe8ea277316f;
168c: 000000000006feee;
168d: 0000000000000000;
168e: 0000000000000000;
168f: 0000000000000000;
1690: 3313649ff000b1d5;
1691: 755f9783e028f88b;
1692: 92dfcf8014135d83;
1693: 5e07a5338aa3b3c3;
1694: 000000000005864e;
1695: 0000000000000000;
1696: 0000000000000000;
1697: 0000000000000000;
1698: 58b8d08f0deb1bed;
1699: f77920217af6166c;
169a: 9890b896d04f399c;
169b: f685f100a40233ed;
169c: 000000000006787b;
169d: 0000000000000000;
169e: 0000000000000000;
169f: 0000000000000000;
16a0: dd0e37046a406166;
16a1: a61e4d29043c84cc;
16a2: 8191d88103c39d96;
16a3: 566679ecf880afd4;
16a4: 000000000005e8a7;
16a5: 0000000000000000;
16a6: 0000000000000000;
16a7: 0000000000000000;
16a8: 7f0a06f0105eddd9;
16a9: 0b178153dc66d26b;
16aa: 8cb43987ac8c4d63;
16ab: ff8d7667dc8d30cf;
16ac: 0000000000061587;
16ad: 0000000000000000;
16ae: 0000000000000000;
16af: 0000000000000000;
16b0: d2e6f8639c445801;
16b1: 22e3c502895206ec;
16b2: ecf48107fae3d58d;
16b3: 17ea3214a807b097;
16b4: 000000000005fb83;
16b5: 0000000000000000;
16b6: 0000000000000000;
16b7: 0000000000000000;
16b8: be0cf4645536bbdd;
16b9: 0481dc265cecbf6c;
16ba: 34f1909cf2f4c59e;
16bb: fae7e57572f52faf;
16bc: 0000000000058c3b;
16bd: 0000000000000000;
16be: 0000000000000000;
16bf: 0000000000000000;
16c0: e5f372eb52e5f7e5;
16c1: 475e2a2b05d8816c;
16c2: e8204fb104488193;
16c3: 65078bf0ff16b3bc;
16c4: 0000000000067b28;
16c5: 0000000000000000;
16c6: 0000000000000000;
16c7: 0000000000000000;
16c8: 69a11110b402bc02;
16c9: ed95e4bb3b657e2c;
16ca: c783450beca02d9f;
16cb: 92ea6bdd627c3117;
16cc: 0000000000067c11;
16cd: 0000000000000000;
16ce: 0000000000000000;
16cf: 0000000000000000;
16d0: f1e10b36bb25422f;
16d1: 6640e82067d5222c;
16d2: c03fb0cbb033e9a6;
16d3: fa0858437a5ab3b2;
16d4: 000000000006119b;
16d5: 0000000000000000;
16d6: 0000000000000000;
16d7: 0000000000000000;
16d8: 3632c8b1ed0c1ee1;
16d9: d8b6d82202aad64c;
16da: 78c1003fbfc4a198;
16db: 6d62ed5e1f66b0c8;
16dc: 000000000005da1b;
16dd: 0000000000000000;
16de: 0000000000000000;
16df: 0000000000000000;
16e0: 420471e9dbbfbd9d;
16e1: 5ee22a46a2d7d8cc;
16e2: c37003a0f50c059c;
16e3: 728ca102f4a2306c;
16e4: 000000000006049c;
16e5: 0000000000000000;
16e6: 0000000000000000;
16e7: 0000000000000000;
16e8: 63a00831c2d8a424;
16e9: a49f673cfe083fcc;
16ea: d2b6a119052bf19e;
16eb: 9eea9b04934c2d2b;
16ec: 000000000005c373;
16ed: 0000000000000000;
16ee: 0000000000000000;
16ef: 0000000000000000;
16f0: ca3c2b590b20ba41;
16f1: 64bf6941415aa38b;
16f2: 035377fbbfffd9a1;
16f3: 777b91217b9a3337;
16f4: 0000000000067ee4;
16f5: 0000000000000000;
16f6: 0000000000000000;
16f7: 0000000000000000;
16f8: 3ce6f6beb5e02e0c;
16f9: d7b3d77ae40a53cd;
16fa: 44f884b274128d96;
16fb: 7520df85a0dfad31;
16fc: 0000000000050b10;
16fd: 0000000000000000;
16fe: 0000000000000000;
16ff: 0000000000000000;
1700: baf73109e05e594d;
1701: e7e2266522175a8b;
1702: 24a8a003a2537194;
1703: dac29df84b56b367;
1704: 000000000005912d;
1705: 0000000000000000;
1706: 0000000000000000;
1707: 0000000000000000;
1708: ec221017630c37f6;
1709: 2ddfdb2759698aec;
170a: 245041c017e3c563;
170b: 88af1f776ef6b123;
170c: 00000000000634f4;
170d: 0000000000000000;
170e: 0000000000000000;
170f: 0000000000000000;
1710: 03ce0920a34d41d3;
1711: 7e1ebf9f98aabcec;
1712: b9800877b6f78d93;
1713: 7d670da878fa3154;
1714: 000000000005f077;
1715: 0000000000000000;
1716: 0000000000000000;
1717: 0000000000000000;
1718: 0524e6aba8fdba89;
1719: 9f282a075780416b;
171a: 43abf3dcd81d6180;
171b: 67f57530b0d533df;
171c: 0000000000050036;
171d: 0000000000000000;
171e: 0000000000000000;
171f: 0000000000000000;
1720: 87c079de75357757;
1721: a9410447821d19eb;
1722: b3ef387b26c1659f;
1723: 5c6a8a80fbf2ae0f;
1724: 000000000005b33f;
1725: 0000000000000000;
1726: 0000000000000000;
1727: 0000000000000000;
1728: 221befd6171305b6;
1729: 85dc21837cab044c;
172a: 93af5537c40f9964;
172b: 8f8b817267fcb06b;
172c: 000000000006a47d;
172d: 0000000000000000;
172e: 0000000000000000;
172f: 0000000000000000;
1730: fdbc1bf5de274c03;
1731: 775e199f754f81ec;
1732: 4cbbd82f18030195;
1733: f8fcf8de646ab0ac;
1734: 0000000000060086;
1735: 0000000000000000;
1736: 0000000000000000;
1737: 0000000000000000;
1738: 4c1feba2adbb291b;
1739: 57dfa082b9443a0c;
173a: bbe46fe82bb1219c;
173b: e524ea98aa59300b;
173c: 000000000005d915;
173d: 0000000000000000;
173e: 0000000000000000;
173f: 0000000000000000;
1740: ead253f441e0ecb1;
1741: c3a45de0e1e2144c;
1742: 2b7a282b506d5585;
1743: eef5f405fc863380;
1744: 000000000005b50e;
1745: 0000000000000000;
1746: 0000000000000000;
1747: 0000000000000000;
1748: 7cfde8fef81ce8a9;
1749: fc3d005e20bf3d8c;
174a: 173ecc2c9c829589;
174b: 9c0302decddf2fb8;
174c: 0000000000061afa;
174d: 0000000000000000;
174e: 0000000000000000;
174f: 0000000000000000;
1750: bff52e1818b7b4f2;
1751: 5b1f981cf5a69e8b;
1752: 0ba7cb4e7437e99c;
1753: 81fa78a9f435334b;
1754: 000000000005eefe;
1755: 0000000000000000;
1756: 0000000000000000;
1757: 0000000000000000;
1758: f2f6fd16b2ca2027;
1759: b75c9ebbbe621f0c;
175a: 589f910f379895bb;
175b: 74a60193028b2c2f;
175c: 000000000006018f;
175d: 0000000000000000;
175e: 0000000000000000;
175f: 0000000000000000;
1760: 4eca1764d3b285d9;
1761: d942ec9a7650bb23;
1762: 285d934eca176469;
1763: 0bb269d942ec8d3b;
1764: 000000000001a765;
1765: 0000000000000000;
1766: 0000000000000000;
1767: 8000000000000000;
1768: 4eca1764d3b285d9;
1769: d942ec9a7650bb23;
176a: 285d934eca176469;
176b: 0bb269d942ec8d3b;
176c: 000000000001a765;
176d: 0000000000000000;
176e: 0000000000000000;
176f: 8000000000000000;
1770: 0000000000000040;
1771: 000000000008000f;
1772: 00000001000001e0;
1773: 0000200000003c00;
1774: 0000000000078000;
1775: 0000000000000000;
1776: 0000000000000000;
1777: 0000000000000000;
1778: 0000004000000000;
1779: 000800000000000f;
177a: 00000000000001e0;
177b: 0000000000003c01;
177c: 000000000007a000;
177d: 0000000000000000;
177e: 0000000000000000;
177f: 0000000000000000;
1780: 0000000000000000;
1781: 0000000000000000;
1782: 0000000000000000;
1783: 0000000000000000;
1784: 0000000000000000;
1785: 0000000000000000;
1786: 0000000000000000;
1787: 0000000000000000;
1788: 0000000000000000;
1789: 0000000000000000;
178a: 0000000000000000;
178b: 0000000000000000;
178c: 0000000000000000;
178d: 0000000000000000;
178e: 0000000000000000;
178f: 0000000000000000;
1790: 0000000000000000;
1791: 0000000000000000;
1792: 0000000000000000;
1793: 0000000000000000;
1794: 0000000000000000;
1795: 0000000000000000;
1796: 0000000000000000;
1797: 0000000000000000;
1798: 0000000000000000;
1799: 0000000000000000;
179a: 0000000000000000;
179b: 0000000000000000;
179c: 0000000000000000;
179d: 0000000000000000;
179e: 0000000000000000;
179f: 0000000000000000;
17a0: 0000000000000040;
17a1: 000000000008000f;
17a2: 00000001000001e0;
17a3: 0000200000003c00;
17a4: 0000000000078000;
17a5: 0000000000000000;
17a6: 0000000000000000;
17a7: 0000000000000000;
17a8: 0000004000000000;
17a9: 000800000000000f;
17aa: 00000000000001e0;
17ab: 0000000000003c01;
17ac: 000000000007a000;
17ad: 0000000000000000;
17ae: 0000000000000000;
17af: 0000000000000000;
17b0: 4365dcfd10d88c63;
17b1: 6cc093221b112cc4;
17b2: 876e344362235c88;
17b3: 0676886c4847110d;
17b4: 00000000000221b1;
17b5: 0000000000000000;
17b6: 0000000000000000;
17b7: 8000000000000000;
17b8: 4366295910d89084;
17b9: 6c4682221b110004;
17ba: 88d3f4436230e488;
17bb: 0a3e886cc4ce110d;
17bc: 00000000000221b3;
17bd: 0000000000000000;
17be: 0000000000000000;
17bf: 8000000000000000;
17c0: 320ed9ecfe29e2bd;
17c1: 9fb9e1a0a407842d;
17c2: bdbe4298eb3549b6;
17c3: a865e9b00ed3b034;
17c4: 0000000000060680;
17c5: 0000000000000000;
17c6: 0000000000000000;
17c7: 0000000000000000;
17c8: bc5b62ec922e10f0;
17c9: a13ef97d08bca16c;
17ca: 7b9f9b7bcc0399a1;
17cb: 795548b658f036c4;
17cc: 000000000005c6b2;
17cd: 0000000000000000;
17ce: 0000000000000000;
17cf: 0000000000000000;
17d0: b5a1172e563f2c38;
17d1: c03f79aa2086adec;
17d2: 002482a39796f194;
17d3: c99f6800ef68b370;
17d4: 0000000000067ccf;
17d5: 0000000000000000;
17d6: 0000000000000000;
17d7: 0000000000000000;
17d8: ea19a6c813bce741;
17d9: a2c160245cff28cc;
17da: aeb1d40e7f434da2;
17db: 1a7b56f38c12b15e;
17dc: 0000000000066b54;
17dd: 0000000000000000;
17de: 0000000000000000;
17df: 0000000000000000;
17e0: da24d8cd124fee17;
17e1: 3c9421c481e5fded;
17e2: c56f9318df2175a2;
17e3: fd81e4060dd83003;
17e4: 0000000000060cfe;
17e5: 0000000000000000;
17e6: 0000000000000000;
17e7: 0000000000000000;
17e8: 1c4ed724eb04dc08;
17e9: 3b44f07ae83fdfcd;
17ea: 73aad3d3df888181;
17eb: 7b8a7993c241b6c4;
17ec: 00000000000602ff;
17ed: 0000000000000000;
17ee: 0000000000000000;
17ef: 0000000000000000;
17f0: b5a9090dfc3c322b;
17f1: b73e45a401a7672c;
17f2: ded50a9a5a3ee1b6;
17f3: 16465ac6f268311b;
17f4: 00000000000601c6;
17f5: 0000000000000000;
17f6: 0000000000000000;
17f7: 0000000000000000;
17f8: f20f14e013e7421c;
17f9: 583c7e8428baadcd;
17fa: 2357fc142bfae595;
17fb: fe87977d939cb4ac;
17fc: 00000000000622fe;
17fd: 0000000000000000;
17fe: 0000000000000000;
17ff: 0000000000000000;
1800: b1ebf00244211214;
1801: 179062035e54facd;
1802: 80900fe428ad1588;
1803: 16ffe98cf16cb2d7;
1804: 00000000000621e8;
1805: 0000000000000000;
1806: 0000000000000000;
1807: 0000000000000000;
1808: 4beecc1e02a702b4;
1809: 1c035b20a124052c;
180a: 233e7fe7a77079b7;
180b: 9085f1155fea3630;
180c: 000000000006fe01;
180d: 0000000000000000;
180e: 0000000000000000;
180f: 0000000000000000;
1810: e69ef32bb746203c;
1811: fae0b84a2a2173ec;
1812: ec167783fb0c2d73;
1813: 31655e745e4cb093;
1814: 0000000000061c0d;
1815: 0000000000000000;
1816: 0000000000000000;
1817: 0000000000000000;
1818: 5d4d0cf4162e2e69;
1819: bc5b3ee0683c5f8c;
181a: 0d336ce0708c35b9;
181b: fefcf6000cab3768;
181c: 0000000000061012;
181d: 0000000000000000;
181e: 0000000000000000;
181f: 0000000000000000;
1820: 76eedaf9a91ccccd;
1821: 4322c6810187fdcd;
1822: 3d52cba11004b9b7;
1823: 99f71c0e945d30c5;
1824: 000000000006785e;
1825: 0000000000000000;
1826: 0000000000000000;
1827: 0000000000000000;
1828: f1ff24f405472416;
1829: 25c476dba0dc7b6d;
182a: 81a7c173811ba9a7;
182b: 26c0f9ac530a3328;
182c: 0000000000061e80;
182d: 0000000000000000;
182e: 0000000000000000;
182f: 0000000000000000;
1830: e0be34f711690132;
1831: 2824992adea5ea8c;
1832: f7f838839753019f;
1833: 6822fd200283b843;
1834: 000000000006eaed;
1835: 0000000000000000;
1836: 0000000000000000;
1837: 0000000000000000;
1838: 00f1e4bfe41c22f4;
1839: 235dc101019aa8cc;
183a: 8f8973cfc374b9a0;
183b: 005689f90d89b488;
183c: 00000000000666df;
183d: 0000000000000000;
183e: 0000000000000000;
183f: 0000000000000000;
1840: f93a3085bd6ca570;
1841: 091c0b28c7c740cc;
1842: c9f6d309136ce189;
1843: 0a98fddb8ae3b078;
1844: 000000000005bae5;
1845: 0000000000000000;
1846: 0000000000000000;
1847: 0000000000000000;
1848: 66e40305f3dfbea2;
1849: 05dd1ea17aa1242d;
184a: 8113d99ce0d0018d;
184b: f97a7c96d17cb37b;
184c: 0000000000068181;
184d: 0000000000000000;
184e: 0000000000000000;
184f: 0000000000000000;
1850: c8a310dee23709b1;
1851: 1a5d448601c7c5ec;
1852: 6407c03fd6e7a5b6;
1853: 12bf92fe080b3840;
1854: 00000000000652d9;
1855: 0000000000000000;
1856: 0000000000000000;
1857: 0000000000000000;
1858: 13cd2af80fe7d3a5;
1859: 3cc0c0c25b777acd;
185a: 3c0921ced783e1bf;
185b: 7dfda6060cfc300c;
185c: 00000000000613fa;
185d: 0000000000000000;
185e: 0000000000000000;
185f: 0000000000000000;
1860: c30512ab2409192f;
1861: 601e9a201eb0956d;
1862: 45aecb20678c2da7;
1863: f31a55028ff0b3e4;
1864: 000000000005b6de;
1865: 0000000000000000;
1866: 0000000000000000;
1867: 0000000000000000;
1868: 24fdcb55430d0414;
1869: 3efae002a0e4682d;
186a: 22e100e312e111b5;
186b: fe04658b476aaee0;
186c: 0000000000068a01;
186d: 0000000000000000;
186e: 0000000000000000;
186f: 0000000000000000;
1870: 0adc8211dbd8dba3;
1871: 5aec8d8001c6318c;
1872: 493a7fc3fed0b57a;
1873: 9f7878890b6eb799;
1874: 0000000000065c7f;
1875: 0000000000000000;
1876: 0000000000000000;
1877: 0000000000000000;
1878: 0050c2504aaa9184;
1879: 014142403d58d54b;
187a: 55a31dac785c81a5;
187b: 6b7791018112b22f;
187c: 0000000000060120;
187d: 0000000000000000;
187e: 0000000000000000;
187f: 0000000000000000;
1880: 61eda577bddfb6c3;
1881: 4500440345874cec;
1882: bd5b7b1cd3e0a199;
1883: 1106bb4f979fb3bf;
1884: 00000000000602fb;
1885: 0000000000000000;
1886: 0000000000000000;
1887: 0000000000000000;
1888: 04d4c5d74b943024;
1889: e4875d17fc5b386c;
188a: 608b294bc028e1a6;
188b: 2307021c541a331b;
188c: 0000000000062888;
188d: 0000000000000000;
188e: 0000000000000000;
188f: 0000000000000000;
1890: 09e941eafac6f7fa;
1891: fe449c87f9de8b8d;
1892: c04ad4f77168bd81;
1893: 9f1775a77565327f;
1894: 0000000000067ef3;
1895: 0000000000000000;
1896: 0000000000000000;
1897: 0000000000000000;
1898: 0513b11cc416cdbb;
1899: 03c700fdc4fb348d;
189a: 005c876e779f09a9;
189b: 5e4407e287df30f9;
189c: 00000000000667eb;
189d: 0000000000000000;
189e: 0000000000000000;
189f: 0000000000000000;
18a0: bd0fa3610b3d9c7b;
18a1: ccac7f85cfa7898c;
18a2: dd22a7503c086185;
18a3: 8619a2d09494b3e7;
18a4: 0000000000060766;
18a5: 0000000000000000;
18a6: 0000000000000000;
18a7: 0000000000000000;
18a8: 29b0ae402ee2f9d4;
18a9: 9f5f4b1c61fe846c;
18aa: b8fb69ec9848d1a0;
18ab: 9483f2a4c31fb38b;
18ac: 0000000000066f0c;
18ad: 0000000000000000;
18ae: 0000000000000000;
18af: 0000000000000000;
18b0: 13b728bad6a9b7ae;
18b1: febddee3c0230a6c;
18b2: 64444c94f50921ba;
18b3: 17317512df8b37e0;
18b4: 0000000000066c77;
18b5: 0000000000000000;
18b6: 0000000000000000;
18b7: 0000000000000000;
18b8: 21f8f717edefb1ed;
18b9: c446d79c799b95ae;
18ba: a02381b69f9c31a4;
18bb: e6fc1df00b49301c;
18bc: 00000000000608e0;
18bd: 0000000000000000;
18be: 0000000000000000;
18bf: 0000000000000000;
18c0: 9234ddb25707d061;
18c1: 04a2de9f843698cc;
18c2: 04ca1b377fb009be;
18c3: f29c980b169b334c;
18c4: 0000000000067fd4;
18c5: 0000000000000000;
18c6: 0000000000000000;
18c7: 0000000000000000;
18c8: b0f78e0912c7fb40;
18c9: 40992b1e1efee24c;
18ca: 725ca1486b6bb1bd;
18cb: 8cfae38cd8fd3303;
18cc: 000000000006effe;
18cd: 0000000000000000;
18ce: 0000000000000000;
18cf: 0000000000000000;
18d0: 13edcfdbe8c7dbab;
18d1: 5ae1d8b0c11b47cd;
18d2: 3c50d42488dd657b;
18d3: 85786bf5d617379c;
18d4: 000000000006027e;
18d5: 0000000000000000;
18d6: 0000000000000000;
18d7: 0000000000000000;
18d8: e6c1e9d3d5f286ca;
18d9: 866ac19af0de518d;
18da: bc964cf3e3d0ad82;
18db: 6971a07388ebb2c7;
18dc: 0000000000067786;
18dd: 0000000000000000;
18de: 0000000000000000;
18df: 0000000000000000;
18e0: 1822be0405f80505;
18e1: 7aa608827ada3fad;
18e2: 874b9083b7d215be;
18e3: b6715f258374b362;
18e4: 000000000006030f;
18e5: 0000000000000000;
18e6: 0000000000000000;
18e7: 0000000000000000;
18e8: df010e0f45dfdfbc;
18e9: 06227f87691adaed;
18ea: b3676f7f9e7f49bf;
18eb: 5f828c9dfa8eb456;
18ec: 0000000000060d93;
18ed: 0000000000000000;
18ee: 0000000000000000;
18ef: 0000000000000000;
18f0: c4c25d2aabdc7fe8;
18f1: da64dae16228c04c;
18f2: 3a984b80038f95ba;
18f3: 7fe86083b433b048;
18f4: 0000000000060ae1;
18f5: 0000000000000000;
18f6: 0000000000000000;
18f7: 0000000000000000;
18f8: 9ae71cc54a031c1c;
18f9: 1c38baf656ac830c;
18fa: 9ae3e1af3be1019e;
18fb: 979c63d0857b324c;
18fc: 00000000000652ed;
18fd: 0000000000000000;
18fe: 0000000000000000;
18ff: 0000000000000000;
1900: c8b7060902ca07c1;
1901: 88dec75f435ec6cc;
1902: 2fcd595bc7606987;
1903: 2b01d4846be8ac74;
1904: 000000000006750f;
1905: 0000000000000000;
1906: 0000000000000000;
1907: 0000000000000000;
1908: 3044f4d6d4d834f4;
1909: 62c22728a4c1bb2d;
190a: 9e9fbb23b3838582;
190b: ed7dfdb40f793783;
190c: 0000000000061213;
190d: 0000000000000000;
190e: 0000000000000000;
190f: 0000000000000000;
1910: e9cc593c93cfb0c1;
1911: 5fa03f7f06435b4b;
1912: 9b23df9fef1645b7;
1913: 09167055f775b1f1;
1914: 0000000000061fed;
1915: 0000000000000000;
1916: 0000000000000000;
1917: 0000000000000000;
1918: eda05a6c19fd0384;
1919: 59fabc729d0fdd4c;
191a: a3a59b5befccdd9e;
191b: 9ebb4e5f038533bc;
191c: 00000000000658f7;
191d: 0000000000000000;
191e: 0000000000000000;
191f: 0000000000000000;
1920: c5cb1712ddec0cb4;
1921: ca40bc42fdc423cd;
1922: 4bdd50d7fb0059a0;
1923: 280904007efdaf53;
1924: 000000000005e7fc;
1925: 0000000000000000;
1926: 0000000000000000;
1927: 0000000000000000;
1928: 10030efccc11d14b;
1929: b50ae1cf623ef86d;
192a: 9303f03397f79193;
192b: 6571701ea7d9b7f7;
192c: 0000000000066392;
192d: 0000000000000000;
192e: 0000000000000000;
192f: 0000000000000000;
1930: c1c54332f22009d4;
1931: 6be2c2d64a8476ec;
1932: 43bf5bb7bed3b581;
1933: f411387b9c573790;
1934: 0000000000066f0a;
1935: 0000000000000000;
1936: 0000000000000000;
1937: 0000000000000000;
1938: 2df10b0eabfb1df2;
1939: 15be3f3b7e69bead;
193a: 3c015400079b9db9;
193b: 9b1c76de7f04353f;
193c: 00000000000607e7;
193d: 0000000000000000;
193e: 0000000000000000;
193f: 0000000000000000;
1940: 2541e0f5f4fbdb0f;
1941: 1704695f3dbe200d;
1942: e3bf5133741b09bf;
1943: 98a9891f80fd306b;
1944: 0000000000060188;
1945: 0000000000000000;
1946: 0000000000000000;
1947: 0000000000000000;
1948: 0704250241eadec1;
1949: 889c409e08bc9e6d;
194a: 05bd31d54a9809be;
194b: 71d73e04f81cb0ba;
194c: 00000000000614a4;
194d: 0000000000000000;
194e: 0000000000000000;
194f: 0000000000000000;
1950: d5ab0efaf7b1fdc2;
1951: db7fbd0adc0342ec;
1952: 66d33b446750e1a3;
1953: 14030566f0173728;
1954: 000000000006dc5f;
1955: 0000000000000000;
1956: 0000000000000000;
1957: 0000000000000000;
1958: fd0cf51c5aea1cbf;
1959: fa78b3954ecc904d;
195a: 031b83f023ec0d87;
195b: 252885629501b75d;
195c: 0000000000066055;
195d: 0000000000000000;
195e: 0000000000000000;
195f: 0000000000000000;
1960: 9cb23807aa042529;
1961: 66010852661ddf8b;
1962: 13504debebbf718a;
1963: 03391213656f307c;
1964: 0000000000067316;
1965: 0000000000000000;
1966: 0000000000000000;
1967: 0000000000000000;
1968: 715ef8d7c01bf8f6;
1969: 883cea1beba266ed;
196a: e87050e9f7e0c188;
196b: 7ac31002048f32cb;
196c: 0000000000060289;
196d: 0000000000000000;
196e: 0000000000000000;
196f: 0000000000000000;
1970: 41c5f7bfc9a3b5b3;
1971: 16c6226f7d06e34c;
1972: 66fb60e8d4a4819f;
1973: 91891f6504fe34cd;
1974: 00000000000683d1;
1975: 0000000000000000;
1976: 0000000000000000;
1977: 0000000000000000;
1978: 310b06fe225325e0;
1979: beda9bd62928c14d;
197a: 5028ec206c812da2;
197b: 1c2f8b098a0c3329;
197c: 000000000006557b;
197d: 0000000000000000;
197e: 0000000000000000;
197f: 0000000000000000;
1980: e6a935100fff47fb;
1981: 8ffd75a27dbf628d;
1982: 133c2933b00321bd;
1983: 949ea9f6ed623350;
1984: 00000000000646eb;
1985: 0000000000000000;
1986: 0000000000000000;
1987: 0000000000000000;
1988: e9f042108502d042;
1989: 95a6213d9f7e43cc;
198a: c387f1109b5891ba;
198b: 5fe0fcf4b1f83703;
198c: 0000000000060b0f;
198d: 0000000000000000;
198e: 0000000000000000;
198f: 0000000000000000;
1990: becc0eedb11be220;
1991: 4a5b42027f2006ac;
1992: 8e6af96ae85fb188;
1993: 1f23971f9312b2d7;
1994: 000000000006645f;
1995: 0000000000000000;
1996: 0000000000000000;
1997: 0000000000000000;
1998: 16030cf5e7440ef5;
1999: fd1c3c77e7c786ad;
199a: 2cc8c06cdfeee9a1;
199b: 9792b2e56bb130f2;
199c: 000000000005f29e;
199d: 0000000000000000;
199e: 0000000000000000;
199f: 0000000000000000;
19a0: f76cc5bbdb188fbb;
19a1: 14a6c6df830100cc;
19a2: f0239bcc3fe4199a;
19a3: 86a4f38601fb3046;
19a4: 000000000006f4f2;
19a5: 0000000000000000;
19a6: 0000000000000000;
19a7: 0000000000000000;
19a8: 25fe55e537e004db;
19a9: 27ff983e083b5f4c;
19aa: e034a08033c39dbf;
19ab: f9d524f2968eb752;
19ac: 0000000000067817;
19ad: 0000000000000000;
19ae: 0000000000000000;
19af: 0000000000000000;
19b0: b0fdb5c903dc0ebf;
19b1: 7c3abe083d167fcc;
19b2: b0290f14413491bf;
19b3: ec788060ebf8b74b;
19b4: 0000000000065078;
19b5: 0000000000000000;
19b6: 0000000000000000;
19b7: 0000000000000000;
19b8: f21ad0b6e413f5fa;
19b9: a39c7d1fa67f1dad;
19ba: 2bfa9fb0333095af;
19bb: 92a09ff87a8333b9;
19bc: 00000000000690fa;
19bd: 0000000000000000;
19be: 0000000000000000;
19bf: 0000000000000000;
19c0: b9ea3a062929c6b0;
19c1: c805ca7700df570c;
19c2: 37985377a1010180;
19c3: fb39ed1a596d2d52;
19c4: 0000000000066a00;
19c5: 0000000000000000;
19c6: 0000000000000000;
19c7: 0000000000000000;
19c8: 29255ef9c79ee9fc;
19c9: 264217f4c43f5c8c;
19ca: f1699cc889e4f997;
19cb: 1cd0f50b070db352;
19cc: 0000000000060811;
19cd: 0000000000000000;
19ce: 0000000000000000;
19cf: 0000000000000000;
19d0: 24dbd586f7e2f6cb;
19d1: 948365f9e0fe1ccc;
19d2: 746897492f63b58b;
19d3: 6f23fe16706f3774;
19d4: 0000000000060382;
19d5: 0000000000000000;
19d6: 0000000000000000;
19d7: 0000000000000000;
19d8: 1144898127e7f136;
19d9: 24dd1d9ea49ec36d;
19da: c45f7eacb42899ac;
19db: 9316aafe7d11b333;
19dc: 000000000006f40b;
19dd: 0000000000000000;
19de: 0000000000000000;
19df: 0000000000000000;
19e0: 04943825221232f4;
19e1: 4df8143a5886438d;
19e2: 4bb86813c455319a;
19e3: 97a87b738d6cb373;
19e4: 0000000000064f67;
19e5: 0000000000000000;
19e6: 0000000000000000;
19e7: 0000000000000000;
19e8: accc3bd02ba5f0b2;
19e9: bd4138f0ad7e6aec;
19ea: a3fc23810b944d94;
19eb: 7cc7de0cb51eb40b;
19ec: 0000000000060809;
19ed: 0000000000000000;
19ee: 0000000000000000;
19ef: 0000000000000000;
19f0: 8ff5fff585202820;
19f1: c8b943717d3cdf8c;
19f2: 0840f39c741fdd85;
19f3: 95a404a784a3b6eb;
19f4: 0000000000067807;
19f5: 0000000000000000;
19f6: 0000000000000000;
19f7: 0000000000000000;
19f8: 2b03bb8863d8f44d;
19f9: ce582119bf97246d;
19fa: e8a0286d85ff6d6c;
19fb: 0700aaeff38bb18e;
19fc: 000000000006f10a;
19fd: 0000000000000000;
19fe: 0000000000000000;
19ff: 0000000000000000;
1a00: c6859dc3c8dfd2c5;
1a01: 689d907c97180cac;
1a02: 3f48b2a4bf3c9573;
1a03: 8214a97a8d8eb383;
1a04: 0000000000068807;
1a05: 0000000000000000;
1a06: 0000000000000000;
1a07: 0000000000000000;
1a08: 59d7f44704f5f345;
1a09: f39ce122605e1d0d;
1a0a: c78262fc27e2f5a1;
1a0b: adf19c7d868f347b;
1a0c: 0000000000061e9d;
1a0d: 0000000000000000;
1a0e: 0000000000000000;
1a0f: 0000000000000000;
1a10: d65266329abda122;
1a11: cc0b508446e822ec;
1a12: facea31723228d98;
1a13: 76fb24e87b01b03b;
1a14: 000000000006f3e9;
1a15: 0000000000000000;
1a16: 0000000000000000;
1a17: 0000000000000000;
1a18: 2b1c4af4fad83b00;
1a19: 037b7c7c67b4daec;
1a1a: e05cac1ba76f6581;
1a1b: ee7f1e865b8a36cf;
1a1c: 0000000000066947;
1a1d: 0000000000000000;
1a1e: 0000000000000000;
1a1f: 0000000000000000;
1a20: 18b9a1eacac6a72b;
1a21: 2b3e15ec39c290ec;
1a22: aaa97fddffb10993;
1a23: f29b216e669c2f2e;
1a24: 000000000006775c;
1a25: 0000000000000000;
1a26: 0000000000000000;
1a27: 0000000000000000;
1a28: 051ded0a2743fcd4;
1a29: 9c5c43091cb3ad0d;
1a2a: a36eef63aa82a183;
1a2b: 2fe82d707d85b4df;
1a2c: 00000000000672a9;
1a2d: 0000000000000000;
1a2e: 0000000000000000;
1a2f: 0000000000000000;
1a30: db5d7dfa25d6a74c;
1a31: 46e9338e3f65634c;
1a32: c3d75bc7d3fac997;
1a33: 86e97b5e7b7e37b7;
1a34: 000000000006e900;
1a35: 0000000000000000;
1a36: 0000000000000000;
1a37: 0000000000000000;
1a38: f73be46c3b160f60;
1a39: 676299349afd95cc;
1a3a: b919a186d4d02183;
1a3b: 7397029b1b07320f;
1a3c: 0000000000066550;
1a3d: 0000000000000000;
1a3e: 0000000000000000;
1a3f: 0000000000000000;
1a40: 253209b7d3f957f9;
1a41: 45dd9c53615e156c;
1a42: 2e98b87caadf9984;
1a43: 907f875a6c14ad84;
1a44: 0000000000060caf;
1a45: 0000000000000000;
1a46: 0000000000000000;
1a47: 0000000000000000;
1a48: e446fdce14a406fd;
1a49: 822960dadc9c098d;
1a4a: bff6ac7fb36651a0;
1a4b: 1b0013930b823407;
1a4c: 0000000000065a93;
1a4d: 0000000000000000;
1a4e: 0000000000000000;
1a4f: 0000000000000000;
1a50: 0d0443e320e4ed09;
1a51: da1fff293d005ead;
1a52: 5722fb221016e1bf;
1a53: e20fd8f59ab2337b;
1a54: 0000000000060b00;
1a55: 0000000000000000;
1a56: 0000000000000000;
1a57: 0000000000000000;
1a58: 1c3e160f38562e03;
1a59: c4633a3962c3f6ec;
1a5a: e48d93b39361a5bb;
1a5b: e8fccafb7c93b053;
1a5c: 0000000000067193;
1a5d: 0000000000000000;
1a5e: 0000000000000000;
1a5f: 0000000000000000;
1a60: 028711110becc6dd;
1a61: c084441f995e4aec;
1a62: dbcc8734eb58f980;
1a63: 8a8428072396b0e6;
1a64: 0000000000061875;
1a65: 0000000000000000;
1a66: 0000000000000000;
1a67: 0000000000000000;
1a68: 0ce99556dc212851;
1a69: 9a5efedca47fdb2d;
1a6a: 639babe0003121a9;
1a6b: 871df4fdae9133f8;
1a6c: 0000000000060e86;
1a6d: 0000000000000000;
1a6e: 0000000000000000;
1a6f: 0000000000000000;
1a70: 229e89d1e5bbd821;
1a71: 5e5845332c872b8c;
1a72: 1867f583553b2175;
1a73: dfe22ded1303b7a5;
1a74: 0000000000062de6;
1a75: 0000000000000000;
1a76: 0000000000000000;
1a77: 0000000000000000;
1a78: 0c05fdedd0131d41;
1a79: e8a8211ba25650cd;
1a7a: 5a635728c05e0d85;
1a7b: 250198e3ef7cb338;
1a7c: 0000000000064306;
1a7d: 0000000000000000;
1a7e: 0000000000000000;
1a7f: 0000000000000000;
1a80: 01e709da04fbb910;
1a81: 1cdcdac05f1d174d;
1a82: 3f9907488fe08584;
1a83: e8f9117f8697b437;
1a84: 000000000006025d;
1a85: 0000000000000000;
1a86: 0000000000000000;
1a87: 0000000000000000;
1a88: dcdddd0a2d1ebde1;
1a89: 5c81be7e609bc6cd;
1a8a: 2383ca5fbbfb99a9;
1a8b: ab0a24dc2117b083;
1a8c: 0000000000060115;
1a8d: 0000000000000000;
1a8e: 0000000000000000;
1a8f: 0000000000000000;
1a90: cbe2e8cc11949938;
1a91: c57e203f936f620c;
1a92: 546944142d03799c;
1a93: efdff263f020343c;
1a94: 0000000000069774;
1a95: 0000000000000000;
1a96: 0000000000000000;
1a97: 0000000000000000;
1a98: 47ed6f31eae41344;
1a99: 068518e33a20b58c;
1a9a: e4293c1c5c0345a1;
1a9b: e0ff7f2039feb2e8;
1a9c: 0000000000065ce7;
1a9d: 0000000000000000;
1a9e: 0000000000000000;
1a9f: 0000000000000000;
1aa0: 29166404383847fc;
1aa1: bedd799b3f4253ab;
1aa2: 44696f54e6b4c5a0;
1aa3: e38354f0d81eb063;
1aa4: 000000000006208d;
1aa5: 0000000000000000;
1aa6: 0000000000000000;
1aa7: 0000000000000000;
1aa8: d22435b214e710f4;
1aa9: e20a017893a10b6d;
1aaa: 203acc7bb81aad9d;
1aab: 227814800f61b764;
1aac: 000000000006638f;
1aad: 0000000000000000;
1aae: 0000000000000000;
1aaf: 0000000000000000;
1ab0: b80a73b73ecc4194;
1ab1: c03968cc3aca1fec;
1ab2: b368d28fe038cd8a;
1ab3: 59276a5bf0beb44f;
1ab4: 000000000006307d;
1ab5: 0000000000000000;
1ab6: 0000000000000000;
1ab7: 0000000000000000;
1ab8: 604416b9063e6cf7;
1ab9: c70a1b415fc554ac;
1aba: 5c0d17b02f3505ba;
1abb: 0277ddfef085b4b0;
1abc: 000000000006e07d;
1abd: 0000000000000000;
1abe: 0000000000000000;
1abf: 0000000000000000;
1ac0: f7921804fefecebf;
1ac1: df41c75f8316298c;
1ac2: 67f76767dab7c580;
1ac3: 1a7e797c5f82b01f;
1ac4: 000000000006118d;
1ac5: 0000000000000000;
1ac6: 0000000000000000;
1ac7: 0000000000000000;
1ac8: d0e0cc59b9e9b4e7;
1ac9: e420023de698faec;
1aca: a1214070a2d1958a;
1acb: 1ead5c3b13802cb3;
1acc: 000000000005f512;
1acd: 0000000000000000;
1ace: 0000000000000000;
1acf: 0000000000000000;
1ad0: ed8c97ff22ce062b;
1ad1: 785d213e9d157d0c;
1ad2: f8bcb552e12d5199;
1ad3: 4385650f8512b146;
1ad4: 00000000000624c8;
1ad5: 0000000000000000;
1ad6: 0000000000000000;
1ad7: 0000000000000000;
1ad8: d52a39d8d6020697;
1ad9: 1f3b5f6240771dad;
1ada: f8b76050666809a3;
1adb: 7df5956c0d003094;
1adc: 000000000006dc7a;
1add: 0000000000000000;
1ade: 0000000000000000;
1adf: 0000000000000000;
1ae0: f0b716d028f8c301;
1ae1: 157cc9e0c511ea6d;
1ae2: 063527033d1c7d89;
1ae3: 88fb68fdd875ac62;
1ae4: 00000000000615e9;
1ae5: 0000000000000000;
1ae6: 0000000000000000;
1ae7: 0000000000000000;
1ae8: cee04b0e05e589c2;
1ae9: 2edef8605d44e10c;
1aea: c891d4285373f988;
1aeb: 1cfafc80192b310b;
1aec: 0000000000060211;
1aed: 0000000000000000;
1aee: 0000000000000000;
1aef: 0000000000000000;
1af0: 20968d3128829e1d;
1af1: 3e07e67abc3925eb;
1af2: 18248cefba60f588;
1af3: 1171e27255a2b4f3;
1af4: 0000000000062f75;
1af5: 0000000000000000;
1af6: 0000000000000000;
1af7: 0000000000000000;
1af8: dcf46603d336ed89;
1af9: 098085619bbb3f0d;
1afa: 99179498eecff59e;
1afb: 707d7c09a576b085;
1afc: 000000000006db62;
1afd: 0000000000000000;
1afe: 0000000000000000;
1aff: 0000000000000000;
1b00: 0b1c54f53ae22b32;
1b01: 1e13bc5cc09d52ac;
1b02: b79be82c82a09d9d;
1b03: fe06577dcb043097;
1b04: 0000000000060b56;
1b05: 0000000000000000;
1b06: 0000000000000000;
1b07: 0000000000000000;
1b08: d9ae44b594f9e0ec;
1b09: 4b7e592633aa16cc;
1b0a: 44ef30480bff7d9a;
1b0b: 110a72fba471b7e5;
1b0c: 0000000000060481;
1b0d: 0000000000000000;
1b0e: 0000000000000000;
1b0f: 0000000000000000;
1b10: 94062fbfcffc22a7;
1b11: 3a3ba8a016f6df2c;
1b12: 0bd87477bf9d0986;
1b13: fcaa1cd65e7e37f5;
1b14: 0000000000062415;
1b15: 0000000000000000;
1b16: 0000000000000000;
1b17: 0000000000000000;
1b18: 08eff5fdc5f4e6bf;
1b19: 483f02cd015abe4d;
1b1a: 8c14dc495277a59d;
1b1b: ee02670f01fcb0bd;
1b1c: 000000000006d5eb;
1b1d: 0000000000000000;
1b1e: 0000000000000000;
1b1f: 0000000000000000;
1b20: c0e9ecf5e1332dc7;
1b21: 3bdfde8a7c3e5c4d;
1b22: 4b665f24be8779bd;
1b23: 070c84778c583214;
1b24: 000000000006e506;
1b25: 0000000000000000;
1b26: 0000000000000000;
1b27: 0000000000000000;
1b28: e9fcffbffe3b24f3;
1b29: 2aff5e7c3f053f6d;
1b2a: a77ab40bff32e9bb;
1b2b: a11952a7b0f8378a;
1b2c: 0000000000061d94;
1b2d: 0000000000000000;
1b2e: 0000000000000000;
1b2f: 0000000000000000;
1b30: ab2a16230dfbe135;
1b31: ddc625257bdce36d;
1b32: 49b27fc3208951a8;
1b33: a4046af0dfd8b158;
1b34: 0000000000068181;
1b35: 0000000000000000;
1b36: 0000000000000000;
1b37: 0000000000000000;
1b38: 3fb9cf24fefb0c1c;
1b39: 8188bf5e4e98e2cd;
1b3a: 5dfc1efc00d8d98a;
1b3b: 227b006612fa30a0;
1b3c: 00000000000668ab;
1b3d: 0000000000000000;
1b3e: 0000000000000000;
1b3f: 0000000000000000;
1b40: 04c6e0e40b63eac1;
1b41: 4a66851bc6885d4c;
1b42: d05f03f4a7583581;
1b43: 7e95ff7c06f437d7;
1b44: 000000000006dc83;
1b45: 0000000000000000;
1b46: 0000000000000000;
1b47: 0000000000000000;
1b48: 14dc4ce4e01a2910;
1b49: 2bb5c42372423c0d;
1b4a: efce079ca3376599;
1b4b: 7806d77d17feb4fa;
1b4c: 0000000000068586;
1b4d: 0000000000000000;
1b4e: 0000000000000000;
1b4f: 0000000000000000;
1b50: bf2018131bd6eafe;
1b51: 7a4245e8541f85ad;
1b52: 992723245c4d1184;
1b53: aa7a6f665362379c;
1b54: 00000000000698f1;
1b55: 0000000000000000;
1b56: 0000000000000000;
1b57: 0000000000000000;
1b58: b705ed5b44b9250f;
1b59: fa297e58ab149f8d;
1b5a: aac4a8732914bd84;
1b5b: 1287850d0986b324;
1b5c: 0000000000068022;
1b5d: 0000000000000000;
1b5e: 0000000000000000;
1b5f: 0000000000000000;
1b60: 40ec001b0ee1ecf3;
1b61: 9fbef91ce3255ded;
1b62: d552753faae6c5a9;
1b63: de9871027c1d2c27;
1b64: 0000000000065d0c;
1b65: 0000000000000000;
1b66: 0000000000000000;
1b67: 0000000000000000;
1b68: d097c934fec7228b;
1b69: db94a0c7957e736c;
1b6a: bfeeabb01eef9996;
1b6b: 6b9058910c8b342f;
1b6c: 000000000006771c;
1b6d: 0000000000000000;
1b6e: 0000000000000000;
1b6f: 0000000000000000;
1b70: 8352e82e0aa0d5ab;
1b71: 057e5f1ffd63e14c;
1b72: 6bba47e66bdd19b8;
1b73: 058f80fe7751b041;
1b74: 000000000006f87f;
1b75: 0000000000000000;
1b76: 0000000000000000;
1b77: 0000000000000000;
1b78: f7094160f4c5039a;
1b79: 7c43601ddd96a1ac;
1b7a: 13e7f4700bf035a3;
1b7b: a6700a7c017cb7b9;
1b7c: 0000000000067019;
1b7d: 0000000000000000;
1b7e: 0000000000000000;
1b7f: 0000000000000000;
1b80: baf83cfdce192bc4;
1b81: 243da10af5c0198d;
1b82: cc5afb893bfba5b9;
1b83: 7d008c798adeb21f;
1b84: 000000000006fd8b;
1b85: 0000000000000000;
1b86: 0000000000000000;
1b87: 0000000000000000;
1b88: aedc5dd6ff3523c2;
1b89: 007d1c98c78b0d6d;
1b8a: 3c4fa48073c3c99d;
1b8b: 880ad8fe0d13b6b0;
1b8c: 000000000006f186;
1b8d: 0000000000000000;
1b8e: 0000000000000000;
1b8f: 0000000000000000;
1b90: c3f81706fe5bd918;
1b91: a16981c5c49cc28d;
1b92: fbb472ec3007bda8;
1b93: 98857c036b5d3bf3;
1b94: 0000000000069c85;
1b95: 0000000000000000;
1b96: 0000000000000000;
1b97: 0000000000000000;
1b98: b6dbd59100aa2b9d;
1b99: d9e4e5b38b9ec4ab;
1b9a: e5abb7452090298c;
1b9b: ad2207445d83b49b;
1b9c: 0000000000060476;
1b9d: 0000000000000000;
1b9e: 0000000000000000;
1b9f: 0000000000000000;
1ba0: 0ff647ecf327e508;
1ba1: ffa601ba88e4c44d;
1ba2: 0c52ebb507b02da3;
1ba3: c891029881ebb798;
1ba4: 0000000000059b79;
1ba5: 0000000000000000;
1ba6: 0000000000000000;
1ba7: 0000000000000000;
1ba8: afdd5ddadb172ccd;
1ba9: 9db3cf633a2b7e0d;
1baa: 0927744483f80569;
1bab: fefd4bfa0b893468;
1bac: 00000000000680f7;
1bad: 0000000000000000;
1bae: 0000000000000000;
1baf: 0000000000000000;
1bb0: 82c22ffd0741e2e5;
1bb1: 3c01c305bfbc42ec;
1bb2: dc2beae0c03b69a8;
1bb3: bfb680f8d665bb3b;
1bb4: 00000000000635d4;
1bb5: 0000000000000000;
1bb6: 0000000000000000;
1bb7: 0000000000000000;
1bb8: aa3b31fab0a61c4a;
1bb9: 9b43c4b75fdb1f0c;
1bba: 9c3cc397ecc901a4;
1bbb: ab1c838b7183b1a3;
1bbc: 000000000006176d;
1bbd: 0000000000000000;
1bbe: 0000000000000000;
1bbf: 0000000000000000;
1bc0: 24f52f1d0701d557;
1bc1: 3921ba952c42252d;
1bc2: b0ca57e5df6c11a7;
1bc3: 54081a36e7bfb358;
1bc4: 0000000000058ae6;
1bc5: 0000000000000000;
1bc6: 0000000000000000;
1bc7: 0000000000000000;
1bc8: 2bcc0274008515b2;
1bc9: d9dc4b0bb46291ec;
1bca: bd036fd427ffe18f;
1bcb: 797f41910c85b43f;
1bcc: 0000000000061b64;
1bcd: 0000000000000000;
1bce: 0000000000000000;
1bcf: 0000000000000000;
1bd0: c9f7e52edcb1d999;
1bd1: 45425ee07e09c10c;
1bd2: 97cb9b8583e30584;
1bd3: c6928c1c00c9b7b7;
1bd4: 0000000000066dd7;
1bd5: 0000000000000000;
1bd6: 0000000000000000;
1bd7: 0000000000000000;
1bd8: 09ccf1d802b0fafd;
1bd9: e76867f596e11d0d;
1bda: 822f685803b38197;
1bdb: 338a11647cf8b3e7;
1bdc: 0000000000061a7c;
1bdd: 0000000000000000;
1bde: 0000000000000000;
1bdf: 0000000000000000;
1be0: c3a93dc5905b14fc;
1be1: 64fe028617c11f6c;
1be2: dc4bf8b0534b49ba;
1be3: 1ce8a31367d2ae1e;
1be4: 0000000000061108;
1be5: 0000000000000000;
1be6: 0000000000000000;
1be7: 0000000000000000;
1be8: eba517c92c52f71e;
1be9: 010219561d0389ac;
1bea: bb2b782bbb3b4983;
1beb: 8303de02820832b8;
1bec: 000000000006f801;
1bed: 0000000000000000;
1bee: 0000000000000000;
1bef: 0000000000000000;
1bf0: 97f659c4ce770b1a;
1bf1: 1b485a6205a0a0ec;
1bf2: 8cdcc4ceb814958c;
1bf3: 3d80e5a481e3b7fb;
1bf4: 000000000006288d;
1bf5: 0000000000000000;
1bf6: 0000000000000000;
1bf7: 0000000000000000;
1bf8: dc0c24b9b7e703d9;
1bf9: dcfaa319031f57cd;
1bfa: 28a02aa78845c9bc;
1bfb: 741d88f1018a2fcf;
1bfc: 0000000000063287;
1bfd: 0000000000000000;
1bfe: 0000000000000000;
1bff: 0000000000000000;
1c00: 1cfa04d3b6e40713;
1c01: 439ec01d1f88c58c;
1c02: 0c82e01ccf90819a;
1c03: 71fc0681f006b380;
1c04: 00000000000622fa;
1c05: 0000000000000000;
1c06: 0000000000000000;
1c07: 0000000000000000;
1c08: 0aba12effbf0f00f;
1c09: df0847be5aa41a8d;
1c0a: 505b4000125f4186;
1c0b: 6380436b8cfab0a9;
1c0c: 0000000000067e79;
1c0d: 0000000000000000;
1c0e: 0000000000000000;
1c0f: 0000000000000000;
1c10: bfba35f0ce5adb27;
1c11: daa09da49780002c;
1c12: 0088b8ff7460d583;
1c13: 9192f07002d4b783;
1c14: 0000000000069b7c;
1c15: 0000000000000000;
1c16: 0000000000000000;
1c17: 0000000000000000;
1c18: 37e32eb99e5bfb0c;
1c19: 607d82dd5e82958e;
1c1a: 393cd38bef6c09b8;
1c1b: 8e7c01250996b10f;
1c1c: 000000000006a4f8;
1c1d: 0000000000000000;
1c1e: 0000000000000000;
1c1f: 0000000000000000;
1c20: f759382eeff9e44e;
1c21: 5781bd57ee9edfec;
1c22: 7bb3dba97f5435be;
1c23: 6524b11f5d32b2a4;
1c24: 000000000005b6fb;
1c25: 0000000000000000;
1c26: 0000000000000000;
1c27: 0000000000000000;
1c28: 77bcac0000acec64;
1c29: a64ca69d1be1d92c;
1c2a: 87c7e79fe753d58f;
1c2b: 0279c996f2ef350b;
1c2c: 000000000006105f;
1c2d: 0000000000000000;
1c2e: 0000000000000000;
1c2f: 0000000000000000;
1c30: 031e1717dfad06dc;
1c31: 6178b9bd1741c0ec;
1c32: cb3cb473afc52580;
1c33: 5f0eef5a8540b777;
1c34: 0000000000061845;
1c35: 0000000000000000;
1c36: 0000000000000000;
1c37: 0000000000000000;
1c38: 14cfbe91d20cd52e;
1c39: 601d1cbf99e737ad;
1c3a: 57d3effbe6c52997;
1c3b: 91760693938d3037;
1c3c: 000000000006b5f6;
1c3d: 0000000000000000;
1c3e: 0000000000000000;
1c3f: 0000000000000000;
1c40: 4362251110d89027;
1c41: 6c4736a21b10d044;
1c42: 88c2844366315488;
1c43: 0ad2886c461a910d;
1c44: 00000000000221b1;
1c45: 0000000000000000;
1c46: 0000000000000000;
1c47: 8000000000000000;
1c48: 43622b9110d880d8;
1c49: 6cc2a3221b30d184;
1c4a: 87d86443623f9488;
1c4b: 1498886c4664910d;
1c4c: 00000000000221b1;
1c4d: 0000000000000000;
1c4e: 0000000000000000;
1c4f: 8000000000000000;
1c50: f0eaea4f11ec09d2;
1c51: bf201741db61848d;
1c52: 54d0d1def5ae19be;
1c53: 5db97a43704a2c01;
1c54: 0000000000062ef6;
1c55: 0000000000000000;
1c56: 0000000000000000;
1c57: 0000000000000000;
1c58: dfe910084a611525;
1c59: 1cbf0303973f5b4c;
1c5a: a2fa5f706ac18da8;
1c5b: 8a0079738370b1bb;
1c5c: 0000000000061eba;
1c5d: 0000000000000000;
1c5e: 0000000000000000;
1c5f: 0000000000000000;
1c60: 39014d420db72558;
1c61: 7f1dbb193d3eb52c;
1c62: 2c5d302f9070a591;
1c63: f5807d00905437a7;
1c64: 0000000000068412;
1c65: 0000000000000000;
1c66: 0000000000000000;
1c67: 0000000000000000;
1c68: e823debc110be9eb;
1c69: 047fc14303406aad;
1c6a: f927d42bc40c99bc;
1c6b: 8c2ced01f5e7b6ff;
1c6c: 0000000000067d82;
1c6d: 0000000000000000;
1c6e: 0000000000000000;
1c6f: 0000000000000000;
1c70: 01fca34b50b9eeb4;
1c71: 4adbddda5a42b74c;
1c72: c7efec497477dd67;
1c73: 9702d4f873eeb17b;
1c74: 000000000006990b;
1c75: 0000000000000000;
1c76: 0000000000000000;
1c77: 0000000000000000;
1c78: 0ed9cadf5d820adf;
1c79: de97f4533af0224c;
1c7a: a04fa850e7e9216e;
1c7b: bbd4763cf0a137cf;
1c7c: 0000000000067f0b;
1c7d: 0000000000000000;
1c7e: 0000000000000000;
1c7f: 0000000000000000;
1c80: f9eff73006cf2e44;
1c81: 61f3475de8c056ad;
1c82: 006c84579421e59e;
1c83: 7376ddfd16fd306c;
1c84: 0000000000068a96;
1c85: 0000000000000000;
1c86: 0000000000000000;
1c87: 0000000000000000;
1c88: ae4c00c6fc1ae6fe;
1c89: 213dcbfe3ed8034c;
1c8a: 8d0ccbebfb283da2;
1c8b: 08b5d634037f328b;
1c8c: 0000000000067c6d;
1c8d: 0000000000000000;
1c8e: 0000000000000000;
1c8f: 0000000000000000;
1c90: 04ebbe230ec7d6d6;
1c91: 65dfc2937f75fa8d;
1c92: 790f5014c881d588;
1c93: a860eefff822b03c;
1c94: 0000000000069082;
1c95: 0000000000000000;
1c96: 0000000000000000;
1c97: 0000000000000000;
1c98: 1ff4eddfe1bcdf0a;
1c99: 227a3f5607e0050c;
1c9a: dc4bac7518f3c183;
1c9b: ea8ded877f2337c3;
1c9c: 00000000000649c2;
1c9d: 0000000000000000;
1c9e: 0000000000000000;
1c9f: 0000000000000000;
1ca0: 31cac472098e7275;
1ca1: e19b5da00201a08b;
1ca2: 4be25feab890fdb7;
1ca3: 6ae072fba307314b;
1ca4: 000000000006f286;
1ca5: 0000000000000000;
1ca6: 0000000000000000;
1ca7: 0000000000000000;
1ca8: e53f1caef53111dd;
1ca9: 3fb96cbb92bbf80d;
1caa: aabd847476bc5d9c;
1cab: 0989ed320b07af30;
1cac: 000000000006f613;
1cad: 0000000000000000;
1cae: 0000000000000000;
1caf: 0000000000000000;
1cb0: f7dcd9420fe6ecd8;
1cb1: c01f55207c86c34d;
1cb2: ec393cec48970d9b;
1cb3: c2249eed88813048;
1cb4: 00000000000608ed;
1cb5: 0000000000000000;
1cb6: 0000000000000000;
1cb7: 0000000000000000;
1cb8: ed4a40ca4e422f6b;
1cb9: 7e58ab237d3fd8cc;
1cba: cec353201eec35bc;
1cbb: 89e1ebfa0347b0db;
1cbc: 0000000000068b7d;
1cbd: 0000000000000000;
1cbe: 0000000000000000;
1cbf: 0000000000000000;
1cc0: 2b54eddf14f3fa06;
1cc1: dcd63fc1be617d6c;
1cc2: 2d9777acb466dd80;
1cc3: 1eec92ef749bb7f4;
1cc4: 0000000000063368;
1cc5: 0000000000000000;
1cc6: 0000000000000000;
1cc7: 0000000000000000;
1cc8: 1611045a0d07de04;
1cc9: 36242ef20e177bec;
1cca: 1ca85f3befd4497d;
1ccb: 1ba6751d1306b309;
1ccc: 0000000000066e8c;
1ccd: 0000000000000000;
1cce: 0000000000000000;
1ccf: 0000000000000000;
1cd0: e1ceaf3a159cdea2;
1cd1: 3bbd18001ffddd8c;
1cd2: 1408573d308361bf;
1cd3: e00858f96e7db130;
1cd4: 0000000000068fed;
1cd5: 0000000000000000;
1cd6: 0000000000000000;
1cd7: 0000000000000000;
1cd8: 3c4ec40e42e159f8;
1cd9: 7c2063f8e1a0a2cc;
1cda: 03bf17c0d2deddb7;
1cdb: 0b82832d80fd30c4;
1cdc: 000000000006f302;
1cdd: 0000000000000000;
1cde: 0000000000000000;
1cdf: 0000000000000000;
1ce0: 0244ffe804cf0aff;
1ce1: ba744965aebda9ed;
1ce2: 202752d540171986;
1ce3: 788087d80393357c;
1ce4: 0000000000069565;
1ce5: 0000000000000000;
1ce6: 0000000000000000;
1ce7: 0000000000000000;
1ce8: efe1186203150937;
1ce9: 7c96c75b99a3392d;
1cea: ecd8bf136ea09185;
1ceb: 013d689b176bb227;
1cec: 0000000000067069;
1ced: 0000000000000000;
1cee: 0000000000000000;
1cef: 0000000000000000;
1cf0: 2fe7a7100ec0eeb5;
1cf1: 21e314f705d87bcc;
1cf2: 03aedcd10c94f586;
1cf3: 8fe5ef778718ace9;
1cf4: 0000000000066ede;
1cf5: 0000000000000000;
1cf6: 0000000000000000;
1cf7: 0000000000000000;
1cf8: 04d02d6dc4c82d27;
1cf9: 5e02027385fe662c;
1cfa: 500448691903c996;
1cfb: 0b1e8f8f840db7c3;
1cfc: 000000000006577a;
1cfd: 0000000000000000;
1cfe: 0000000000000000;
1cff: 0000000000000000;
1d00: 2c4dcdde10db2b1f;
1d01: 5e5822c085ff8cac;
1d02: 93114b3c205b39ba;
1d03: 69edfe782af234c7;
1d04: 0000000000068301;
1d05: 0000000000000000;
1d06: 0000000000000000;
1d07: 0000000000000000;
1d08: e8e43f38d5f72949;
1d09: a78515a2fedfa34c;
1d0a: 00773be0cba0497f;
1d0b: 04077ba3a4eeb2e4;
1d0c: 0000000000066d0c;
1d0d: 0000000000000000;
1d0e: 0000000000000000;
1d0f: 0000000000000000;
1d10: e2c4bb1121d5e2d6;
1d11: 00ca17acb4e69fac;
1d12: b3b87a98bbe20d63;
1d13: e1aa92f701a3307b;
1d14: 00000000000595f0;
1d15: 0000000000000000;
1d16: 0000000000000000;
1d17: 0000000000000000;
1d18: ec300bb5ed1cf711;
1d19: dd7b87bd64c2430d;
1d1a: 5c37e8a9840311b7;
1d1b: 0ae67901f75b306c;
1d1c: 0000000000068771;
1d1d: 0000000000000000;
1d1e: 0000000000000000;
1d1f: 0000000000000000;
1d20: 145ea0f00ae31ff7;
1d21: 209579a91c1fc10c;
1d22: 7c67eff948144986;
1d23: 2b7c94be8224b6b3;
1d24: 0000000000061f30;
1d25: 0000000000000000;
1d26: 0000000000000000;
1d27: 0000000000000000;
1d28: 00f9fa0df545ffe2;
1d29: bab897434283becd;
1d2a: 2127fbc0a7f421be;
1d2b: 989773b5930033b8;
1d2c: 0000000000060420;
1d2d: 0000000000000000;
1d2e: 0000000000000000;
1d2f: 0000000000000000;
1d30: c0cdf7e8fbb9d30a;
1d31: f760bbc1019d1c6c;
1d32: e854a3ddf4a2899e;
1d33: 54097d14e908ad3c;
1d34: 0000000000066d4c;
1d35: 0000000000000000;
1d36: 0000000000000000;
1d37: 0000000000000000;
1d38: 1963dd231b51db0e;
1d39: 5f7d201d084505ec;
1d3a: 5b941878284ae9b4;
1d3b: 591b846e89593440;
1d3c: 000000000006234a;
1d3d: 0000000000000000;
1d3e: 0000000000000000;
1d3f: 0000000000000000;
1d40: 1160d1fdc8b3f2dc;
1d41: fc7a3c689edd04cc;
1d42: 4904d2a1e817d9a6;
1d43: 915bed813690376f;
1d44: 0000000000062915;
1d45: 0000000000000000;
1d46: 0000000000000000;
1d47: 0000000000000000;
1d48: e2021156ee340cde;
1d49: 3bffb2e6c186bdad;
1d4a: 0c9ca6a0480905a0;
1d4b: 0417741c8cf133b8;
1d4c: 0000000000060029;
1d4d: 0000000000000000;
1d4e: 0000000000000000;
1d4f: 0000000000000000;
1d50: fdd31594cc9f18d9;
1d51: 7946e397aa1f072b;
1d52: 87df2480e0960d85;
1d53: 492435ed767c33c8;
1d54: 00000000000602ed;
1d55: 0000000000000000;
1d56: 0000000000000000;
1d57: 0000000000000000;
1d58: eefdee7bf31e07ef;
1d59: 58813cb385de1e0d;
1d5a: 772d4090fc9c8991;
1d5b: 9dac057b0fb430c4;
1d5c: 00000000000672e5;
1d5d: 0000000000000000;
1d5e: 0000000000000000;
1d5f: 0000000000000000;
1d60: 1460ef33ec0e0d04;
1d61: 1c805c02be3dc84c;
1d62: 8c33fee4183069a0;
1d63: 7917697bb7f837c7;
1d64: 00000000000663e9;
1d65: 0000000000000000;
1d66: 0000000000000000;
1d67: 0000000000000000;
1d68: a6ebf54b221304e8;
1d69: 5d89f6e7e2e3478c;
1d6a: 919bb4189fa54586;
1d6b: 885382a3906c3378;
1d6c: 000000000006652e;
1d6d: 0000000000000000;
1d6e: 0000000000000000;
1d6f: 0000000000000000;
1d70: eb47df05f2371c25;
1d71: 198667a3fbdc858c;
1d72: 3049b3bd0300a196;
1d73: 007af709772432c4;
1d74: 0000000000068b1a;
1d75: 0000000000000000;
1d76: 0000000000000000;
1d77: 0000000000000000;
1d78: 90043c55a300d123;
1d79: 40df4000e860236c;
1d7a: fb23297f9b1c75a3;
1d7b: 0414f0921666b0ac;
1d7c: 000000000006a508;
1d7d: 0000000000000000;
1d7e: 0000000000000000;
1d7f: 0000000000000000;
1d80: f2492260b9d45afc;
1d81: 79bc5a3f1a353dac;
1d82: 6019a30fbfd949be;
1d83: 7a83e9f09577308f;
1d84: 000000000006a59b;
1d85: 0000000000000000;
1d86: 0000000000000000;
1d87: 0000000000000000;
1d88: fbdea6001b022512;
1d89: 445fdaf6fbc5012d;
1d8a: a02c27676c4f49aa;
1d8b: dd60e8f56114b6b7;
1d8c: 00000000000644a3;
1d8d: 0000000000000000;
1d8e: 0000000000000000;
1d8f: 0000000000000000;
1d90: 091fb8ecc61a1003;
1d91: c1850388429ba12c;
1d92: e0215c183f01fd84;
1d93: f8ef1483ec0f33d7;
1d94: 000000000006b0a2;
1d95: 0000000000000000;
1d96: 0000000000000000;
1d97: 0000000000000000;
1d98: f7143c19e7110144;
1d99: 865a978cc719014d;
1d9a: 97cb61867284258d;
1d9b: cf4786780bbcaeec;
1d9c: 0000000000058df4;
1d9d: 0000000000000000;
1d9e: 0000000000000000;
1d9f: 0000000000000000;
1da0: 2fdb56ff009224b3;
1da1: 5e38189352b162ac;
1da2: ce786c678fa5ed83;
1da3: 61df50f5a05ab38f;
1da4: 0000000000060118;
1da5: 0000000000000000;
1da6: 0000000000000000;
1da7: 0000000000000000;
1da8: f9f4ac0514d415ee;
1da9: e71b10593f13bbad;
1daa: b8802c1b23f80183;
1dab: e7fad5935bfd369b;
1dac: 0000000000066f94;
1dad: 0000000000000000;
1dae: 0000000000000000;
1daf: 0000000000000000;
1db0: cc22d2e1bd090019;
1db1: a63dbe02bf1660cc;
1db2: 504906f7f444b1bf;
1db3: 8d82ab757a6e336f;
1db4: 00000000000685fd;
1db5: 0000000000000000;
1db6: 0000000000000000;
1db7: 0000000000000000;
1db8: fa09f70a0206af1b;
1db9: 7dfdda82c2dc7eed;
1dba: cd0b4bf2dfaf1db5;
1dbb: f06d05db059ab3cb;
1dbc: 000000000006d6e7;
1dbd: 0000000000000000;
1dbe: 0000000000000000;
1dbf: 0000000000000000;
1dc0: d8c71d1af38e50de;
1dc1: e33f81c11917c52c;
1dc2: 08138d3ebec731ae;
1dc3: 76096e0595deb05c;
1dc4: 0000000000068a0a;
1dc5: 0000000000000000;
1dc6: 0000000000000000;
1dc7: 0000000000000000;
1dc8: 1edb854e00e2f5f7;
1dc9: 639d7a5de9d83fac;
1dca: a4fc2f935f4d4d8d;
1dcb: fd75059b9372b243;
1dcc: 0000000000065ff2;
1dcd: 0000000000000000;
1dce: 0000000000000000;
1dcf: 0000000000000000;
1dd0: 9a2f96dbdd2a0927;
1dd1: d263a78180cba12c;
1dd2: 63e906bc7703c597;
1dd3: 263bce82fa2d3325;
1dd4: 0000000000061673;
1dd5: 0000000000000000;
1dd6: 0000000000000000;
1dd7: 0000000000000000;
1dd8: 08447232272902ba;
1dd9: 40dbde96058963ec;
1dda: da42ecf287112d9d;
1ddb: fc96012b0b6433b5;
1ddc: 000000000006a38e;
1ddd: 0000000000000000;
1dde: 0000000000000000;
1ddf: 0000000000000000;
1de0: d8fd11e6d29f53bd;
1de1: 41ab1f5afaa3d6ec;
1de2: 9c8d5013a7486d88;
1de3: 5ae68809a188317b;
1de4: 000000000006ae14;
1de5: 0000000000000000;
1de6: 0000000000000000;
1de7: 0000000000000000;
1de8: 292394c84cfef5fa;
1de9: 24ff1801c1fe054c;
1dea: 0732f76e7d0739ab;
1deb: 01f87dff0c6e32e7;
1dec: 000000000006d309;
1ded: 0000000000000000;
1dee: 0000000000000000;
1def: 0000000000000000;
1df0: 072781dffb182531;
1df1: 05c661ddc93a5eec;
1df2: 3fa3bbcbb27c8983;
1df3: 06eafde47b7937ec;
1df4: 000000000006a788;
1df5: 0000000000000000;
1df6: 0000000000000000;
1df7: 0000000000000000;
1df8: f7eb2127deee1352;
1df9: 33fe36095b065e8d;
1dfa: 929b20be5eafcd81;
1dfb: 0e97130e228c3380;
1dfc: 000000000006e903;
1dfd: 0000000000000000;
1dfe: 0000000000000000;
1dff: 0000000000000000;
1e00: 1ff7f1e00eb80eaf;
1e01: e1847f3c9c819dcd;
1e02: 6fd3e8083f9091a8;
1e03: f54f10e31d6d351b;
1e04: 0000000000068618;
1e05: 0000000000000000;
1e06: 0000000000000000;
1e07: 0000000000000000;
1e08: 501aa6b7deeb4e27;
1e09: c661fcbb42be232c;
1e0a: 070f4016cc3445a8;
1e0b: 6e5d579d075f36d0;
1e0c: 0000000000067870;
1e0d: 0000000000000000;
1e0e: 0000000000000000;
1e0f: 0000000000000000;
1e10: 27ded6ebf871db47;
1e11: c73b817f6413fc2b;
1e12: fbbffbbbaebffdbe;
1e13: 15da15e4fe81b777;
1e14: 0000000000067d56;
1e15: 0000000000000000;
1e16: 0000000000000000;
1e17: 0000000000000000;
1e18: f5203a1b1009bb2d;
1e19: fd191a22c00adc8d;
1e1a: cc6cb3e687146195;
1e1b: 72ef0d457f1432c6;
1e1c: 000000000006e9ee;
1e1d: 0000000000000000;
1e1e: 0000000000000000;
1e1f: 0000000000000000;
1e20: 03d5fcebd496fca6;
1e21: a824a424dafd1fec;
1e22: 4fcae807d2c481ab;
1e23: 6dfd9070ab75b4c3;
1e24: 000000000006f326;
1e25: 0000000000000000;
1e26: 0000000000000000;
1e27: 0000000000000000;
1e28: cfd3b938decc1af5;
1e29: 1c1ffc3ee24847eb;
1e2a: 87c38492d44cc5a0;
1e2b: 98f2779f3dff322f;
1e2c: 00000000000655cd;
1e2d: 0000000000000000;
1e2e: 0000000000000000;
1e2f: 0000000000000000;
1e30: af25b9dd081fe72a;
1e31: 7b18d80bf48343ac;
1e32: fb8f23bc3ec3699c;
1e33: 1efef047f768b7e0;
1e34: 0000000000066bd0;
1e35: 0000000000000000;
1e36: 0000000000000000;
1e37: 0000000000000000;
1e38: 03e506fa552af1ce;
1e39: 141f5e951157e2cd;
1e3a: ff7844e27f57f19e;
1e3b: f48fe725757b3040;
1e3c: 000000000006ee0a;
1e3d: 0000000000000000;
1e3e: 0000000000000000;
1e3f: 0000000000000000;
1e40: f001faf6e0db1bb5;
1e41: 3f61ca9c5edfc0cd;
1e42: d8aa9905d42369be;
1e43: fa229282147bb090;
1e44: 0000000000069d0b;
1e45: 0000000000000000;
1e46: 0000000000000000;
1e47: 0000000000000000;
1e48: 1e299d316cd9ac16;
1e49: 3e1e9e8300f6e58c;
1e4a: 0f93c6cae88071a6;
1e4b: 0ded53e21fd030b0;
1e4c: 00000000000657f5;
1e4d: 0000000000000000;
1e4e: 0000000000000000;
1e4f: 0000000000000000;
1e50: 08b79403f31a4f51;
1e51: ffde3319e00b9c8b;
1e52: 97bb27e3c2d3bd82;
1e53: 0061fa56246eb454;
1e54: 0000000000061d5f;
1e55: 0000000000000000;
1e56: 0000000000000000;
1e57: 0000000000000000;
1e58: e50e0202e530ba0a;
1e59: 950021a137e5c24c;
1e5a: c3f45e86f9084da0;
1e5b: 70a2060a1fa43037;
1e5c: 0000000000065a07;
1e5d: 0000000000000000;
1e5e: 0000000000000000;
1e5f: 0000000000000000;
1e60: e9179e9ce2c443a3;
1e61: e5e2eab6b2fc066c;
1e62: df1e93c03b2f198a;
1e63: f5a3809705e3b45b;
1e64: 000000000006ac96;
1e65: 0000000000000000;
1e66: 0000000000000000;
1e67: 0000000000000000;
1e68: 073eaad94cbbdd00;
1e69: b0c1466a6562278c;
1e6a: bf1f04220c28f19b;
1e6b: 7be8d772a3ebb3e8;
1e6c: 0000000000061401;
1e6d: 0000000000000000;
1e6e: 0000000000000000;
1e6f: 0000000000000000;
1e70: f29fe808f038122f;
1e71: e4d8ffb13e3bb2ac;
1e72: 630b83e34a0bc595;
1e73: a1ddeefb9ba93015;
1e74: 0000000000061367;
1e75: 0000000000000000;
1e76: 0000000000000000;
1e77: 0000000000000000;
1e78: b0e9e148b06fe517;
1e79: 9c7c39399d626a2c;
1e7a: 2bf5af280c243580;
1e7b: 647c174a7f1db30b;
1e7c: 000000000006f180;
1e7d: 0000000000000000;
1e7e: 0000000000000000;
1e7f: 0000000000000000;
1e80: b2cabeb48eb9d8bd;
1e81: 678227437abea14c;
1e82: f74af068081bf5ad;
1e83: f117061303eab7b7;
1e84: 000000000006f425;
1e85: 0000000000000000;
1e86: 0000000000000000;
1e87: 0000000000000000;
1e88: ed15deb072d58ee8;
1e89: dafd833de22de3ec;
1e8a: ffe3c78e60616590;
1e8b: 0a925f1e3a83324e;
1e8c: 0000000000067b83;
1e8d: 0000000000000000;
1e8e: 0000000000000000;
1e8f: 0000000000000000;
1e90: b90c19a0fb2622c2;
1e91: 4899605e7d7ec5ac;
1e92: a445ef2f800d3dbc;
1e93: f589affe096e3087;
1e94: 000000000006fc18;
1e95: 0000000000000000;
1e96: 0000000000000000;
1e97: 0000000000000000;
1e98: fcc0feefe5d3badd;
1e99: be648820c024dfac;
1e9a: 8286eb54aa5f6dbc;
1e9b: 6795be0f98ffb38c;
1e9c: 0000000000069119;
1e9d: 0000000000000000;
1e9e: 0000000000000000;
1e9f: 0000000000000000;
1ea0: df06d73c156a650d;
1ea1: 76fb78fcfdd93bcc;
1ea2: 03fbe903ab7001b6;
1ea3: 4d1b890c8153b7bc;
1ea4: 0000000000060aee;
1ea5: 0000000000000000;
1ea6: 0000000000000000;
1ea7: 0000000000000000;
1ea8: eb00f8cfd0e50ebe;
1ea9: c899a231271fc50d;
1eaa: 60d54f180778b584;
1eab: 97ed7c75e6fc3444;
1eac: 0000000000066e53;
1ead: 0000000000000000;
1eae: 0000000000000000;
1eaf: 0000000000000000;
1eb0: d30a1ab204fb15ad;
1eb1: 44c2ac5bcb8a68cd;
1eb2: e85df71bdfd0759a;
1eb3: faac848284833046;
1eb4: 000000000006810d;
1eb5: 0000000000000000;
1eb6: 0000000000000000;
1eb7: 0000000000000000;
1eb8: f6a570304a34fc55;
1eb9: fba70bdee9af470c;
1eba: 062b66749ed31185;
1ebb: 6e96c9fd5b12b08b;
1ebc: 0000000000062178;
1ebd: 0000000000000000;
1ebe: 0000000000000000;
1ebf: 0000000000000000;
1ec0: b6f6062f0dc839e2;
1ec1: 12f8c0b923d47e8c;
1ec2: 20bb7644bb5001ba;
1ec3: 52e182927ae732a0;
1ec4: 0000000000067386;
1ec5: 0000000000000000;
1ec6: 0000000000000000;
1ec7: 0000000000000000;
1ec8: e1f90df7bfdde2f3;
1ec9: bb945ddf60809bad;
1eca: e4dc6bba8b8419a3;
1ecb: 27facb6260843370;
1ecc: 0000000000066174;
1ecd: 0000000000000000;
1ece: 0000000000000000;
1ecf: 0000000000000000;
1ed0: df1509d32fe416b5;
1ed1: 63bccbb0e6fc1e4d;
1ed2: 2c0c5053e388959f;
1ed3: e8a37281629d310f;
1ed4: 00000000000682e4;
1ed5: 0000000000000000;
1ed6: 0000000000000000;
1ed7: 0000000000000000;
1ed8: 3aabddd121f6f208;
1ed9: ca04c45bc7c7dd0c;
1eda: ea28073a98c90980;
1edb: 86f153d65d8330ae;
1edc: 000000000006825f;
1edd: 0000000000000000;
1ede: 0000000000000000;
1edf: 0000000000000000;
1ee0: c43fdb9f092256c4;
1ee1: d56272f338d75e6b;
1ee2: 38eb52f4449be197;
1ee3: 72f7f3f8def0327b;
1ee4: 000000000006809a;
1ee5: 0000000000000000;
1ee6: 0000000000000000;
1ee7: 0000000000000000;
1ee8: 188916d7e83e6e6e;
1ee9: bdf83723973eda4c;
1eea: 9fe75c23849f3987;
1eeb: 0690e955ea1f37a1;
1eec: 0000000000066e16;
1eed: 0000000000000000;
1eee: 0000000000000000;
1eef: 0000000000000000;
1ef0: be4012ce0ef821b9;
1ef1: 8a7cc4a31ac2880d;
1ef2: 5315575c2214d5bd;
1ef3: f5c3049c7addb3de;
1ef4: 000000000006661f;
1ef5: 0000000000000000;
1ef6: 0000000000000000;
1ef7: 0000000000000000;
1ef8: 6590b07f86e51776;
1ef9: c5a47dc25c247c6c;
1efa: af8fcf5bf2d3adb5;
1efb: f5931c159005b75f;
1efc: 000000000006a605;
1efd: 0000000000000000;
1efe: 0000000000000000;
1eff: 0000000000000000;
1f00: d103e867547f0009;
1f01: 3e65a1e1239ea0cc;
1f02: 20315fff6fdc2196;
1f03: 0e8e5de1a9dfb448;
1f04: 000000000006f3fd;
1f05: 0000000000000000;
1f06: 0000000000000000;
1f07: 0000000000000000;
1f08: cf2214cfdafca6df;
1f09: fc8da7434994498d;
1f0a: e5589782bc48f99d;
1f0b: 08f2cd9fc36ab3b4;
1f0c: 000000000006257d;
1f0d: 0000000000000000;
1f0e: 0000000000000000;
1f0f: 0000000000000000;
1f10: 8f5c388929cd6194;
1f11: aca306840524bb0c;
1f12: b7e0140bbbf80983;
1f13: 816f74a8df6337e2;
1f14: 0000000000064e91;
1f15: 0000000000000000;
1f16: 0000000000000000;
1f17: 0000000000000000;
1f18: 9be95721c2232548;
1f19: bca5e39ddcbfe94c;
1f1a: 737ad3c03757ada3;
1f1b: 740b537583ffb2e3;
1f1c: 000000000006860c;
1f1d: 0000000000000000;
1f1e: 0000000000000000;
1f1f: 0000000000000000;
1f20: b809eb0f261620f2;
1f21: 57bd6416675ea04d;
1f22: 291587aca81c91a0;
1f23: 8607dd5090703430;
1f24: 000000000006e879;
1f25: 0000000000000000;
1f26: 0000000000000000;
1f27: 0000000000000000;
1f28: f8080af9c6b08af3;
1f29: fa84e2a21fe56b8d;
1f2a: fda39b8663314dbf;
1f2b: 1bf7c49b016533d8;
1f2c: 00000000000617fc;
1f2d: 0000000000000000;
1f2e: 0000000000000000;
1f2f: 0000000000000000;
1f30: e83e1be11ae647e3;
1f31: cee4df7b09d702ed;
1f32: ac4ad477d2ff9985;
1f33: 7184e7895720b3e3;
1f34: 000000000006fc6a;
1f35: 0000000000000000;
1f36: 0000000000000000;
1f37: 0000000000000000;
1f38: 111072f43c0ea365;
1f39: 1e824a61e4d7fcac;
1f3a: 83ac60ca4cf1a567;
1f3b: 72d65ae97dfb337f;
1f3c: 000000000006e303;
1f3d: 0000000000000000;
1f3e: 0000000000000000;
1f3f: 0000000000000000;
1f40: 9e27a29e04ef3fe8;
1f41: 9c05bc948165644c;
1f42: d54bd088505b819f;
1f43: aee66950408837eb;
1f44: 00000000000672eb;
1f45: 0000000000000000;
1f46: 0000000000000000;
1f47: 0000000000000000;
1f48: 03dfe80abec4e333;
1f49: 36866239dcdd0bad;
1f4a: 6d2ff546c38ce5a2;
1f4b: 8c80668c977ab32b;
1f4c: 00000000000608a0;
1f4d: 0000000000000000;
1f4e: 0000000000000000;
1f4f: 0000000000000000;
1f50: 8f54039b1fd23ac1;
1f51: 4a9a86611d7dc48c;
1f52: 5f44a5d462d419a0;
1f53: ec6e5484687b3322;
1f54: 0000000000068dfb;
1f55: 0000000000000000;
1f56: 0000000000000000;
1f57: 0000000000000000;
1f58: 42dbd52cf319f747;
1f59: 83c19681b9e5a1cd;
1f5a: 2f2a5f3be8609dbf;
1f5b: b69bc8b795fa32df;
1f5c: 0000000000061f94;
1f5d: 0000000000000000;
1f5e: 0000000000000000;
1f5f: 0000000000000000;
1f60: 03fe0e1e2d43cb04;
1f61: e7810c0b1da0c1ed;
1f62: b009ddc74396f59d;
1f63: 10f55089956eb318;
1f64: 0000000000068add;
1f65: 0000000000000000;
1f66: 0000000000000000;
1f67: 0000000000000000;
1f68: ce2f0b00f1b2a3d7;
1f69: de4c203ea1dedfac;
1f6a: 907be89ab0ac49bf;
1f6b: dff4012bfd72b780;
1f6c: 00000000000620a0;
1f6d: 0000000000000000;
1f6e: 0000000000000000;
1f6f: 0000000000000000;
1f70: da271da900d131a7;
1f71: 285f1d3b7e5ae2ac;
1f72: 5febb96c246bf59d;
1f73: ed574964f7cd324a;
1f74: 0000000000060c6e;
1f75: 0000000000000000;
1f76: 0000000000000000;
1f77: 0000000000000000;
1f78: 2938d532c81f0448;
1f79: dbd77e61faffe88c;
1f7a: 04831457f47be984;
1f7b: 15f9ed80986b37c1;
1f7c: 000000000006f72b;
1f7d: 0000000000000000;
1f7e: 0000000000000000;
1f7f: 0000000000000000;
1f80: a811d51d273cc4e2;
1f81: fa600bdd2443812c;
1f82: 33d8d832bf782d95;
1f83: 8561f29b15dd3777;
1f84: 0000000000068209;
1f85: 0000000000000000;
1f86: 0000000000000000;
1f87: 0000000000000000;
1f88: e0380912ebddbdf1;
1f89: 5f08a11a222923ad;
1f8a: a02fe03ea05ca9b9;
1f8b: 8310eea6136637bc;
1f8c: 0000000000061cab;
1f8d: 0000000000000000;
1f8e: 0000000000000000;
1f8f: 0000000000000000;
1f90: 546c27fb05a412de;
1f91: 43817b60be37a0eb;
1f92: a78efd201b2345bf;
1f93: 035a2f83175bb282;
1f94: 000000000005a1fa;
1f95: 0000000000000000;
1f96: 0000000000000000;
1f97: 0000000000000000;
1f98: df231de967fe0cc4;
1f99: 55b640fabcb3808c;
1f9a: d33bf1b4b9c02981;
1f9b: 837556ee7f0533a0;
1f9c: 000000000006ebfd;
1f9d: 0000000000000000;
1f9e: 0000000000000000;
1f9f: 0000000000000000;
1fa0: b060aad5f7e5d218;
1fa1: 3fd7c484c41bc80c;
1fa2: 7f05a5a6d768099a;
1fa3: 05f2a80b9f61b05c;
1fa4: 00000000000669a8;
1fa5: 0000000000000000;
1fa6: 0000000000000000;
1fa7: 0000000000000000;
1fa8: e343e202bbe61502;
1fa9: 37e37e979fbc85ad;
1faa: e80841ab3289e9bd;
1fab: 8a840115b5fdb00f;
1fac: 000000000006042b;
1fad: 0000000000000000;
1fae: 0000000000000000;
1faf: 0000000000000000;
1fb0: f7e6e7f810af0a01;
1fb1: 191fc2617abdc72c;
1fb2: 0c0db0cb80bbbda9;
1fb3: f62ee963316eb2bc;
1fb4: 0000000000067f1f;
1fb5: 0000000000000000;
1fb6: 0000000000000000;
1fb7: 0000000000000000;
1fb8: abc28c1f084acaed;
1fb9: 17e1871c64dcb3eb;
1fba: 0c8b4b950fe3fd9b;
1fbb: 8d0ffc6694d1b7d0;
1fbc: 000000000006e535;
1fbd: 0000000000000000;
1fbe: 0000000000000000;
1fbf: 0000000000000000;
1fc0: f2421909201a2215;
1fc1: 18417a3e3d3852ed;
1fc2: e4ea6098223c1187;
1fc3: 9e621b0db5e9b031;
1fc4: 000000000006f608;
1fc5: 0000000000000000;
1fc6: 0000000000000000;
1fc7: 0000000000000000;
1fc8: 4fe0e5e8f0e9198a;
1fc9: fa1f5e9d88a51ccd;
1fca: 5313c3849793e9a0;
1fcb: 1fdb7f18926d3331;
1fcc: 00000000000644da;
1fcd: 0000000000000000;
1fce: 0000000000000000;
1fcf: 0000000000000000;
1fd0: 08e2fb07b1100505;
1fd1: 55e3a17c7b04418c;
1fd2: 44b8689bbbdc699b;
1fd3: fad4d7d73a7ab280;
1fd4: 0000000000065404;
1fd5: 0000000000000000;
1fd6: 0000000000000000;
1fd7: 0000000000000000;
1fd8: 299ff455e3a10a53;
1fd9: a01a809f485db84c;
1fda: fc96e0e573619d9d;
1fdb: a5748329096eb1c7;
1fdc: 0000000000060b6e;
1fdd: 0000000000000000;
1fde: 0000000000000000;
1fdf: 0000000000000000;
1fe0: 035b241027fd0120;
1fe1: f5243703071fdb8d;
1fe2: 0b8fac4fd38d35a3;
1fe3: 236ca47da1f73144;
1fe4: 000000000006837e;
1fe5: 0000000000000000;
1fe6: 0000000000000000;
1fe7: 0000000000000000;
1fe8: 33d50ed5080b1e9d;
1fe9: d41d98321dc24a2d;
1fea: 0607a62d6f9a218b;
1feb: 8766109410072e55;
1fec: 000000000006525b;
1fed: 0000000000000000;
1fee: 0000000000000000;
1fef: 0000000000000000;
1ff0: 1405c012c2d2dada;
1ff1: 38c0175a5c0c5b6c;
1ff2: 612fc46f53d3999c;
1ff3: 6d50041b8eeab3dc;
1ff4: 0000000000064d03;
1ff5: 0000000000000000;
1ff6: 0000000000000000;
1ff7: 0000000000000000;
1ff8: ebb4f4b0fc652bcc;
1ff9: 2a6a1c1f5a3dc00c;
1ffa: 98101d7f0be8c573;
1ffb: 97770382f4293217;
1ffc: 000000000006a8de;
1ffd: 0000000000000000;
1ffe: 0000000000000000;
1fff: 0000000000000000;
2000: 074708130e0cef13;
2001: f5471960c303626d;
2002: 340bf43003c0a9a8;
2003: 16ed987fa2d935a0;
2004: 000000000006e887;
2005: 0000000000000000;
2006: 0000000000000000;
2007: 0000000000000000;
2008: bbdebb1e1cc404d3;
2009: be76e01d38234fcc;
200a: 0fb48b933beea97f;
200b: 5b840c11fe8e33f4;
200c: 000000000006710e;
200d: 0000000000000000;
200e: 0000000000000000;
200f: 0000000000000000;
2010: 0a00f6fcdb9bb9e4;
2011: 87ab896198e440cc;
2012: 7c2c3ce080f85d9c;
2013: 7188fc0bef52300a;
2014: 0000000000060429;
2015: 0000000000000000;
2016: 0000000000000000;
2017: 0000000000000000;
2018: 320abe6f34211d40;
2019: 9f9e07e15b179e4c;
201a: 23ebaefd2bf04da5;
201b: e80b79e418733764;
201c: 000000000006ca23;
201d: 0000000000000000;
201e: 0000000000000000;
201f: 0000000000000000;
2020: d13f1fde39545ae2;
2021: 27dcc6bb9963cb4c;
2022: d56340f42be8999d;
2023: 9b7c066f29fb3065;
2024: 000000000006825b;
2025: 0000000000000000;
2026: 0000000000000000;
2027: 0000000000000000;
2028: 172726e202f10dbd;
2029: 201c5abd8286438d;
202a: ac14eb250c57a596;
202b: 20ed030c09f2b2bf;
202c: 00000000000666de;
202d: 0000000000000000;
202e: 0000000000000000;
202f: 0000000000000000;
2030: 05f0fd47ceccd9f3;
2031: 96e5bfdb3fc07c8c;
2032: 48bc80e8004581b9;
2033: e370df04fbf33032;
2034: 000000000006067b;
2035: 0000000000000000;
2036: 0000000000000000;
2037: 0000000000000000;
2038: 36df0a5026c5180b;
2039: 209b7b41e1f7214d;
203a: fbe798182c055da2;
203b: 800cf4e197dfb407;
203c: 0000000000060a6c;
203d: 0000000000000000;
203e: 0000000000000000;
203f: 0000000000000000;
2040: d76136282c495d09;
2041: 15a1a1fc092748cc;
2042: b9378060c7f4cd99;
2043: 236697fd9c0f3797;
2044: 0000000000068af2;
2045: 0000000000000000;
2046: 0000000000000000;
2047: 0000000000000000;
2048: d43c41ca14f7150c;
2049: a1c4c9e03d605ead;
204a: 175c7f50b17b99b5;
204b: 2e701881818db236;
204c: 00000000000606e6;
204d: 0000000000000000;
204e: 0000000000000000;
204f: 0000000000000000;
2050: fcee0042eec1e1eb;
2051: 7462801ba3829d6c;
2052: 89f400a2e8d0b99d;
2053: 536a92cef4c4af1b;
2054: 0000000000060029;
2055: 0000000000000000;
2056: 0000000000000000;
2057: 0000000000000000;
2058: 23d3117025a70281;
2059: 271e973f23bbcacc;
205a: 2f40a8da97cc2d91;
205b: 037e8420f4213708;
205c: 000000000006a249;
205d: 0000000000000000;
205e: 0000000000000000;
205f: 0000000000000000;
2060: b932060d0fe325f5;
2061: 3b84e0013fe6684d;
2062: d118d0483b9cada1;
2063: 8cf81992b8f93467;
2064: 000000000006f589;
2065: 0000000000000000;
2066: 0000000000000000;
2067: 0000000000000000;
2068: b5ed189f20fe49fe;
2069: bcc1a3c3faff1a4c;
206a: 967cfbc3252cb592;
206b: 919717e7f29d2e6e;
206c: 0000000000062579;
206d: 0000000000000000;
206e: 0000000000000000;
206f: 0000000000000000;
2070: 3af31d15c69fb49f;
2071: de897d047c28de2b;
2072: dc46d40968eb259f;
2073: 9dda05976972b2a2;
2074: 0000000000067474;
2075: 0000000000000000;
2076: 0000000000000000;
2077: 0000000000000000;
2078: 42e7f610e11723a3;
2079: 1b1802631c7bdfec;
207a: 3304446f6fbd25a3;
207b: a10974a84f19b2f9;
207c: 000000000006563a;
207d: 0000000000000000;
207e: 0000000000000000;
207f: 0000000000000000;
2080: 07f650d5185a3cad;
2081: 893324def3427e2c;
2082: 0527c4205d24f590;
2083: a3ee1b43a5902eed;
2084: 0000000000061bca;
2085: 0000000000000000;
2086: 0000000000000000;
2087: 0000000000000000;
2088: c723ddb107fdfd03;
2089: 1fd90a8a905b460d;
208a: 040d07f7f3f81d87;
208b: 77fb8e757d59b404;
208c: 000000000006fb8b;
208d: 0000000000000000;
208e: 0000000000000000;
208f: 0000000000000000;
2090: 5e9f446ef08fbca4;
2091: 530e999e467dd48b;
2092: 3c3868751880319e;
2093: 807064295057333a;
2094: 0000000000067a51;
2095: 0000000000000000;
2096: 0000000000000000;
2097: 0000000000000000;
2098: 2030e04909ff14e5;
2099: 9038b1ac27138dad;
209a: abe480e68c1b1161;
209b: 738f0556f69f32c4;
209c: 000000000006901c;
209d: 0000000000000000;
209e: 0000000000000000;
209f: 0000000000000000;
20a0: ed18231dfc180ebd;
20a1: 40dc7d5be31f5e4d;
20a2: 7cd80c20084395b7;
20a3: 16711ae78a18366e;
20a4: 000000000006a5fa;
20a5: 0000000000000000;
20a6: 0000000000000000;
20a7: 0000000000000000;
20a8: c51ce2bb000ff42d;
20a9: dc6267a6179f3d4d;
20aa: 3be073dbc07c61bc;
20ab: 817e8573ffdf32b3;
20ac: 0000000000068202;
20ad: 0000000000000000;
20ae: 0000000000000000;
20af: 0000000000000000;
20b0: b9d1102ef79acce3;
20b1: 7b7874012000bd2c;
20b2: bcdf9850c4f88d80;
20b3: 837305cded55b2ae;
20b4: 0000000000067a14;
20b5: 0000000000000000;
20b6: 0000000000000000;
20b7: 0000000000000000;
20b8: c823e774f8a90036;
20b9: b880d67f89d826ac;
20ba: 7ba0601abbdfc99a;
20bb: f0fd0969fe42b758;
20bc: 0000000000062744;
20bd: 0000000000000000;
20be: 0000000000000000;
20bf: 0000000000000000;
20c0: 841aec36228829a9;
20c1: e0e11fa09d03804c;
20c2: 5c8c27ef07fb79b6;
20c3: 8d8b0f68070d368f;
20c4: 000000000006a0ee;
20c5: 0000000000000000;
20c6: 0000000000000000;
20c7: 0000000000000000;
20c8: fef7b0c809c41c0b;
20c9: 78d82561bdfe62ac;
20ca: 83babc6a2cb7658c;
20cb: f7868146f5c4b2a1;
20cc: 0000000000060411;
20cd: 0000000000000000;
20ce: 0000000000000000;
20cf: 0000000000000000;
20d0: 79eddcf4de7b773d;
20d1: 3dbb9e9bcf6ee7a3;
20d2: b773d379eddcf46f;
20d3: ee7a6f3dbb9e8de7;
20d4: 000000000001bcf6;
20d5: 0000000000000000;
20d6: 0000000000000000;
20d7: 8000000000000000;
20d8: 79eddcf4de7b773d;
20d9: 3dbb9e9bcf6ee7a3;
20da: b773d379eddcf46f;
20db: ee7a6f3dbb9e8de7;
20dc: 000000000001bcf6;
20dd: 0000000000000000;
20de: 0000000000000000;
20df: 8000000000000000;
20e0: 0000000000000040;
20e1: 000000000008000f;
20e2: 00000001000001e0;
20e3: 0000200000003c00;
20e4: 0000000000078000;
20e5: 0000000000000000;
20e6: 0000000000000000;
20e7: 0000000000000000;
20e8: 0000004000000000;
20e9: 000800000000000f;
20ea: 00000000000001e0;
20eb: 0000000000003c01;
20ec: 000000000007a000;
20ed: 0000000000000000;
20ee: 0000000000000000;
20ef: 0000000000000000;
20f0: 0000000000000000;
20f1: 0000000000000000;
20f2: 0000000000000000;
20f3: 0000000000000000;
20f4: 0000000000000000;
20f5: 0000000000000000;
20f6: 0000000000000000;
20f7: 0000000000000000;
20f8: 0000000000000000;
20f9: 0000000000000000;
20fa: 0000000000000000;
20fb: 0000000000000000;
20fc: 0000000000000000;
20fd: 0000000000000000;
20fe: 0000000000000000;
20ff: 0000000000000000;
2100: 0000000000000000;
2101: 0000000000000000;
2102: 0000000000000000;
2103: 0000000000000000;
2104: 0000000000000000;
2105: 0000000000000000;
2106: 0000000000000000;
2107: 0000000000000000;
2108: 0000000000000000;
2109: 0000000000000000;
210a: 0000000000000000;
210b: 0000000000000000;
210c: 0000000000000000;
210d: 0000000000000000;
210e: 0000000000000000;
210f: 0000000000000000;
2110: 0000000000000040;
2111: 000000000008000f;
2112: 00000001000001e0;
2113: 0000200000003c00;
2114: 0000000000078000;
2115: 0000000000000000;
2116: 0000000000000000;
2117: 0000000000000000;
2118: 0000004000000000;
2119: 000800000000000f;
211a: 00000000000001e0;
211b: 0000000000003c01;
211c: 000000000007a000;
211d: 0000000000000000;
211e: 0000000000000000;
211f: 0000000000000000;
2120: e0000000f8000000;
2121: 0000001f00000003;
2122: 000003e00000007c;
2123: 00007c0000000f80;
2124: 000000000001f000;
2125: 0000000000000000;
2126: 0000000000000000;
2127: 8000000000000000;
2128: e0000000f8000000;
2129: 0000001f00000003;
212a: 000003e00000007c;
212b: 00007c0000000f80;
212c: 000000000001f000;
212d: 0000000000000000;
212e: 0000000000000000;
212f: 8000000000000000;
2130: 0000000000000040;
2131: 000000000008000f;
2132: 00000001000001e0;
2133: 0000200000003c00;
2134: 0000000000078000;
2135: 0000000000000000;
2136: 0000000000000000;
2137: 0000000000000000;
2138: 0000004000000000;
2139: 000800000000000f;
213a: 00000000000001e0;
213b: 0000000000003c01;
213c: 000000000007a000;
213d: 0000000000000000;
213e: 0000000000000000;
213f: 0000000000000000;
2140: 0000000000000000;
2141: 0000000000000000;
2142: 0000000000000000;
2143: 0000000000000000;
2144: 0000000000000000;
2145: 0000000000000000;
2146: 0000000000000000;
2147: 0000000000000000;
2148: 0000000000000000;
2149: 0000000000000000;
214a: 0000000000000000;
214b: 0000000000000000;
214c: 0000000000000000;
214d: 0000000000000000;
214e: 0000000000000000;
214f: 0000000000000000;
2150: 0000000000000000;
2151: 0000000000000000;
2152: 0000000000000000;
2153: 0000000000000000;
2154: 0000000000000000;
2155: 0000000000000000;
2156: 0000000000000000;
2157: 0000000000000000;
2158: 0000000000000000;
2159: 0000000000000000;
215a: 0000000000000000;
215b: 0000000000000000;
215c: 0000000000000000;
215d: 0000000000000000;
215e: 0000000000000000;
215f: 0000000000000000;
2160: 0000000000000040;
2161: 000000000008000f;
2162: 00000001000001e0;
2163: 0000200000003c00;
2164: 0000000000078000;
2165: 0000000000000000;
2166: 0000000000000000;
2167: 0000000000000000;
2168: 0000004000000000;
2169: 000800000000000f;
216a: 00000000000001e0;
216b: 0000000000003c01;
216c: 000000000007a000;
216d: 0000000000000000;
216e: 0000000000000000;
216f: 0000000000000000;
2170: 6596600119659800;
2171: b2cc00232cb30004;
2172: 598004659660008c;
2173: 30008cb2cc001196;
2174: 00000000000232cb;
2175: 0000000000000000;
2176: 0000000000000000;
2177: 8000000000000000;
2178: 6596600119659800;
2179: b2cc00232cb30004;
217a: 598004659660008c;
217b: 30008cb2cc001196;
217c: 00000000000232cb;
217d: 0000000000000000;
217e: 0000000000000000;
217f: 8000000000000000;
2180: 0000000000000040;
2181: 000000000008000f;
2182: 00000001000001e0;
2183: 0000200000003c00;
2184: 0000000000078000;
2185: 0000000000000000;
2186: 0000000000000000;
2187: 0000000000000000;
2188: 0000004000000000;
2189: 000800000000000f;
218a: 00000000000001e0;
218b: 0000000000003c01;
218c: 000000000007a000;
218d: 0000000000000000;
218e: 0000000000000000;
218f: 0000000000000000;
2190: 0000000000000000;
2191: 0000000000000000;
2192: 0000000000000000;
2193: 0000000000000000;
2194: 0000000000000000;
2195: 0000000000000000;
2196: 0000000000000000;
2197: 0000000000000000;
2198: 0000000000000000;
2199: 0000000000000000;
219a: 0000000000000000;
219b: 0000000000000000;
219c: 0000000000000000;
219d: 0000000000000000;
219e: 0000000000000000;
219f: 0000000000000000;
21a0: 0000000000000000;
21a1: 0000000000000000;
21a2: 0000000000000000;
21a3: 0000000000000000;
21a4: 0000000000000000;
21a5: 0000000000000000;
21a6: 0000000000000000;
21a7: 0000000000000000;
21a8: 0000000000000000;
21a9: 0000000000000000;
21aa: 0000000000000000;
21ab: 0000000000000000;
21ac: 0000000000000000;
21ad: 0000000000000000;
21ae: 0000000000000000;
21af: 0000000000000000;
21b0: 0000000000000040;
21b1: 000000000008000f;
21b2: 00000001000001e0;
21b3: 0000200000003c00;
21b4: 0000000000078000;
21b5: 0000000000000000;
21b6: 0000000000000000;
21b7: 0000000000000000;
21b8: 0000004000000000;
21b9: 000800000000000f;
21ba: 00000000000001e0;
21bb: 0000000000003c01;
21bc: 000000000007a000;
21bd: 0000000000000000;
21be: 0000000000000000;
21bf: 0000000000000000;
21c0: 56821b40d5a086d0;
21c1: d043681ab410da03;
21c2: 086d0356821b406a;
21c3: 0da06ad043680d5a;
21c4: 000000000001ab41;
21c5: 0000000000000000;
21c6: 0000000000000000;
21c7: 8000000000000000;
21c8: 56821b40d5a086d0;
21c9: d043681ab410da03;
21ca: 086d0356821b406a;
21cb: 0da06ad043680d5a;
21cc: 000000000001ab41;
21cd: 0000000000000000;
21ce: 0000000000000000;
21cf: 8000000000000000;
21d0: 0000000000000040;
21d1: 000000000008000f;
21d2: 00000001000001e0;
21d3: 0000200000003c00;
21d4: 0000000000078000;
21d5: 0000000000000000;
21d6: 0000000000000000;
21d7: 0000000000000000;
21d8: 0000004000000000;
21d9: 000800000000000f;
21da: 00000000000001e0;
21db: 0000000000003c01;
21dc: 000000000007a000;
21dd: 0000000000000000;
21de: 0000000000000000;
21df: 0000000000000000;
21e0: 0000000000000000;
21e1: 0000000000000000;
21e2: 0000000000000000;
21e3: 0000000000000000;
21e4: 0000000000000000;
21e5: 0000000000000000;
21e6: 0000000000000000;
21e7: 0000000000000000;
21e8: 0000000000000000;
21e9: 0000000000000000;
21ea: 0000000000000000;
21eb: 0000000000000000;
21ec: 0000000000000000;
21ed: 0000000000000000;
21ee: 0000000000000000;
21ef: 0000000000000000;
21f0: 0000000000000000;
21f1: 0000000000000000;
21f2: 0000000000000000;
21f3: 0000000000000000;
21f4: 0000000000000000;
21f5: 0000000000000000;
21f6: 0000000000000000;
21f7: 0000000000000000;
21f8: 0000000000000000;
21f9: 0000000000000000;
21fa: 0000000000000000;
21fb: 0000000000000000;
21fc: 0000000000000000;
21fd: 0000000000000000;
21fe: 0000000000000000;
21ff: 0000000000000000;
2200: 0000000000000040;
2201: 000000000008000f;
2202: 00000001000001e0;
2203: 0000200000003c00;
2204: 0000000000078000;
2205: 0000000000000000;
2206: 0000000000000000;
2207: 0000000000000000;
2208: 0000004000000000;
2209: 000800000000000f;
220a: 00000000000001e0;
220b: 0000000000003c01;
220c: 000000000007a000;
220d: 0000000000000000;
220e: 0000000000000000;
220f: 0000000000000000;
2210: 4fb2434913ec9034;
2211: f64834a27d9209a4;
2212: c8fbf44fb2425c89;
2213: 213889f64831113e;
2214: 00000000000227d9;
2215: 0000000000000000;
2216: 0000000000000000;
2217: 8000000000000000;
2218: 4fb241c113ec9082;
2219: f64862227d921604;
221a: c908344fb2410489;
221b: 216889f6485f113e;
221c: 00000000000227d9;
221d: 0000000000000000;
221e: 0000000000000000;
221f: 8000000000000000;
2220: fb9f47f93bf10504;
2221: f47ed1e126e11c4c;
2222: bf9f2ed3a464b193;
2223: 7f327bfc7c0fb43c;
2224: 0000000000069680;
2225: 0000000000000000;
2226: 0000000000000000;
2227: 0000000000000000;
2228: d1ab0c4c2507012a;
2229: 13bdfee3371f97ad;
222a: f3ffc82813ef41bc;
222b: f47c73df886c3bae;
222c: 00000000000682e1;
222d: 0000000000000000;
222e: 0000000000000000;
222f: 0000000000000000;
2230: ffea0343f3c6e4ff;
2231: bf9b6b9abcde478d;
2232: e3f2d3a403b43580;
2233: 0187a6030557345f;
2234: 000000000006ed4d;
2235: 0000000000000000;
2236: 0000000000000000;
2237: 0000000000000000;
2238: 95ee32395dcbffae;
2239: dcbe5c177bb7604c;
223a: 6c88847893fb9d81;
223b: e970748d16cf34b2;
223c: 0000000000068163;
223d: 0000000000000000;
223e: 0000000000000000;
223f: 0000000000000000;
2240: cb4cc8b9111b1cb0;
2241: 63fedb9ec0fe37ac;
2242: 213bc3b4139e95a6;
2243: fda3fd02d89cb0c0;
2244: 000000000006eb79;
2245: 0000000000000000;
2246: 0000000000000000;
2247: 0000000000000000;
2248: b201fb11e929131d;
2249: 9fdede41a43fbfcd;
224a: 573b73585737fdb3;
224b: 7a2183838c93b683;
224c: 0000000000068f88;
224d: 0000000000000000;
224e: 0000000000000000;
224f: 0000000000000000;
2250: b5f0fd241e0223e9;
2251: a742deb796f8dc8d;
2252: 4d23208d3d609d90;
2253: 5243003fa2d73048;
2254: 0000000000064395;
2255: 0000000000000000;
2256: 0000000000000000;
2257: 0000000000000000;
2258: c512aed8d52411e3;
2259: 7f99d5c401ffb94c;
225a: d8acf87848055599;
225b: 9583281de7ccb6c7;
225c: 0000000000062c62;
225d: 0000000000000000;
225e: 0000000000000000;
225f: 0000000000000000;
2260: 271531e01fac410f;
2261: fb6224a08920fbec;
2262: 9fac2362d7a001bc;
2263: 6651207f76feb40c;
2264: 000000000006716d;
2265: 0000000000000000;
2266: 0000000000000000;
2267: 0000000000000000;
2268: d82bf3d4081beb9a;
2269: 9ba13a2e5764c40c;
226a: eb4c892570273576;
226b: 0b675d81076f332f;
226c: 00000000000607eb;
226d: 0000000000000000;
226e: 0000000000000000;
226f: 0000000000000000;
2270: df0548273394f91f;
2271: 49d9213c8102a4cc;
2272: 60e813b83b996dbd;
2273: 11a20bdf37ff3294;
2274: 0000000000067d56;
2275: 0000000000000000;
2276: 0000000000000000;
2277: 0000000000000000;
2278: 44d3464df1b6121c;
2279: 807c1da01b29338c;
227a: 6020480d59627d7a;
227b: 8b6b07a55065336e;
227c: 00000000000609f4;
227d: 0000000000000000;
227e: 0000000000000000;
227f: 0000000000000000;
2280: dd1118c80befabf7;
2281: 0201b7242348da0d;
2282: 1f0a4400910b7da6;
2283: ff258bfbe96cb2fb;
2284: 000000000006eef3;
2285: 0000000000000000;
2286: 0000000000000000;
2287: 0000000000000000;
2288: dfc5d8f12b258b4b;
2289: bc80d8dd1f57608c;
228a: ffceefd40eed75bb;
228b: 7bd6fa7a569cb7e7;
228c: 00000000000652fd;
228d: 0000000000000000;
228e: 0000000000000000;
228f: 0000000000000000;
2290: f918250dbef0980d;
2291: 3e204099c0809acd;
2292: c86ad457f00b71b7;
2293: 11d9987ce432b407;
2294: 000000000006f4fd;
2295: 0000000000000000;
2296: 0000000000000000;
2297: 0000000000000000;
2298: d105f1fae5f8a836;
2299: dcbc6cfb89c37b0d;
229a: d88b70585acd1198;
229b: d80b152227e537bf;
229c: 0000000000066559;
229d: 0000000000000000;
229e: 0000000000000000;
229f: 0000000000000000;
22a0: 4fb2415513ec90ab;
22a1: f64876a27d921524;
22a2: c908044fb2424089;
22a3: 211089f64867113e;
22a4: 00000000000227d9;
22a5: 0000000000000000;
22a6: 0000000000000000;
22a7: 8000000000000000;
22a8: 4fb2419913ec90a5;
22a9: f6479fa27d9216c4;
22aa: c908544fb241a489;
22ab: 213089f6482c113e;
22ac: 00000000000227d9;
22ad: 0000000000000000;
22ae: 0000000000000000;
22af: 8000000000000000;
22b0: adb927f33f532cd6;
22b1: b1dffefcfc3cd6ec;
22b2: 5fdb60ac1c5ec9a7;
22b3: 9387a2007d693776;
22b4: 000000000006fb57;
22b5: 0000000000000000;
22b6: 0000000000000000;
22b7: 0000000000000000;
22b8: f1d208222612fcb5;
22b9: d228f8a6e4bcc26d;
22ba: f00ba87c33ef4199;
22bb: 7808ddfa686137b2;
22bc: 000000000006256f;
22bd: 0000000000000000;
22be: 0000000000000000;
22bf: 0000000000000000;
22c0: d7b2fd0425ef19cb;
22c1: ea2439bdfb7cdbed;
22c2: 9448481ff3cb4dbf;
22c3: 7bf80bdb6a67b75a;
22c4: 000000000006fe70;
22c5: 0000000000000000;
22c6: 0000000000000000;
22c7: 0000000000000000;
22c8: c3b3fdea0cc70f9f;
22c9: 05361bb9bf1c7d6c;
22ca: 43f7eff7fc16a99d;
22cb: 80ed13728a5937cf;
22cc: 000000000006f0d0;
22cd: 0000000000000000;
22ce: 0000000000000000;
22cf: 0000000000000000;
22d0: 42faea01e00afb04;
22d1: fd82bdc1a31e5ced;
22d2: bbd2740fa4b901b4;
22d3: 0d8e8293010f32d8;
22d4: 000000000006c58c;
22d5: 0000000000000000;
22d6: 0000000000000000;
22d7: 0000000000000000;
22d8: abfffcf90516cef5;
22d9: f8e19eaa667f61ad;
22da: 8408a307fbb8619f;
22db: 0a77740debe0b2cb;
22dc: 000000000006dc7f;
22dd: 0000000000000000;
22de: 0000000000000000;
22df: 0000000000000000;
22e0: c817fe9ff32ce1b5;
22e1: 9f601ba383a1bd2c;
22e2: a42bbfd84ba811b5;
22e3: 7e71041e7cf33a9f;
22e4: 000000000006df7f;
22e5: 0000000000000000;
22e6: 0000000000000000;
22e7: 0000000000000000;
22e8: 9ef106f12dfdffce;
22e9: bb8344d55fc80b6d;
22ea: 637b53b41f681180;
22eb: fdfd7e75910b36d7;
22ec: 000000000006d46e;
22ed: 0000000000000000;
22ee: 0000000000000000;
22ef: 0000000000000000;
22f0: 2202f6f3136722e5;
22f1: e5eb58ebb3f9dc0d;
22f2: 9851f341d3492560;
22f3: e48ebe0fff7e3023;
22f4: 0000000000067791;
22f5: 0000000000000000;
22f6: 0000000000000000;
22f7: 0000000000000000;
22f8: fc09c0e20f05e1cc;
22f9: 7cc29ebcbb97114c;
22fa: 3c44d79d5c2b1582;
22fb: c0f4e804890830b3;
22fc: 0000000000058737;
22fd: 0000000000000000;
22fe: 0000000000000000;
22ff: 0000000000000000;
2300: de51360cec316002;
2301: 177708a57278b7ab;
2302: cb03f5703bc84579;
2303: 88200dd39c7fb001;
2304: 0000000000060364;
2305: 0000000000000000;
2306: 0000000000000000;
2307: 0000000000000000;
2308: 1cd03afd25bc0515;
2309: 0a5a9e36749319cd;
230a: 741ce3a92f7fa573;
230b: 280611e860d1b3f3;
230c: 0000000000061096;
230d: 0000000000000000;
230e: 0000000000000000;
230f: 0000000000000000;
2310: ec0cfab7f2031cd3;
2311: bdbe751f6676632d;
2312: 00d333887f2be9be;
2313: 8c52068b7cb5b479;
2314: 00000000000613e2;
2315: 0000000000000000;
2316: 0000000000000000;
2317: 0000000000000000;
2318: f57687266b3e056e;
2319: 137fa8ff42fa784b;
231a: f3f326e4d3e7799d;
231b: 09848e13a11cb3c7;
231c: 0000000000068178;
231d: 0000000000000000;
231e: 0000000000000000;
231f: 0000000000000000;
2320: e4e003c01103f205;
2321: a60236e11ea79d0d;
2322: 0c1b73fbe7812d84;
2323: 01ecf4f8ea76bbec;
2324: 000000000006db67;
2325: 0000000000000000;
2326: 0000000000000000;
2327: 0000000000000000;
2328: f7f421ade104c9e9;
2329: 1b9a009e0689e1ed;
232a: e72f8474eb7ae594;
232b: 246fe3fed390b3e4;
232c: 0000000000066d31;
232d: 0000000000000000;
232e: 0000000000000000;
232f: 0000000000000000;
2330: 4fb243c913ec906c;
2331: f647c5a27d921784;
2332: c907a44fb2421489;
2333: 21b089f6483b113e;
2334: 00000000000227d9;
2335: 0000000000000000;
2336: 0000000000000000;
2337: 8000000000000000;
2338: 4fb2413d13ec9090;
2339: f64819a27d9216c4;
233a: c908c44fb2439489;
233b: 20c289f6484a913e;
233c: 00000000000227d9;
233d: 0000000000000000;
233e: 0000000000000000;
233f: 8000000000000000;
2340: d2c358a541c3cbb5;
2341: 16433c79ff1d9f2c;
2342: f29007c2dced55bd;
2343: 78f26c09756ab215;
2344: 000000000006f8d6;
2345: 0000000000000000;
2346: 0000000000000000;
2347: 0000000000000000;
2348: 8bb730176dbbeef4;
2349: 77dfdb0217c0786c;
234a: a35286ffee6fedbf;
234b: 0f5c85727bf030cb;
234c: 0000000000068b41;
234d: 0000000000000000;
234e: 0000000000000000;
234f: 0000000000000000;
2350: fee8164735441e13;
2351: db2298cb3d195a6d;
2352: ab9fc7ffefeb55a2;
2353: 7b6474d481543756;
2354: 00000000000609f9;
2355: 0000000000000000;
2356: 0000000000000000;
2357: 0000000000000000;
2358: c6a0220e2af803e8;
2359: a7c2bcd11ec42c4d;
235a: b3bbcf1fc3fa1d80;
235b: 995a9c35eb60b32a;
235c: 0000000000060ccf;
235d: 0000000000000000;
235e: 0000000000000000;
235f: 0000000000000000;
2360: c4dcfbd56f0ce505;
2361: dc9a56a8c180028d;
2362: d6373b4fcadbbd85;
2363: 23f5070069ddb12f;
2364: 00000000000667f4;
2365: 0000000000000000;
2366: 0000000000000000;
2367: 0000000000000000;
2368: a90ed2b3ff0848ea;
2369: e09ebb8adbec896c;
236a: 981fd79426f4599e;
236b: 0d573cf13131377f;
236c: 000000000006267e;
236d: 0000000000000000;
236e: 0000000000000000;
236f: 0000000000000000;
2370: b5f6fa50f7ff1845;
2371: a0fbba406081610d;
2372: b74f4ef4339aedb6;
2373: 11658d0b7216b04f;
2374: 000000000006565e;
2375: 0000000000000000;
2376: 0000000000000000;
2377: 0000000000000000;
2378: a3f804d6061a150e;
2379: 8ac622815d81f40d;
237a: 9b9fa3fae8049188;
237b: 6af9ee76ee71b297;
237c: 000000000006576e;
237d: 0000000000000000;
237e: 0000000000000000;
237f: 0000000000000000;
2380: 02e22f124ac19cac;
2381: c0fe7d1df662bd2c;
2382: 5e7be6b216ead99f;
2383: fdf98a598684308d;
2384: 00000000000680fb;
2385: 0000000000000000;
2386: 0000000000000000;
2387: 0000000000000000;
2388: 2c2ee253dddd588b;
2389: 9fa33ffff781a1ac;
238a: c40bffcb9ce401be;
238b: 26002f24690732bb;
238c: 0000000000060e6b;
238d: 0000000000000000;
238e: 0000000000000000;
238f: 0000000000000000;
2390: 63418ae51ed27a86;
2391: 3944c167f685c3cb;
2392: 8ce9ac8922d4c99d;
2393: a9ec19609b0533c1;
2394: 0000000000060ad8;
2395: 0000000000000000;
2396: 0000000000000000;
2397: 0000000000000000;
2398: 1203fd17dff77690;
2399: e1fd5d01333f844c;
239a: dfa00f407bfa91a2;
239b: 3c08d31af6f2b0a7;
239c: 0000000000059559;
239d: 0000000000000000;
239e: 0000000000000000;
239f: 0000000000000000;
23a0: 2ee8ded9fe17a825;
23a1: e5c2988046713b6d;
23a2: 933962e368cec18c;
23a3: f8f374825f8e313b;
23a4: 000000000007017f;
23a5: 0000000000000000;
23a6: 0000000000000000;
23a7: 0000000000000000;
23a8: f012f6c5f8f6cf53;
23a9: 3f037c7de5d57f8d;
23aa: 9450ffe54b8ad9bd;
23ab: 0fcaec0e49843087;
23ac: 0000000000068790;
23ad: 0000000000000000;
23ae: 0000000000000000;
23af: 0000000000000000;
23b0: d502171bda018757;
23b1: dd887abb1ffd7c0d;
23b2: 634e5f20ba9159ba;
23b3: 08556c7ccd6b301c;
23b4: 0000000000066d7b;
23b5: 0000000000000000;
23b6: 0000000000000000;
23b7: 0000000000000000;
23b8: 1a1d0bd4fbeef179;
23b9: 005a37e1b5bea9ac;
23ba: 4387336fd6c58583;
23bb: 87776587e96db051;
23bc: 00000000000681a1;
23bd: 0000000000000000;
23be: 0000000000000000;
23bf: 0000000000000000;
23c0: 4fb241dd13ec90c7;
23c1: f6482a227d920aa4;
23c2: c8fe844fb2430c89;
23c3: 202e89f64808113e;
23c4: 00000000000227d9;
23c5: 0000000000000000;
23c6: 0000000000000000;
23c7: 8000000000000000;
23c8: 4fb2429113ec90c7;
23c9: f6484ea27d9215a4;
23ca: c90d744fb2417889;
23cb: 216889f64838113e;
23cc: 00000000000227d9;
23cd: 0000000000000000;
23ce: 0000000000000000;
23cf: 8000000000000000;
23d0: f36b1295c936f9d1;
23d1: e651881507a6c06c;
23d2: f4376cefff5eed85;
23d3: 82aa840171ebb78e;
23d4: 0000000000067057;
23d5: 0000000000000000;
23d6: 0000000000000000;
23d7: 0000000000000000;
23d8: f881dece2db8318b;
23d9: c6bec25c435c546c;
23da: a783fbc2eb8ad198;
23db: 01e7f071f24ab72a;
23dc: 00000000000667f0;
23dd: 0000000000000000;
23de: 0000000000000000;
23df: 0000000000000000;
23e0: e98136ed1fc6a394;
23e1: f82814f879607c8b;
23e2: 4c24353b3fa34d9c;
23e3: 0c73a58fe765374f;
23e4: 000000000006fa4b;
23e5: 0000000000000000;
23e6: 0000000000000000;
23e7: 0000000000000000;
23e8: d54dd641c6f1f653;
23e9: dec375bdc434d5ad;
23ea: ec3bafffe767c19d;
23eb: 78787817faf6b7b2;
23ec: 000000000006825f;
23ed: 0000000000000000;
23ee: 0000000000000000;
23ef: 0000000000000000;
23f0: a6fb22ee2af7f212;
23f1: bbfcc5f75df21fad;
23f2: eeb028c45886bd81;
23f3: 08e6169b8747b2d8;
23f4: 000000000006467f;
23f5: 0000000000000000;
23f6: 0000000000000000;
23f7: 0000000000000000;
23f8: ffd1c0a1033932ff;
23f9: fc83fb00635cd8ec;
23fa: 12c34b5fefb45db2;
23fb: 76e6fd0afa7436b7;
23fc: 000000000006ccef;
23fd: 0000000000000000;
23fe: 0000000000000000;
23ff: 0000000000000000;
2400: e50a2bca7a2e3e74;
2401: fc831d2c9ec6672c;
2402: 279b28b8dc978199;
2403: 5ff76fabfcdd36dc;
2404: 000000000006799d;
2405: 0000000000000000;
2406: 0000000000000000;
2407: 0000000000000000;
2408: 9be317d8e903b4ed;
2409: 600057db62bb552d;
240a: 842bf3cc2370d981;
240b: 09757484766fb6f3;
240c: 000000000006d809;
240d: 0000000000000000;
240e: 0000000000000000;
240f: 0000000000000000;
2410: dba218511e1440f9;
2411: a814f445052139cc;
2412: 3147adb38484699d;
2413: 878e966b8d423002;
2414: 000000000006598e;
2415: 0000000000000000;
2416: 0000000000000000;
2417: 0000000000000000;
2418: fa2e50ec32520644;
2419: 085a6476f05fb54b;
241a: c80bf7e03bdaf580;
241b: 93bfecf06b4fb7fb;
241c: 000000000005dcbf;
241d: 0000000000000000;
241e: 0000000000000000;
241f: 0000000000000000;
2420: 02fe591521fefa51;
2421: be63806084abb6cc;
2422: 79cd73df694ca984;
2423: 089d28150016b012;
2424: 0000000000060df7;
2425: 0000000000000000;
2426: 0000000000000000;
2427: 0000000000000000;
2428: e062830baea60d0b;
2429: c120417f8953436c;
242a: 2acfd52affdc259a;
242b: 0e09ed8f5e19b3ac;
242c: 00000000000601bc;
242d: 0000000000000000;
242e: 0000000000000000;
242f: 0000000000000000;
2430: 3f0050eb250659bf;
2431: 591d42007cca374d;
2432: 5012dbec171499be;
2433: 84dc6b85eb1db7bf;
2434: 0000000000069185;
2435: 0000000000000000;
2436: 0000000000000000;
2437: 0000000000000000;
2438: bdcc10b00028a850;
2439: 7a4379b7819f3d4c;
243a: d3bc57b7f6e371bb;
243b: 74625c92dc993404;
243c: 000000000006649b;
243d: 0000000000000000;
243e: 0000000000000000;
243f: 0000000000000000;
2440: 0729fad7d311852d;
2441: 0729c09a7c94ffed;
2442: 04c6f00feea8a99e;
2443: 03d4eb7e4d1a37f8;
2444: 000000000006f37a;
2445: 0000000000000000;
2446: 0000000000000000;
2447: 0000000000000000;
2448: ce02e563edf50ecb;
2449: 59803b03660bd74d;
244a: a807544c12c3c183;
244b: fc5f7614729c3418;
244c: 000000000006f08b;
244d: 0000000000000000;
244e: 0000000000000000;
244f: 0000000000000000;
2450: 6af60980dabd8260;
2451: 5ec1301b57b04c03;
2452: d826036af609806d;
2453: 04c06d5ec1300dab;
2454: 000000000001b57b;
2455: 0000000000000000;
2456: 0000000000000000;
2457: 8000000000000000;
2458: 6af60980dabd8260;
2459: 5ec1301b57b04c03;
245a: d826036af609806d;
245b: 04c06d5ec1300dab;
245c: 000000000001b57b;
245d: 0000000000000000;
245e: 0000000000000000;
245f: 8000000000000000;
2460: 0000000000000040;
2461: 000000000008000f;
2462: 00000001000001e0;
2463: 0000200000003c00;
2464: 0000000000078000;
2465: 0000000000000000;
2466: 0000000000000000;
2467: 0000000000000000;
2468: 0000004000000000;
2469: 000800000000000f;
246a: 00000000000001e0;
246b: 0000000000003c01;
246c: 000000000007a000;
246d: 0000000000000000;
246e: 0000000000000000;
246f: 0000000000000000;
2470: 0000000000000000;
2471: 0000000000000000;
2472: 0000000000000000;
2473: 0000000000000000;
2474: 0000000000000000;
2475: 0000000000000000;
2476: 0000000000000000;
2477: 0000000000000000;
2478: 0000000000000000;
2479: 0000000000000000;
247a: 0000000000000000;
247b: 0000000000000000;
247c: 0000000000000000;
247d: 0000000000000000;
247e: 0000000000000000;
247f: 0000000000000000;
2480: 0000000000000000;
2481: 0000000000000000;
2482: 0000000000000000;
2483: 0000000000000000;
2484: 0000000000000000;
2485: 0000000000000000;
2486: 0000000000000000;
2487: 0000000000000000;
2488: 0000000000000000;
2489: 0000000000000000;
248a: 0000000000000000;
248b: 0000000000000000;
248c: 0000000000000000;
248d: 0000000000000000;
248e: 0000000000000000;
248f: 0000000000000000;
2490: 0000000000000040;
2491: 000000000008000f;
2492: 00000001000001e0;
2493: 0000200000003c00;
2494: 0000000000078000;
2495: 0000000000000000;
2496: 0000000000000000;
2497: 0000000000000000;
2498: 0000004000000000;
2499: 000800000000000f;
249a: 00000000000001e0;
249b: 0000000000003c01;
249c: 000000000007a000;
249d: 0000000000000000;
249e: 0000000000000000;
249f: 0000000000000000;
24a0: 832e550120cb96a6;
24a1: 65cc8e2419729424;
24a2: b973e4832e60b090;
24a3: 33bc9065cade120c;
24a4: 0000000000024197;
24a5: 0000000000000000;
24a6: 0000000000000000;
24a7: 8000000000000000;
24a8: 832e5ccd20cb9753;
24a9: 65cc1a2419728924;
24aa: b97774832e5b0c90;
24ab: 2a209065cb99120c;
24ac: 0000000000024197;
24ad: 0000000000000000;
24ae: 0000000000000000;
24af: 8000000000000000;
24b0: 03c608d8383cb004;
24b1: 5d5dc25f5cd8002a;
24b2: 77ab80775fbfa97e;
24b3: f78a720270852a48;
24b4: 000000000005d379;
24b5: 0000000000000000;
24b6: 0000000000000000;
24b7: 0000000000000000;
24b8: e81fe876a9bc02fa;
24b9: b6629f1e5d9df88b;
24ba: 6843eb3c481a394a;
24bb: 0e723289086a2b55;
24bc: 00000000000509fa;
24bd: 0000000000000000;
24be: 0000000000000000;
24bf: 0000000000000000;
24c0: 4cbdee2b853737c1;
24c1: 2dd57ab899c26baa;
24c2: 43d3904d2a8aad45;
24c3: 991be42508082fd4;
24c4: 000000000005f10d;
24c5: 0000000000000000;
24c6: 0000000000000000;
24c7: 0000000000000000;
24c8: 15e7de3902359ddc;
24c9: 035fa23a569bc46a;
24ca: 0f342f4ebc2ce97c;
24cb: 17946fb787edac8c;
24cc: 000000000005542f;
24cd: 0000000000000000;
24ce: 0000000000000000;
24cf: 0000000000000000;
24d0: 10bb01dc28e3c612;
24d1: df1ea1db3e5522cb;
24d2: 2c4b9937e7803160;
24d3: 778228795a79336c;
24d4: 000000000005e472;
24d5: 0000000000000000;
24d6: 0000000000000000;
24d7: 0000000000000000;
24d8: db33e84ec8cd040d;
24d9: c0da1d3dcc597a8b;
24da: df5bfc13a86ec947;
24db: 316faf935c8c2f00;
24dc: 0000000000049da8;
24dd: 0000000000000000;
24de: 0000000000000000;
24df: 0000000000000000;
24e0: eccff002db76450c;
24e1: 657c7cd6a505438a;
24e2: b75fd74b96402960;
24e3: 9f8507306be52fdf;
24e4: 0000000000050789;
24e5: 0000000000000000;
24e6: 0000000000000000;
24e7: 0000000000000000;
24e8: e6f5dc0cc320b1d4;
24e9: c4430bd5d3d75ecb;
24ea: b2ef450256c50551;
24eb: 17b555727b66af63;
24ec: 0000000000055e5d;
24ed: 0000000000000000;
24ee: 0000000000000000;
24ef: 0000000000000000;
24f0: 19c008ee1ddacefe;
24f1: 3fbc825dc9be614b;
24f2: 34b429c042b85d7f;
24f3: 590188b9cc16aef8;
24f4: 0000000000057512;
24f5: 0000000000000000;
24f6: 0000000000000000;
24f7: 0000000000000000;
24f8: e43d0032b529ec31;
24f9: 297d7e0221dcdf4b;
24fa: 135fd7d87c67917e;
24fb: 8f0205ee85272fb9;
24fc: 000000000005879f;
24fd: 0000000000000000;
24fe: 0000000000000000;
24ff: 0000000000000000;
2500: 7208812de345414a;
2501: c5ff803aa9868269;
2502: f418443bb6d79d7e;
2503: 2003901dd9602c00;
2504: 00000000000527e6;
2505: 0000000000000000;
2506: 0000000000000000;
2507: 0000000000000000;
2508: f7eeee1fe141dddb;
2509: 13dc4a1e5d1adacb;
250a: 584fd1abfb18c15c;
250b: 229ac4df63552fc8;
250c: 000000000004af7d;
250d: 0000000000000000;
250e: 0000000000000000;
250f: 0000000000000000;
2510: 3319faf2f3458933;
2511: 42ff9f1afe56f82a;
2512: 1f528faacb3f3d48;
2513: 1221e28cee14aa2d;
2514: 000000000005cf7c;
2515: 0000000000000000;
2516: 0000000000000000;
2517: 0000000000000000;
2518: d71a633f230e141e;
2519: 9d9ea4202160d64b;
251a: 68f7d86f176ca562;
251b: 8709978d02d9aa81;
251c: 000000000005fb02;
251d: 0000000000000000;
251e: 0000000000000000;
251f: 0000000000000000;
2520: bdc4fafce5dd02e2;
2521: ba5f3b6157dde3ab;
2522: bb6ff11fc283dd60;
2523: 1a14da1ae1f72fa7;
2524: 000000000005f28f;
2525: 0000000000000000;
2526: 0000000000000000;
2527: 0000000000000000;
2528: 5eede0221f13b9bb;
2529: 8360bfb7fcfc7caa;
252a: 2328362bafdc557c;
252b: 808e0e0379f9aba3;
252c: 000000000005de76;
252d: 0000000000000000;
252e: 0000000000000000;
252f: 0000000000000000;
2530: 50e103dc24d58f20;
2531: e1c280979c74e0ca;
2532: 685ef4cf3af74164;
2533: 8e0ff0f96e7bafa8;
2534: 0000000000065dfd;
2535: 0000000000000000;
2536: 0000000000000000;
2537: 0000000000000000;
2538: a02145321def0cfc;
2539: 9e987fc080feb56b;
253a: d023790b19eb517f;
253b: 90899f0e7ddeae3c;
253c: 000000000005fe8d;
253d: 0000000000000000;
253e: 0000000000000000;
253f: 0000000000000000;
2540: 92ebf1f8072611c7;
2541: f09af8c2a2e4eaeb;
2542: bab0084f52706d5d;
2543: 190ef008d9ec2c43;
2544: 000000000005f7ec;
2545: 0000000000000000;
2546: 0000000000000000;
2547: 0000000000000000;
2548: 0b04f20bd4fab2ed;
2549: 251e25f41d40380b;
254a: c6f2a43eb6f7e17e;
254b: f89980e76a7fafb2;
254c: 000000000005ddec;
254d: 0000000000000000;
254e: 0000000000000000;
254f: 0000000000000000;
2550: 52ed07fc23e7eefb;
2551: c3c20178fff7e32b;
2552: 609f5d6acadead60;
2553: 820cd97cf279a84d;
2554: 000000000005ddf3;
2555: 0000000000000000;
2556: 0000000000000000;
2557: 0000000000000000;
2558: 8b370a1d021a3edf;
2559: fc7777023a76d96a;
255a: 571b9d3f51f7455a;
255b: 1487a0d57d6f2ebc;
255c: 0000000000057fb1;
255d: 0000000000000000;
255e: 0000000000000000;
255f: 0000000000000000;
2560: c34106fad3764aae;
2561: f8df9e24abe5680a;
2562: 1f374c0f8ed3a949;
2563: 220f027b6c852c68;
2564: 00000000000591f0;
2565: 0000000000000000;
2566: 0000000000000000;
2567: 0000000000000000;
2568: e0fc0014ec25aef9;
2569: fe3ec89cf9e395ab;
256a: 8816b503bb402964;
256b: 7312f14f6b80afb2;
256c: 0000000000055f70;
256d: 0000000000000000;
256e: 0000000000000000;
256f: 0000000000000000;
2570: f860f2248a4ba022;
2571: 2ac6a11ba71a762a;
2572: 5f0767b497e6d14c;
2573: 83924e8b740ca863;
2574: 000000000005e979;
2575: 0000000000000000;
2576: 0000000000000000;
2577: 0000000000000000;
2578: d9d70b0727bf11f0;
2579: 00bcc009411ff9cc;
257a: 4d33977ff060957f;
257b: 829a959ff95bafbc;
257c: 00000000000581f4;
257d: 0000000000000000;
257e: 0000000000000000;
257f: 0000000000000000;
2580: a7dbdf16f9f1d3ed;
2581: f19fc195775a7aab;
2582: 4af4e02146e6615c;
2583: b3a2d96041e92ae6;
2584: 0000000000055578;
2585: 0000000000000000;
2586: 0000000000000000;
2587: 0000000000000000;
2588: 0049ceef201106b4;
2589: 4177f974415c3d2a;
258a: 2c10068b7058d960;
258b: ea779f7ef7df2f58;
258c: 000000000005420e;
258d: 0000000000000000;
258e: 0000000000000000;
258f: 0000000000000000;
2590: 1f3ef009b1ea8535;
2591: 04a96255b5d4d7ca;
2592: a47b0fb7d7b6894a;
2593: 9dad4f6afaf5ac73;
2594: 000000000005ca11;
2595: 0000000000000000;
2596: 0000000000000000;
2597: 0000000000000000;
2598: 99fe49db3bb52adb;
2599: c2941e6b9c3f5a4b;
259a: 20e820b35560257f;
259b: 079597947f512e88;
259c: 0000000000058412;
259d: 0000000000000000;
259e: 0000000000000000;
259f: 0000000000000000;
25a0: 9cf0df2333e4ddc7;
25a1: 30ba80faba1ee26b;
25a2: 3f14cf3b86f8397c;
25a3: b123fcc6f8e62fb7;
25a4: 0000000000057466;
25a5: 0000000000000000;
25a6: 0000000000000000;
25a7: 0000000000000000;
25a8: b402f504f1ebaebf;
25a9: 0bdc40d04a405c8a;
25aa: 92feb79267cbad49;
25ab: 5f2104655087ac4b;
25ac: 0000000000055e09;
25ad: 0000000000000000;
25ae: 0000000000000000;
25af: 0000000000000000;
25b0: 7f93fdccdeeb9d27;
25b1: 433f855d577f4029;
25b2: d1385b6ee7aa4964;
25b3: a61c54d28c612897;
25b4: 000000000005def8;
25b5: 0000000000000000;
25b6: 0000000000000000;
25b7: 0000000000000000;
25b8: bdff2aea410443f8;
25b9: 42ba3aa9f79edd8b;
25ba: 53938452cccc4160;
25bb: 96920be6775fae9b;
25bc: 000000000005ff0c;
25bd: 0000000000000000;
25be: 0000000000000000;
25bf: 0000000000000000;
25c0: b6275c216a2d4abb;
25c1: 74f7027b7537c52a;
25c2: 979bb6aa667f9d43;
25c3: bda287c2fc922f57;
25c4: 0000000000056573;
25c5: 0000000000000000;
25c6: 0000000000000000;
25c7: 0000000000000000;
25c8: b00f03ee040cceef;
25c9: 405f8608039c844b;
25ca: 4bea27ffa3f3c14d;
25cb: e18369697afc2cf8;
25cc: 0000000000055d0b;
25cd: 0000000000000000;
25ce: 0000000000000000;
25cf: 0000000000000000;
25d0: d600b08160b0d465;
25d1: 3ddffbc260a144a9;
25d2: 346ee44c09dfed77;
25d3: 60f9f7c687312bfb;
25d4: 000000000005f66f;
25d5: 0000000000000000;
25d6: 0000000000000000;
25d7: 0000000000000000;
25d8: 1ee6fe4a36d7fafa;
25d9: d96535764291990b;
25da: 648c47f04e78514b;
25db: 5afa7714860aac37;
25dc: 0000000000051775;
25dd: 0000000000000000;
25de: 0000000000000000;
25df: 0000000000000000;
25e0: 41f42ff70c55ddfe;
25e1: a08140047752910b;
25e2: 37af38f03eb2f95b;
25e3: 720fe7042512afa7;
25e4: 0000000000058816;
25e5: 0000000000000000;
25e6: 0000000000000000;
25e7: 0000000000000000;
25e8: 00efd6a4fa130feb;
25e9: c1118858425d960a;
25ea: 8793233c0be50947;
25eb: 0786261087f5ac37;
25ec: 000000000005f795;
25ed: 0000000000000000;
25ee: 0000000000000000;
25ef: 0000000000000000;
25f0: 8641d9ebbf8be958;
25f1: 3cfcfa86fbc00a89;
25f2: 41fe9990b83f3d7d;
25f3: 60d7ffaa64182bee;
25f4: 000000000005fc87;
25f5: 0000000000000000;
25f6: 0000000000000000;
25f7: 0000000000000000;
25f8: eca6bb0c5dd3e3ff;
25f9: 9b641ad65c551f2b;
25fa: 23d8cb446a3c6160;
25fb: 6bab07ac90bcaf30;
25fc: 000000000004eff4;
25fd: 0000000000000000;
25fe: 0000000000000000;
25ff: 0000000000000000;
2600: 2508430f026ad006;
2601: bf5e65c67b365d0b;
2602: 84064377bb4f317e;
2603: fc50e0ef14a2afe3;
2604: 0000000000057d8e;
2605: 0000000000000000;
2606: 0000000000000000;
2607: 0000000000000000;
2608: 5f13a484cc0bf5f3;
2609: 0fde07d644df094a;
260a: 6fa36ca53c949d5a;
260b: 0606297c89faab12;
260c: 000000000005e805;
260d: 0000000000000000;
260e: 0000000000000000;
260f: 0000000000000000;
2610: c768754eadbfb210;
2611: e29f3a67fa5ecba9;
2612: d16babf90a4ba142;
2613: fc52043fdc9e28a6;
2614: 0000000000058716;
2615: 0000000000000000;
2616: 0000000000000000;
2617: 0000000000000000;
2618: fba7c7112afa0802;
2619: d6a960549d7b57eb;
261a: cbb8efb87f259944;
261b: 7e877d9081a6ab17;
261c: 0000000000058793;
261d: 0000000000000000;
261e: 0000000000000000;
261f: 0000000000000000;
2620: 45f2661df662bf33;
2621: 55e14d68c0db668a;
2622: 1b77582e9f378940;
2623: 204a8f13ebf92f90;
2624: 0000000000055580;
2625: 0000000000000000;
2626: 0000000000000000;
2627: 0000000000000000;
2628: 0033b610e2fcfe05;
2629: a2bba67f035e684b;
262a: ec541c1cf3cc457a;
262b: 007fbe6c8b63aee6;
262c: 00000000000561e5;
262d: 0000000000000000;
262e: 0000000000000000;
262f: 0000000000000000;
2630: fa13e2c7fbb7ee75;
2631: dcfc522cf86667aa;
2632: 2b22c38ee5557d5b;
2633: fe98ed4d0a152b23;
2634: 000000000005cf7f;
2635: 0000000000000000;
2636: 0000000000000000;
2637: 0000000000000000;
2638: d5d0bf45e6ce1813;
2639: ff4142379f9b1caa;
263a: d271fab096508d7e;
263b: 6fd6a99923932b17;
263c: 000000000004c3cf;
263d: 0000000000000000;
263e: 0000000000000000;
263f: 0000000000000000;
2640: 0e1b02b6e24ed1f6;
2641: a1c08603f73abb6b;
2642: 4780282f25e7a57d;
2643: da0a60f1660b2fe3;
2644: 0000000000050f24;
2645: 0000000000000000;
2646: 0000000000000000;
2647: 0000000000000000;
2648: e6c2de87efd0e900;
2649: 60d8299a7fc31b4b;
264a: 83dae76ea1845d63;
264b: 905c2bb675702c67;
264c: 0000000000054615;
264d: 0000000000000000;
264e: 0000000000000000;
264f: 0000000000000000;
2650: a6edf40dcfac1775;
2651: 7dddd6693b02c56a;
2652: c4ff82e6f0b9257e;
2653: 6a906ba87d37aa9b;
2654: 000000000005dc82;
2655: 0000000000000000;
2656: 0000000000000000;
2657: 0000000000000000;
2658: 9794a7375db1514f;
2659: 5e017db51b569dea;
265a: 538dcfc78f4d097b;
265b: 8512f2a5a68c2f24;
265c: 00000000000556ce;
265d: 0000000000000000;
265e: 0000000000000000;
265f: 0000000000000000;
2660: fd0109f4f141e8ea;
2661: 61fd8ac5b73a800c;
2662: 4c6ea367ed9f597c;
2663: 8cde76e4fc00aceb;
2664: 0000000000058015;
2665: 0000000000000000;
2666: 0000000000000000;
2667: 0000000000000000;
2668: 1df2dd9bced5f108;
2669: 84e10e5ac2e1090b;
266a: 8f93dbf8bd94c176;
266b: 89f49d13f07faebf;
266c: 000000000005da89;
266d: 0000000000000000;
266e: 0000000000000000;
266f: 0000000000000000;
2670: a0f41d30c8e20342;
2671: 1c467c2b3740254a;
2672: 60301e565f64e149;
2673: 7a7cf8ac8715ab8c;
2674: 0000000000067507;
2675: 0000000000000000;
2676: 0000000000000000;
2677: 0000000000000000;
2678: 8baf922421d56441;
2679: 38a2a113d97a7f0a;
267a: 3ef5c3aa98b57157;
267b: 1086e18aa1a9aabb;
267c: 00000000000504d2;
267d: 0000000000000000;
267e: 0000000000000000;
267f: 0000000000000000;
2680: e7e908fde147e108;
2681: 1bbd4be31aa0242b;
2682: 93735bf7514c2d7f;
2683: 314df05683f52d27;
2684: 0000000000056c91;
2685: 0000000000000000;
2686: 0000000000000000;
2687: 0000000000000000;
2688: 633baea6b2d8f50b;
2689: a041ce3a7e5dca8a;
268a: 179c30098447e579;
268b: 7b832b77ee81aed4;
268c: 000000000005f303;
268d: 0000000000000000;
268e: 0000000000000000;
268f: 0000000000000000;
2690: 371af7f0efe04a3c;
2691: 9b9d1c5f3e7f20aa;
2692: 0bc4735c001d5577;
2693: 993083f41a8daf78;
2694: 000000000005e872;
2695: 0000000000000000;
2696: 0000000000000000;
2697: 0000000000000000;
2698: aadc90e8a5131a0e;
2699: 4c92019a0a3d17ca;
269a: 978cce5314092d3f;
269b: 0c5a940fffa72940;
269c: 00000000000572d6;
269d: 0000000000000000;
269e: 0000000000000000;
269f: 0000000000000000;
26a0: ddf0c7c91464bb31;
26a1: 5e22a681d89bfa0a;
26a2: ff2c77678717d148;
26a3: 4e518d83f692af9e;
26a4: 0000000000055a1d;
26a5: 0000000000000000;
26a6: 0000000000000000;
26a7: 0000000000000000;
26a8: 09bc1ba30be5f61e;
26a9: 165b0e04858f9acb;
26aa: 047fe3eea0072d49;
26ab: fadf6fbbffffac68;
26ac: 0000000000056e17;
26ad: 0000000000000000;
26ae: 0000000000000000;
26af: 0000000000000000;
26b0: d9fdfa1fedf3435c;
26b1: 008139011f801eca;
26b2: b814832b7f653d76;
26b3: 072073a17c22af88;
26b4: 000000000005fd6b;
26b5: 0000000000000000;
26b6: 0000000000000000;
26b7: 0000000000000000;
26b8: fafcadf5c2f611ff;
26b9: c2fbf855a055010b;
26ba: 33ed04332420e943;
26bb: 8c84db9efb192f98;
26bc: 00000000000573c5;
26bd: 0000000000000000;
26be: 0000000000000000;
26bf: 0000000000000000;
26c0: cec9edede755ff0c;
26c1: 98804bbe98dc614b;
26c2: 7f9366f7eeebe946;
26c3: 005a0cddfeecac5b;
26c4: 000000000005761b;
26c5: 0000000000000000;
26c6: 0000000000000000;
26c7: 0000000000000000;
26c8: 19f7fab8f6e7df12;
26c9: 9b030fe322040c0b;
26ca: 7afc1bd42880397e;
26cb: 087bfd21ee92af44;
26cc: 000000000005e188;
26cd: 0000000000000000;
26ce: 0000000000000000;
26cf: 0000000000000000;
26d0: b5e3f0fffd380e3c;
26d1: 028ae47addd87e2a;
26d2: a457fae78328d956;
26d3: 6d0b62b1fc912c04;
26d4: 0000000000058270;
26d5: 0000000000000000;
26d6: 0000000000000000;
26d7: 0000000000000000;
26d8: f212acdaf3ee050d;
26d9: 247a7c1d7d9e484b;
26da: 54ac6bba83e07542;
26db: 95f74e9a7b92288f;
26dc: 0000000000050b45;
26dd: 0000000000000000;
26de: 0000000000000000;
26df: 0000000000000000;
26e0: d394c929044e0e1f;
26e1: 987f08bdfac1c52a;
26e2: 5b2736ff5f17ad67;
26e3: ac0dff6306792c7f;
26e4: 0000000000057f09;
26e5: 0000000000000000;
26e6: 0000000000000000;
26e7: 0000000000000000;
26e8: 270709ba00f12010;
26e9: 1be368beda7b218b;
26ea: af1087e114578961;
26eb: 7708a36a6a242f5c;
26ec: 0000000000056489;
26ed: 0000000000000000;
26ee: 0000000000000000;
26ef: 0000000000000000;
26f0: 52c4169bddea19d4;
26f1: b30443607826eb2a;
26f2: 8f3cb0a7dbbdc15f;
26f3: 00a079741889283e;
26f4: 000000000005f0f0;
26f5: 0000000000000000;
26f6: 0000000000000000;
26f7: 0000000000000000;
26f8: bf0739e6da9718cb;
26f9: 9eec97ca07d1a28a;
26fa: 3272906ffb872d45;
26fb: fcf6ab8fe2ec2b34;
26fc: 0000000000055180;
26fd: 0000000000000000;
26fe: 0000000000000000;
26ff: 0000000000000000;
2700: fa6a23c9b4d7f078;
2701: 6d62657d7b78cb2a;
2702: 3b1bb440a3f4455d;
2703: f10cf1f70c4aaee3;
2704: 000000000005840f;
2705: 0000000000000000;
2706: 0000000000000000;
2707: 0000000000000000;
2708: 05b017ddf32f0414;
2709: d8c90bd4c205c50b;
270a: 211507c364592d49;
270b: efff5c82737d2fb4;
270c: 0000000000058376;
270d: 0000000000000000;
270e: 0000000000000000;
270f: 0000000000000000;
2710: 17c0efd8f4ecfbed;
2711: 37c15dc997425bcb;
2712: c6cac81767b7ed5f;
2713: a0957c020d8d278f;
2714: 00000000000603f7;
2715: 0000000000000000;
2716: 0000000000000000;
2717: 0000000000000000;
2718: d30affc7e6b60bf3;
2719: 75efb24fa89dcf4b;
271a: a3bfa88b7ed7855f;
271b: 3295a81a415eaef0;
271c: 000000000005676c;
271d: 0000000000000000;
271e: 0000000000000000;
271f: 0000000000000000;
2720: da31e6eee4befc14;
2721: 4c63bba3bf1a03eb;
2722: 82ebf0b93b4ffd48;
2723: 6f0704697a432eee;
2724: 0000000000051fb1;
2725: 0000000000000000;
2726: 0000000000000000;
2727: 0000000000000000;
2728: e0b63db5fd11120a;
2729: 95040941c553c1cb;
272a: 838970ead4884548;
272b: fb74606e0afb2b18;
272c: 0000000000058a86;
272d: 0000000000000000;
272e: 0000000000000000;
272f: 0000000000000000;
2730: 09aaefd413dcd02d;
2731: 5c807eca9905382a;
2732: d48a186350c67d5e;
2733: 3b0ffc1ab9f22401;
2734: 000000000005115a;
2735: 0000000000000000;
2736: 0000000000000000;
2737: 0000000000000000;
2738: e835f6aff688bbac;
2739: 55841c23430123aa;
273a: 7ff08f7e72120560;
273b: 8c0b9d7bd9032bc3;
273c: 000000000005816b;
273d: 0000000000000000;
273e: 0000000000000000;
273f: 0000000000000000;
2740: cd25830404c91b33;
2741: e1e33f8524671baa;
2742: ab5c0bfc6b63754f;
2743: 0e769f8185d92f76;
2744: 0000000000058a92;
2745: 0000000000000000;
2746: 0000000000000000;
2747: 0000000000000000;
2748: c5a16db74c084306;
2749: 1a8414068614588a;
274a: 0aec408f37e68943;
274b: aa65e3d49219aff0;
274c: 0000000000051383;
274d: 0000000000000000;
274e: 0000000000000000;
274f: 0000000000000000;
2750: 43cbe6a410d446d0;
2751: 35e19e4399e15c0a;
2752: 77501f7a36e4c563;
2753: 13238add0582289c;
2754: 00000000000580e7;
2755: 0000000000000000;
2756: 0000000000000000;
2757: 0000000000000000;
2758: f9ed00bfe81aa31f;
2759: ebeb7de43d17730a;
275a: d363a11bc3b74d47;
275b: 50ab3190d868af1c;
275c: 00000000000557e3;
275d: 0000000000000000;
275e: 0000000000000000;
275f: 0000000000000000;
2760: 221cd6f4fddc1469;
2761: 6539bf60409e28cb;
2762: ef8c63d4740bf561;
2763: 80067b0512e7af52;
2764: 0000000000051ebf;
2765: 0000000000000000;
2766: 0000000000000000;
2767: 0000000000000000;
2768: ac9f3088f32e476f;
2769: a1ff8d9ddf1bfbaa;
276a: ed84af2be40af563;
276b: 7e8454779062abe5;
276c: 000000000005fe84;
276d: 0000000000000000;
276e: 0000000000000000;
276f: 0000000000000000;
2770: 10befad41bf615f3;
2771: f91b7d895c5fbc4b;
2772: 4ea32af28f6fd960;
2773: a81efc6d8a09ac5c;
2774: 0000000000060077;
2775: 0000000000000000;
2776: 0000000000000000;
2777: 0000000000000000;
2778: c931feb5f5dcf306;
2779: 24eb1be3db4019cb;
277a: e397f7d8234f7147;
277b: fa248ea3f0052e94;
277c: 000000000005eb74;
277d: 0000000000000000;
277e: 0000000000000000;
277f: 0000000000000000;
2780: 2fead7fc198c0619;
2781: 8cb959c9a2bf05aa;
2782: 56d454590b2c1149;
2783: b25b88ee77f3af0e;
2784: 00000000000539be;
2785: 0000000000000000;
2786: 0000000000000000;
2787: 0000000000000000;
2788: a3f82a8ff3141a0b;
2789: 5fff48653d555c2b;
278a: c59c351f9ba0ad68;
278b: 01f554f4996ca914;
278c: 000000000005831a;
278d: 0000000000000000;
278e: 0000000000000000;
278f: 0000000000000000;
2790: 1090e2b34b04f730;
2791: 9afa9c8ff4fa1dea;
2792: 8acf337e7f7c155f;
2793: 24997c7584832ffc;
2794: 00000000000679f3;
2795: 0000000000000000;
2796: 0000000000000000;
2797: 0000000000000000;
2798: ac64ea9711cef9f4;
2799: f7e89fd89a3cd5ea;
279a: f76c3a881b1f2d41;
279b: 03bcaa304129ab3e;
279c: 00000000000572e1;
279d: 0000000000000000;
279e: 0000000000000000;
279f: 0000000000000000;
27a0: 35d5c3dd45b929d3;
27a1: 46827ec94642fbea;
27a2: 5bc7e0454f6f9548;
27a3: 93d093f47cfb2f57;
27a4: 0000000000051daf;
27a5: 0000000000000000;
27a6: 0000000000000000;
27a7: 0000000000000000;
27a8: ba04fbbc0ce20e15;
27a9: e1a29ce823bec02b;
27aa: bbcc089b57eae167;
27ab: 2361435281f12d4b;
27ac: 0000000000050e9f;
27ad: 0000000000000000;
27ae: 0000000000000000;
27af: 0000000000000000;
27b0: fc9b08a130a43c0a;
27b1: be38c083e45ff7aa;
27b2: 04801fba701ae561;
27b3: 642d01ee48532fcc;
27b4: 0000000000057c6b;
27b5: 0000000000000000;
27b6: 0000000000000000;
27b7: 0000000000000000;
27b8: c8e212f3d442c33b;
27b9: 8ec95f612246d78b;
27ba: 0b83b43b744ae547;
27bb: 5e3c178c68d32f84;
27bc: 0000000000055d66;
27bd: 0000000000000000;
27be: 0000000000000000;
27bf: 0000000000000000;
27c0: 1d299c21e5cbc100;
27c1: 3d22f676de43b7ca;
27c2: defcf36f4868015d;
27c3: 127c16f79e99afaa;
27c4: 000000000005902a;
27c5: 0000000000000000;
27c6: 0000000000000000;
27c7: 0000000000000000;
27c8: b9b737bda28b0b17;
27c9: a0402ac3be7b3aea;
27ca: 2c83c46bcbe40d62;
27cb: 166eebff9d632c59;
27cc: 00000000000509a1;
27cd: 0000000000000000;
27ce: 0000000000000000;
27cf: 0000000000000000;
27d0: d59305925bc01d0d;
27d1: 3f35c00621fc406a;
27d2: c76c16fe836b1961;
27d3: 81a2056780e92ceb;
27d4: 0000000000060675;
27d5: 0000000000000000;
27d6: 0000000000000000;
27d7: 0000000000000000;
27d8: ac0c07c9e139d7d0;
27d9: 4803e2bbbe03be4b;
27da: 0adc185ac433f164;
27db: db3c9932ea1baa90;
27dc: 0000000000054d84;
27dd: 0000000000000000;
27de: 0000000000000000;
27df: 0000000000000000;
27e0: 39fe8e1de300ddae;
27e1: 617e379e5dbed92a;
27e2: 16bc7c042383ed65;
27e3: 2aec878192a02f4b;
27e4: 000000000005882e;
27e5: 0000000000000000;
27e6: 0000000000000000;
27e7: 0000000000000000;
27e8: bdf71bc1f5cb0401;
27e9: 63e5a049bbd83fab;
27ea: d1a024b3a7f47164;
27eb: 095fc603a9ddad44;
27ec: 00000000000576ad;
27ed: 0000000000000000;
27ee: 0000000000000000;
27ef: 0000000000000000;
27f0: f0c3f0a947c93d2d;
27f1: c3f90029bf37ca0a;
27f2: a657a7b6e737bd41;
27f3: 9a988b5f77f02cf8;
27f4: 0000000000067982;
27f5: 0000000000000000;
27f6: 0000000000000000;
27f7: 0000000000000000;
27f8: d34102c7247fe18d;
27f9: 034583743d7bffca;
27fa: 432f64af3fa9515f;
27fb: ee1509106d232be0;
27fc: 000000000005fc21;
27fd: 0000000000000000;
27fe: 0000000000000000;
27ff: 0000000000000000;
2800: 76148ebb00042545;
2801: 41801bbe825c3649;
2802: 3b203343ef3cb961;
2803: 7f68898a84242ee8;
2804: 000000000005832d;
2805: 0000000000000000;
2806: 0000000000000000;
2807: 0000000000000000;
2808: c60fe6d011a4fd15;
2809: 8e09554f4646c08b;
280a: 2cd8605fd0374d4a;
280b: 09f8de807974add4;
280c: 000000000005fc83;
280d: 0000000000000000;
280e: 0000000000000000;
280f: 0000000000000000;
2810: b257bec70937823a;
2811: a97c9f52807826ea;
2812: 401d1fdb8f781d48;
2813: 231705feb4252b0d;
2814: 000000000005fe6b;
2815: 0000000000000000;
2816: 0000000000000000;
2817: 0000000000000000;
2818: 10f376e4c9f33302;
2819: d0c4e5ee02848eeb;
281a: c028202faf9b0d5f;
281b: 176ffd6d0b142c12;
281c: 00000000000578db;
281d: 0000000000000000;
281e: 0000000000000000;
281f: 0000000000000000;
2820: 14d238ecf8ed159d;
2821: 88d29798de53bf0b;
2822: 033c2c5bf10bd557;
2823: 96275ca548203028;
2824: 000000000004c84b;
2825: 0000000000000000;
2826: 0000000000000000;
2827: 0000000000000000;
2828: 76a206e91d084a2e;
2829: 4c82c3189a56508a;
282a: 3c6bd6b0275e5542;
282b: 8652ea091022aba8;
282c: 0000000000052a6c;
282d: 0000000000000000;
282e: 0000000000000000;
282f: 0000000000000000;
2830: 4617d1e04320dd0c;
2831: a53d83359f19beaa;
2832: 2348f719cef21966;
2833: 21126ce38b0fab67;
2834: 000000000005fae6;
2835: 0000000000000000;
2836: 0000000000000000;
2837: 0000000000000000;
2838: 26e87b0eaf122019;
2839: 75ed08af20bc42eb;
283a: 880c3077eb22d556;
283b: 205e8cea8b7cafe7;
283c: 00000000000525e9;
283d: 0000000000000000;
283e: 0000000000000000;
283f: 0000000000000000;
2840: 2004150adcea17a1;
2841: 28d796999dfc050b;
2842: cab598d934e8c164;
2843: 2674618b78d8a845;
2844: 0000000000057c70;
2845: 0000000000000000;
2846: 0000000000000000;
2847: 0000000000000000;
2848: 5cd1f700e3192edf;
2849: e37e7f5cf73f1e6b;
284a: 2773fb73e50fa57f;
284b: 965d047f81fcafef;
284c: 0000000000059862;
284d: 0000000000000000;
284e: 0000000000000000;
284f: 0000000000000000;
2850: 5803ebef3efde911;
2851: 21401cb0fe503eca;
2852: 4fd44b248b5ec54b;
2853: 94fd545d948fac4f;
2854: 000000000005eb73;
2855: 0000000000000000;
2856: 0000000000000000;
2857: 0000000000000000;
2858: 35167a4f86e3e1f4;
2859: d8e8c0a67f00dfaa;
285a: fc386c63cbd68d7c;
285b: 75df95ea0180ac6b;
285c: 00000000000535ef;
285d: 0000000000000000;
285e: 0000000000000000;
285f: 0000000000000000;
2860: 390c001bec00aac5;
2861: e5bb3a3cff19e4ca;
2862: 6fc490a470d3956b;
2863: b4f47f755b0c2c21;
2864: 0000000000057e83;
2865: 0000000000000000;
2866: 0000000000000000;
2867: 0000000000000000;
2868: 52ef02208f2e9ba4;
2869: 5d011680581d858a;
286a: bb8d00240cc49940;
286b: 16e004fb0300af92;
286c: 00000000000582e4;
286d: 0000000000000000;
286e: 0000000000000000;
286f: 0000000000000000;
2870: c8f711f8172a8bf0;
2871: 03803a53a46152ca;
2872: d417c7c1342f4d4c;
2873: 1db691f520212f6f;
2874: 000000000005fd04;
2875: 0000000000000000;
2876: 0000000000000000;
2877: 0000000000000000;
2878: e7237be9e62375fe;
2879: 9b25864bdd3cdbab;
287a: cc1bcc0fc4002d41;
287b: 04fa0e497d2a2f36;
287c: 0000000000053f96;
287d: 0000000000000000;
287e: 0000000000000000;
287f: 0000000000000000;
2880: 000103be0cdd17e5;
2881: e477ff43e39d7fcb;
2882: 437d14332133b578;
2883: 0eda57b774692cf4;
2884: 00000000000512e0;
2885: 0000000000000000;
2886: 0000000000000000;
2887: 0000000000000000;
2888: eb13e0d61756fc20;
2889: a47dc517df3dd68a;
288a: abbeeeb813fbf57e;
288b: feda8afcf491af9b;
288c: 0000000000051ec9;
288d: 0000000000000000;
288e: 0000000000000000;
288f: 0000000000000000;
2890: 46d1001d3706ebba;
2891: 02014257a11dd60a;
2892: 23d83365bb5f7967;
2893: 0dac7ff07c872fdb;
2894: 0000000000058e9a;
2895: 0000000000000000;
2896: 0000000000000000;
2897: 0000000000000000;
2898: 011c7f12a20e5eff;
2899: 018aa6af9f1555ab;
289a: 80ecccc7f010ed41;
289b: 978492c28e01aac6;
289c: 0000000000052e0f;
289d: 0000000000000000;
289e: 0000000000000000;
289f: 0000000000000000;
28a0: 310cf6c90cdb76d1;
28a1: ccb373e4be3c246a;
28a2: 73c920ab86e71558;
28a3: 935d729271e7ac24;
28a4: 00000000000589ec;
28a5: 0000000000000000;
28a6: 0000000000000000;
28a7: 0000000000000000;
28a8: 471ae029ea5223e6;
28a9: 1cfd887499787cab;
28aa: c80faea78db36d7d;
28ab: 0ec62ef8fa97affe;
28ac: 00000000000514c1;
28ad: 0000000000000000;
28ae: 0000000000000000;
28af: 0000000000000000;
28b0: 69fdea2438d0dae6;
28b1: 9c3fe2f23cba560a;
28b2: ac30af315f7b8d49;
28b3: 342a520fa1ef2c07;
28b4: 0000000000051527;
28b5: 0000000000000000;
28b6: 0000000000000000;
28b7: 0000000000000000;
28b8: f9276e0ec8d9fccb;
28b9: 622d4844c43d38ab;
28ba: 987c7ce7974fa95d;
28bb: 808183dbfe05287e;
28bc: 0000000000053004;
28bd: 0000000000000000;
28be: 0000000000000000;
28bf: 0000000000000000;
28c0: f42d8135ecd32dd7;
28c1: 22f71ba47df7c429;
28c2: 1f08c3f07763514a;
28c3: 206b7a72d35e28b1;
28c4: 0000000000057f04;
28c5: 0000000000000000;
28c6: 0000000000000000;
28c7: 0000000000000000;
28c8: 3a44da3bd43ddbc8;
28c9: d2c55e57955dc10b;
28ca: 67e87affa88be95d;
28cb: b64124f30017afa2;
28cc: 0000000000051475;
28cd: 0000000000000000;
28ce: 0000000000000000;
28cf: 0000000000000000;
28d0: e9ff2705f3c7aab7;
28d1: d40d1599044ed84a;
28d2: 74430f75307ae127;
28d3: 153b1ae59962af6f;
28d4: 0000000000056159;
28d5: 0000000000000000;
28d6: 0000000000000000;
28d7: 0000000000000000;
28d8: d00670e4f90dd3e8;
28d9: 41c4de3d267bb2ab;
28da: 980fcff7dc908140;
28db: f2f772e9671baf42;
28dc: 0000000000053412;
28dd: 0000000000000000;
28de: 0000000000000000;
28df: 0000000000000000;
28e0: b447f81be7cb1439;
28e1: 9e93f66c236d99ca;
28e2: d7b85813f954893e;
28e3: 71546d975c98ad57;
28e4: 0000000000057f4e;
28e5: 0000000000000000;
28e6: 0000000000000000;
28e7: 0000000000000000;
28e8: 132ad2f70a4cfe1b;
28e9: 19d24ad09a84150b;
28ea: 7ec84bb3f1254d5d;
28eb: f484717aab11afa8;
28ec: 0000000000057166;
28ed: 0000000000000000;
28ee: 0000000000000000;
28ef: 0000000000000000;
28f0: 34ef2df8e1d6d3a8;
28f1: bd435d1dfd4036aa;
28f2: 9833daf127feed64;
28f3: 73aa858edceb2fdf;
28f4: 0000000000058502;
28f5: 0000000000000000;
28f6: 0000000000000000;
28f7: 0000000000000000;
28f8: f0034c05ebf243f1;
28f9: 63a0c11b843af3ec;
28fa: 19341babb8d48541;
28fb: 069f7d59f509ab1e;
28fc: 0000000000052883;
28fd: 0000000000000000;
28fe: 0000000000000000;
28ff: 0000000000000000;
2900: f407e0dcfa003661;
2901: 39191082e0827bab;
2902: 337ca9caf7847d5b;
2903: 89e94d92e1e02b40;
2904: 0000000000050cc2;
2905: 0000000000000000;
2906: 0000000000000000;
2907: 0000000000000000;
2908: 4e2fbb0bff34f603;
2909: 955ca8357f7a7f4b;
290a: 03fb5f73a117d161;
290b: fc648e77f309afd0;
290c: 0000000000055aef;
290d: 0000000000000000;
290e: 0000000000000000;
290f: 0000000000000000;
2910: 64051e05e5b9ccf8;
2911: 56271f393c04752a;
2912: 94fce26927db215f;
2913: 148880171148abc7;
2914: 00000000000587fb;
2915: 0000000000000000;
2916: 0000000000000000;
2917: 0000000000000000;
2918: f70d420dfae9f3e4;
2919: 688524776135f70c;
291a: 2058482b9b2f7541;
291b: 75fbdbf0d48f293e;
291c: 0000000000050802;
291d: 0000000000000000;
291e: 0000000000000000;
291f: 0000000000000000;
2920: 1501fb0912f91b48;
2921: 979dbc5e43001fab;
2922: 76f3a85fdf403d66;
2923: 9a1067eddcef2ca0;
2924: 0000000000057146;
2925: 0000000000000000;
2926: 0000000000000000;
2927: 0000000000000000;
2928: 4f64bf10ee29c214;
2929: 1145169904c25e8b;
292a: 32c596bb4dc25d45;
292b: a5d08d79727aa4f3;
292c: 000000000005058e;
292d: 0000000000000000;
292e: 0000000000000000;
292f: 0000000000000000;
2930: 832e626120cb9805;
2931: 65cb01241972f184;
2932: b95a74832e600090;
2933: 33969065cc55120c;
2934: 0000000000024197;
2935: 0000000000000000;
2936: 0000000000000000;
2937: 8000000000000000;
2938: 832e57fd20cb94ca;
2939: 65caf5a41972e2c4;
293a: b992a4832e62b490;
293b: 340a9065cc41120c;
293c: 0000000000024197;
293d: 0000000000000000;
293e: 0000000000000000;
293f: 8000000000000000;
2940: 0e06f1e70c78d80e;
2941: 1cc0350112609e0b;
2942: 9cb3a8388bae997b;
2943: 998b7c30aff52ff7;
2944: 0000000000050cd8;
2945: 0000000000000000;
2946: 0000000000000000;
2947: 0000000000000000;
2948: 3b00232904e9b922;
2949: fbc0bd6324ba984b;
294a: f38d1028b847ed74;
294b: 78e565dd058aac3f;
294c: 000000000005fd87;
294d: 0000000000000000;
294e: 0000000000000000;
294f: 0000000000000000;
2950: b8651fc38965f59d;
2951: fc6edf5d4b81024a;
2952: 97037c249407c958;
2953: 5a07ea528108ac8b;
2954: 000000000005837f;
2955: 0000000000000000;
2956: 0000000000000000;
2957: 0000000000000000;
2958: 06e820de2155ecc9;
2959: e05783a71e1a85ab;
295a: 64b03bccc188fd7c;
295b: a20d70777f1e2c1c;
295c: 0000000000051425;
295d: 0000000000000000;
295e: 0000000000000000;
295f: 0000000000000000;
2960: 6614a2cb4ee78525;
2961: 3d42d1c599fe61a9;
2962: 3473b48fe4ea897c;
2963: 96170c312e76ac10;
2964: 00000000000532fb;
2965: 0000000000000000;
2966: 0000000000000000;
2967: 0000000000000000;
2968: 4c57dfe81ff32a2c;
2969: 3718fb240879990a;
296a: 239d04504baff178;
296b: 150d5713fee6ac18;
296c: 00000000000584fd;
296d: 0000000000000000;
296e: 0000000000000000;
296f: 0000000000000000;
2970: da1c12f6bbf3eff5;
2971: 7f825af4ccdc37ab;
2972: 7682bb74bc87d158;
2973: dc0376d4f878a803;
2974: 000000000005f2ed;
2975: 0000000000000000;
2976: 0000000000000000;
2977: 0000000000000000;
2978: 18caffdee5a8f9d3;
2979: 5db865c926c0440b;
297a: 4c744c1bad508978;
297b: 95777beb152e2fac;
297c: 000000000005229c;
297d: 0000000000000000;
297e: 0000000000000000;
297f: 0000000000000000;
2980: 3c33ee011eb6f700;
2981: 85ff304be2dfc5eb;
2982: 4b3c5f1af5bbc154;
2983: e7f6916f19d729dc;
2984: 0000000000058163;
2985: 0000000000000000;
2986: 0000000000000000;
2987: 0000000000000000;
2988: 215bc6f043ea6221;
2989: 3b9c7bc4887ee02a;
298a: 7ec9c37c4b902162;
298b: 888bf32d8055aaf8;
298c: 000000000005e8fe;
298d: 0000000000000000;
298e: 0000000000000000;
298f: 0000000000000000;
2990: ef14f538bbe5dc26;
2991: 3678bb782638a14b;
2992: b7920730970f9159;
2993: dc15e57c85842667;
2994: 0000000000050afa;
2995: 0000000000000000;
2996: 0000000000000000;
2997: 0000000000000000;
2998: 34ee9cf3af8e4702;
2999: 5f3ba328c7451faa;
299a: 108498709bac557f;
299b: 07ff04001f242a6d;
299c: 00000000000526d2;
299d: 0000000000000000;
299e: 0000000000000000;
299f: 0000000000000000;
29a0: e2f0fe1ff175c909;
29a1: 15b9128e2338e20b;
29a2: ec8825e918670545;
29a3: 8b2a7035320aa8bc;
29a4: 00000000000564fb;
29a5: 0000000000000000;
29a6: 0000000000000000;
29a7: 0000000000000000;
29a8: 3a14f3e135889826;
29a9: 7f5e401f3e9f5caa;
29aa: e3e98ba908282d75;
29ab: 8a07d5f37f042850;
29ac: 000000000005fae5;
29ad: 0000000000000000;
29ae: 0000000000000000;
29af: 0000000000000000;
29b0: dc2d43bdd851ea28;
29b1: e3895a3de21bdfc9;
29b2: 331703c81bb3b17d;
29b3: ee815a78800a2fc0;
29b4: 00000000000588f9;
29b5: 0000000000000000;
29b6: 0000000000000000;
29b7: 0000000000000000;
29b8: f80fd9c6cc452cd4;
29b9: 0a33c9ad75d72a2b;
29ba: e087dba83dbc395b;
29bb: 07f7700f812dafc7;
29bc: 0000000000057614;
29bd: 0000000000000000;
29be: 0000000000000000;
29bf: 0000000000000000;
29c0: f1cfef0cf5febd09;
29c1: 9b21b7a93e3d648b;
29c2: 585bf4a830b2d17e;
29c3: 8789ee2710032fdc;
29c4: 0000000000058892;
29c5: 0000000000000000;
29c6: 0000000000000000;
29c7: 0000000000000000;
29c8: cd78a9d19e9e9671;
29c9: 1c17be7dbb97f929;
29ca: 2c88f7703f845d5a;
29cb: 9ca95290ee132b69;
29cc: 000000000005f76f;
29cd: 0000000000000000;
29ce: 0000000000000000;
29cf: 0000000000000000;
29d0: 1afa12f8b502df04;
29d1: 276dd5135bbe004b;
29d2: b79e578cdbfb2950;
29d3: 5b8e6ff5757d2fbb;
29d4: 00000000000585eb;
29d5: 0000000000000000;
29d6: 0000000000000000;
29d7: 0000000000000000;
29d8: 1ff1e1b3b8c750c4;
29d9: a97bafec49b7ab4b;
29da: d85b836f81407d58;
29db: 006df90c84b12f7f;
29dc: 0000000000056e80;
29dd: 0000000000000000;
29de: 0000000000000000;
29df: 0000000000000000;
29e0: 22eeeff908b7f207;
29e1: 285d916be1d8e0eb;
29e2: c817e467a5137956;
29e3: f47d6a8b18cda8c7;
29e4: 000000000005786f;
29e5: 0000000000000000;
29e6: 0000000000000000;
29e7: 0000000000000000;
29e8: 26b2eef92f8d2116;
29e9: bbd3fa1978f5c00a;
29ea: 3c2c9edab02fa143;
29eb: 08996e167785ab48;
29ec: 000000000005dd77;
29ed: 0000000000000000;
29ee: 0000000000000000;
29ef: 0000000000000000;
29f0: 070b141bb00de70d;
29f1: 5e47f21d8181852b;
29f2: 6c1aefa404338d51;
29f3: 4913f85d811dafb4;
29f4: 00000000000506e0;
29f5: 0000000000000000;
29f6: 0000000000000000;
29f7: 0000000000000000;
29f8: 2110d8cddfa81df8;
29f9: cff8ac8d06da476b;
29fa: cfd3375872f05d5e;
29fb: e50105fb92a3aa5e;
29fc: 0000000000057577;
29fd: 0000000000000000;
29fe: 0000000000000000;
29ff: 0000000000000000;
2a00: b7ec120ae220bc1d;
2a01: 451b1f4689c0838b;
2a02: bc53c136f532a968;
2a03: f479fdd633da2816;
2a04: 0000000000054f91;
2a05: 0000000000000000;
2a06: 0000000000000000;
2a07: 0000000000000000;
2a08: 00e105f32896aafe;
2a09: 867a4272ff46698a;
2a0a: 9087a36957b89557;
2a0b: 049c848658ac2859;
2a0c: 0000000000056cda;
2a0d: 0000000000000000;
2a0e: 0000000000000000;
2a0f: 0000000000000000;
2a10: f019eed5288248f9;
2a11: c9c5fc801bc122ea;
2a12: 152ef3aec3efb57c;
2a13: 6b81cd358e132b20;
2a14: 0000000000051a80;
2a15: 0000000000000000;
2a16: 0000000000000000;
2a17: 0000000000000000;
2a18: fbd14cc2bd0707de;
2a19: ed795b4588a1b58a;
2a1a: a58b8bd12543895c;
2a1b: 6a9a751f14612bd2;
2a1c: 000000000004c8ec;
2a1d: 0000000000000000;
2a1e: 0000000000000000;
2a1f: 0000000000000000;
2a20: d1cb071fede6ae14;
2a21: 401dd4841f3b43ab;
2a22: c0278083219ab149;
2a23: 1305c8962a072ac7;
2a24: 0000000000055fb2;
2a25: 0000000000000000;
2a26: 0000000000000000;
2a27: 0000000000000000;
2a28: a11b59ead39cdf1b;
2a29: 66fadc761823c66a;
2a2a: 28ab1b6d851bb148;
2a2b: 818c707a5e9f2b25;
2a2c: 000000000005f777;
2a2d: 0000000000000000;
2a2e: 0000000000000000;
2a2f: 0000000000000000;
2a30: d81d02b882c3f73f;
2a31: 07aa7f1b56667f6a;
2a32: f092d7d450536178;
2a33: 468590a806e82f8f;
2a34: 000000000005285f;
2a35: 0000000000000000;
2a36: 0000000000000000;
2a37: 0000000000000000;
2a38: 3bb904d5eff3fff1;
2a39: 25576a81ee77214b;
2a3a: fceeea53f50b9157;
2a3b: 61199b8c9c932832;
2a3c: 0000000000054d6d;
2a3d: 0000000000000000;
2a3e: 0000000000000000;
2a3f: 0000000000000000;
2a40: d79e233fcd02a4f8;
2a41: a821b83f76b17f6a;
2a42: 9f0412ebf958595c;
2a43: f607677716f0281f;
2a44: 000000000005df7c;
2a45: 0000000000000000;
2a46: 0000000000000000;
2a47: 0000000000000000;
2a48: 02dd331d0fd162e8;
2a49: 2052f9b3b7022bea;
2a4a: b39c02d47d927d46;
2a4b: 1210fbce62322803;
2a4c: 0000000000055d09;
2a4d: 0000000000000000;
2a4e: 0000000000000000;
2a4f: 0000000000000000;
2a50: ad0031d89f04ba12;
2a51: bb69373835897c2a;
2a52: 30f6b857044c3955;
2a53: 6afeaf8505082ac0;
2a54: 00000000000501ea;
2a55: 0000000000000000;
2a56: 0000000000000000;
2a57: 0000000000000000;
2a58: de02f98de50de915;
2a59: 7f1f05bce296a64b;
2a5a: 303ae346decfd17b;
2a5b: 6a889b7b0e7c2b87;
2a5c: 000000000005de85;
2a5d: 0000000000000000;
2a5e: 0000000000000000;
2a5f: 0000000000000000;
2a60: 04df000208db9ee9;
2a61: 5b1c3dc280e6c3ea;
2a62: 342f1fd7d04d4948;
2a63: 916ef2e9066eaf60;
2a64: 000000000005ddff;
2a65: 0000000000000000;
2a66: 0000000000000000;
2a67: 0000000000000000;
2a68: 8fdf2fa1b750a562;
2a69: 4082699f816b26e9;
2a6a: 237bd5eb39d7fd5f;
2a6b: fbfede8343a1a835;
2a6c: 0000000000051381;
2a6d: 0000000000000000;
2a6e: 0000000000000000;
2a6f: 0000000000000000;
2a70: 14f1ecb6e1f61ed9;
2a71: dd81a21c43961f6b;
2a72: a774397802c04162;
2a73: dc778d080f792833;
2a74: 0000000000058887;
2a75: 0000000000000000;
2a76: 0000000000000000;
2a77: 0000000000000000;
2a78: 9c13d263a6de212d;
2a79: 3c847ef86b1c16eb;
2a7a: 3bccc397bf69257d;
2a7b: 05e60b5e039a2c7c;
2a7c: 000000000005a377;
2a7d: 0000000000000000;
2a7e: 0000000000000000;
2a7f: 0000000000000000;
2a80: 334ef2310c9aa802;
2a81: e1daa05362c127aa;
2a82: d057402777fd1549;
2a83: a3877bf6e3d7ac2b;
2a84: 0000000000056785;
2a85: 0000000000000000;
2a86: 0000000000000000;
2a87: 0000000000000000;
2a88: 1de1aebd1923d300;
2a89: 1df5c83374ffda4a;
2a8a: cc24285f5d104141;
2a8b: 0d0b8021e4032cb0;
2a8c: 0000000000058e90;
2a8d: 0000000000000000;
2a8e: 0000000000000000;
2a8f: 0000000000000000;
2a90: 169fd584a4bf55cf;
2a91: 8101807f45f0600a;
2a92: cf242c782e8ffd61;
2a93: dce41a827c822fce;
2a94: 000000000005f1ec;
2a95: 0000000000000000;
2a96: 0000000000000000;
2a97: 0000000000000000;
2a98: d5fce16594fd463d;
2a99: 3c4060f7c7d6326b;
2a9a: 173c700457652d7b;
2a9b: 1cf27a69f41baff9;
2a9c: 000000000005ae86;
2a9d: 0000000000000000;
2a9e: 0000000000000000;
2a9f: 0000000000000000;
2aa0: 356f4662d1fae733;
2aa1: 2855809465a65e4a;
2aa2: 7cd8584bdfc0ed4a;
2aa3: 7d15f06d79d72876;
2aa4: 000000000005f216;
2aa5: 0000000000000000;
2aa6: 0000000000000000;
2aa7: 0000000000000000;
2aa8: 0ce813d0e922b1c3;
2aa9: a0510012914172cb;
2aaa: 7d42fc4fbd33455d;
2aab: 1c987427d76e28a8;
2aac: 00000000000575a3;
2aad: 0000000000000000;
2aae: 0000000000000000;
2aaf: 0000000000000000;
2ab0: 0094f7e1e3bf41ec;
2ab1: 61f6bfe186b61f4a;
2ab2: 939c6c6426a3897e;
2ab3: 72f91b0de107afbb;
2ab4: 000000000005dee0;
2ab5: 0000000000000000;
2ab6: 0000000000000000;
2ab7: 0000000000000000;
2ab8: 281c062de1f5470d;
2ab9: 213c7e1cc71996ab;
2aba: 07a61fdfdee9f17a;
2abb: 2c7f017e7608ab31;
2abc: 00000000000592fa;
2abd: 0000000000000000;
2abe: 0000000000000000;
2abf: 0000000000000000;
2ac0: e7f71afb49f9d827;
2ac1: 5cbc79175f94c94b;
2ac2: e80b3c0a447cd149;
2ac3: 02e5037c49e92825;
2ac4: 0000000000056790;
2ac5: 0000000000000000;
2ac6: 0000000000000000;
2ac7: 0000000000000000;
2ac8: d8b7d2b50f44ec0d;
2ac9: 01e2efa725c63bcb;
2aca: 13c77d1b549f852a;
2acb: 7a218c33bfb9ac28;
2acc: 000000000004c0e8;
2acd: 0000000000000000;
2ace: 0000000000000000;
2acf: 0000000000000000;
2ad0: f301ecb9e9f1fafc;
2ad1: bf7dfb7e6796bf8c;
2ad2: 97de6c700ba7ad61;
2ad3: 63da7b7a087f28da;
2ad4: 000000000005957c;
2ad5: 0000000000000000;
2ad6: 0000000000000000;
2ad7: 0000000000000000;
2ad8: bbd6f55cf6301330;
2ad9: 996942db0f469a6b;
2ada: db6db8387aa96d67;
2adb: a38b7b76169ca8b3;
2adc: 0000000000059bfe;
2add: 0000000000000000;
2ade: 0000000000000000;
2adf: 0000000000000000;
2ae0: 06f0230e77e2bc29;
2ae1: bc41a2756219a82b;
2ae2: 3c2fb0a21bf82561;
2ae3: 890488fb5f84a969;
2ae4: 0000000000058b02;
2ae5: 0000000000000000;
2ae6: 0000000000000000;
2ae7: 0000000000000000;
2ae8: 35ddd4b60319e429;
2ae9: c61a03b6da1d7a8b;
2aea: ebb7551ee080254e;
2aeb: 011810298c012c87;
2aec: 000000000005f07d;
2aed: 0000000000000000;
2aee: 0000000000000000;
2aef: 0000000000000000;
2af0: effce8beedf1fc06;
2af1: a25ef91dc8731fec;
2af2: 47cf1437e7475564;
2af3: 614c0d0503872ffa;
2af4: 000000000005f0e8;
2af5: 0000000000000000;
2af6: 0000000000000000;
2af7: 0000000000000000;
2af8: eaf1fb4ef1fa2673;
2af9: 5ac2029e0a69176b;
2afa: 7ae11bc0b66c8564;
2afb: a88b737b1585ab21;
2afc: 000000000005aa87;
2afd: 0000000000000000;
2afe: 0000000000000000;
2aff: 0000000000000000;
2b00: 14f150283802d02c;
2b01: c01e62147ffae38b;
2b02: 1768cb3f540b1964;
2b03: 0caaea4a5f4829d4;
2b04: 000000000005617f;
2b05: 0000000000000000;
2b06: 0000000000000000;
2b07: 0000000000000000;
2b08: 6ddf23a0acc9e5cf;
2b09: 643e1eb7dce0376a;
2b0a: 89537d62e0676d65;
2b0b: 0c047f21fc06284c;
2b0c: 000000000005ee74;
2b0d: 0000000000000000;
2b0e: 0000000000000000;
2b0f: 0000000000000000;
2b10: bfe5aba2eaaf1451;
2b11: 045b19610475616a;
2b12: 203ad5a4567b3165;
2b13: ef4f9c927c84a816;
2b14: 000000000005d7e5;
2b15: 0000000000000000;
2b16: 0000000000000000;
2b17: 0000000000000000;
2b18: 2490b83c69f33872;
2b19: dc2237a10a4ff2aa;
2b1a: 5b06f0178774854c;
2b1b: 290af9050676aae1;
2b1c: 0000000000059a79;
2b1d: 0000000000000000;
2b1e: 0000000000000000;
2b1f: 0000000000000000;
2b20: 1bdf0ff1470518f1;
2b21: 5f240537e136a9ab;
2b22: 826c8bf3cf17155b;
2b23: dbfa8ca5566fab3c;
2b24: 0000000000050da8;
2b25: 0000000000000000;
2b26: 0000000000000000;
2b27: 0000000000000000;
2b28: 8cbcd3dfee230235;
2b29: 455c66ab251f1ecb;
2b2a: 96ab2557dc046555;
2b2b: fa2c7bada06fabb4;
2b2c: 0000000000057458;
2b2d: 0000000000000000;
2b2e: 0000000000000000;
2b2f: 0000000000000000;
2b30: bbeef501e3fae740;
2b31: 67bdd7a20934d40b;
2b32: be2eb04fece3b557;
2b33: 5de50d5ded112790;
2b34: 0000000000055d85;
2b35: 0000000000000000;
2b36: 0000000000000000;
2b37: 0000000000000000;
2b38: 21b94c7d281bde5a;
2b39: fae83b82e3075eca;
2b3a: 53193750c73c297d;
2b3b: 2c067785e153aba7;
2b3c: 00000000000533b1;
2b3d: 0000000000000000;
2b3e: 0000000000000000;
2b3f: 0000000000000000;
2b40: 0de002fc41fc02fd;
2b41: 9e2725170098e86c;
2b42: 374050279f3a957c;
2b43: 707c898cdb88ac28;
2b44: 0000000000059591;
2b45: 0000000000000000;
2b46: 0000000000000000;
2b47: 0000000000000000;
2b48: db05cbd3eefabe0d;
2b49: 8f8083632504808b;
2b4a: c286c1229fb5095f;
2b4b: 848d903235772b7a;
2b4c: 000000000005f1f4;
2b4d: 0000000000000000;
2b4e: 0000000000000000;
2b4f: 0000000000000000;
2b50: 8dd1bf14f9c8c33a;
2b51: 80dcd8bd89189e2a;
2b52: 83e0502c27f2d17d;
2b53: cacb8afd9c0faeef;
2b54: 0000000000055a7e;
2b55: 0000000000000000;
2b56: 0000000000000000;
2b57: 0000000000000000;
2b58: f3f726f747d1bb7f;
2b59: 3a04dbc4c3ed5b2a;
2b5a: 6fe5335803b02560;
2b5b: 9081f50075542ef4;
2b5c: 0000000000058993;
2b5d: 0000000000000000;
2b5e: 0000000000000000;
2b5f: 0000000000000000;
2b60: 27b26608733bc10a;
2b61: 82c82097c5b1bfca;
2b62: f340ef93db62d55b;
2b63: 7c73ee48d5f6ac17;
2b64: 000000000005136a;
2b65: 0000000000000000;
2b66: 0000000000000000;
2b67: 0000000000000000;
2b68: 23f9c4f7bea3cdbd;
2b69: cdc4873ec662a26a;
2b6a: c86c24a6dbed9d44;
2b6b: 168f0aaf1e7aaa47;
2b6c: 000000000005e86e;
2b6d: 0000000000000000;
2b6e: 0000000000000000;
2b6f: 0000000000000000;
2b70: a4fccb0218f3ed10;
2b71: 2218f4da6000c10b;
2b72: 5b6c79f078d21159;
2b73: ef5883889193aa97;
2b74: 000000000005e4fa;
2b75: 0000000000000000;
2b76: 0000000000000000;
2b77: 0000000000000000;
2b78: 45c2aff376e8dc59;
2b79: de801684602b1c2a;
2b7a: 7c0bde8f5ab02561;
2b7b: 037c018a88dbab6c;
2b7c: 000000000005fb7b;
2b7d: 0000000000000000;
2b7e: 0000000000000000;
2b7f: 0000000000000000;
2b80: febedd1dc70433a4;
2b81: 1e08e1a59e02a62a;
2b82: 006f6f9c5f8ab979;
2b83: e4fb82ff24812c58;
2b84: 00000000000580f5;
2b85: 0000000000000000;
2b86: 0000000000000000;
2b87: 0000000000000000;
2b88: 162c47d11ced17cf;
2b89: 979cf8fdbb9ce40b;
2b8a: 4550eb6cb8173950;
2b8b: 84b80f684feca82c;
2b8c: 0000000000056210;
2b8d: 0000000000000000;
2b8e: 0000000000000000;
2b8f: 0000000000000000;
2b90: 240dfe1fb49fec09;
2b91: 79219e3b61e2f4ea;
2b92: f3f0812823706d61;
2b93: b09223c1b9bdaf5f;
2b94: 0000000000051207;
2b95: 0000000000000000;
2b96: 0000000000000000;
2b97: 0000000000000000;
2b98: 12dafd2cb5f82fe4;
2b99: 8505a223827f474b;
2b9a: 0fd3a5a7da1eb177;
2b9b: 6d7ba7731a652a80;
2b9c: 0000000000055aec;
2b9d: 0000000000000000;
2b9e: 0000000000000000;
2b9f: 0000000000000000;
2ba0: dddf041bc7233954;
2ba1: df835fc7295bc22a;
2ba2: 80ff228f9e9bb978;
2ba3: 61778b76aebaa808;
2ba4: 0000000000050c72;
2ba5: 0000000000000000;
2ba6: 0000000000000000;
2ba7: 0000000000000000;
2ba8: 262158f1efc72dbe;
2ba9: b5df7de458401fcb;
2baa: f9551b8f83cad17b;
2bab: 0c1d8a74d70ba894;
2bac: 000000000005f001;
2bad: 0000000000000000;
2bae: 0000000000000000;
2baf: 0000000000000000;
2bb0: 731fab26b1adf051;
2bb1: f4a31f01dade94aa;
2bb2: bfd11553ac086562;
2bb3: 0a0a740195ab2f2c;
2bb4: 000000000005f411;
2bb5: 0000000000000000;
2bb6: 0000000000000000;
2bb7: 0000000000000000;
2bb8: 053efd1fb6f4179d;
2bb9: 24257ca5c8e0de8b;
2bba: 040060d10b6b857a;
2bbb: 67841b5931132a3b;
2bbc: 0000000000056c31;
2bbd: 0000000000000000;
2bbe: 0000000000000000;
2bbf: 0000000000000000;
2bc0: 0d0b14f1f12c126c;
2bc1: 7f25fd89a497b5ab;
2bc2: 1533dab7433c397f;
2bc3: 27795b88b615ac40;
2bc4: 00000000000501c3;
2bc5: 0000000000000000;
2bc6: 0000000000000000;
2bc7: 0000000000000000;
2bc8: 56f92d11e1e30fbf;
2bc9: 9529c90a921bd7eb;
2bca: 15607c601700295b;
2bcb: 0d8f2c5160032845;
2bcc: 000000000005620c;
2bcd: 0000000000000000;
2bce: 0000000000000000;
2bcf: 0000000000000000;
2bd0: 3312eaedeac10b51;
2bd1: 349e9c8f825d44ab;
2bd2: 7438bd43e48c4d47;
2bd3: 148d7215eab5af08;
2bd4: 0000000000055320;
2bd5: 0000000000000000;
2bd6: 0000000000000000;
2bd7: 0000000000000000;
2bd8: f2380200b6eb12dc;
2bd9: 43073e65a2a3760b;
2bda: af61278414b2d57f;
2bdb: 7f757ace290fab07;
2bdc: 0000000000050124;
2bdd: 0000000000000000;
2bde: 0000000000000000;
2bdf: 0000000000000000;
2be0: e1cbd7e1fc1002b4;
2be1: 3f2a60aac2e8950a;
2be2: b55284599abf2954;
2be3: e4f208eaa56aaa24;
2be4: 0000000000058f7a;
2be5: 0000000000000000;
2be6: 0000000000000000;
2be7: 0000000000000000;
2be8: fb1d13b3f1f945f9;
2be9: b75ed9bedc5ade2b;
2bea: 045d06ac62ca1d58;
2beb: a99787650a96ab78;
2bec: 000000000005f07d;
2bed: 0000000000000000;
2bee: 0000000000000000;
2bef: 0000000000000000;
2bf0: 35fdfc48bde8d1da;
2bf1: 1827643446b8796b;
2bf2: 3c69586f9fd7f15e;
2bf3: 01a601602a6aaf79;
2bf4: 0000000000051c04;
2bf5: 0000000000000000;
2bf6: 0000000000000000;
2bf7: 0000000000000000;
2bf8: 1ff35edfb0cfd6a9;
2bf9: 7e9f9ec79fc22c0a;
2bfa: 33ef99b08e137d78;
2bfb: 9e700fd0a2b22b60;
2bfc: 0000000000057511;
2bfd: 0000000000000000;
2bfe: 0000000000000000;
2bff: 0000000000000000;
2c00: ace5dbace13d2df4;
2c01: a3215d27a72402ca;
2c02: 08ab7be066d00177;
2c03: f37afef22002af38;
2c04: 0000000000058771;
2c05: 0000000000000000;
2c06: 0000000000000000;
2c07: 0000000000000000;
2c08: 2d2b56c4eddc2ffc;
2c09: 17823d20d296dc6b;
2c0a: 2bd98efa46eba55a;
2c0b: 2f0d0978861c2afc;
2c0c: 000000000005867a;
2c0d: 0000000000000000;
2c0e: 0000000000000000;
2c0f: 0000000000000000;
2c10: 4a06db4bc0d8f406;
2c11: d626a33d9b39542b;
2c12: 3065ad274f400962;
2c13: 6d2fcc86a80f2f7d;
2c14: 0000000000050a96;
2c15: 0000000000000000;
2c16: 0000000000000000;
2c17: 0000000000000000;
2c18: 132210ddbacaf1f2;
2c19: 3fde9e44e46182eb;
2c1a: b788b454aaf0b576;
2c1b: a27dfc738da2aaff;
2c1c: 0000000000058b99;
2c1d: 0000000000000000;
2c1e: 0000000000000000;
2c1f: 0000000000000000;
2c20: b83bf2b4066b487b;
2c21: 42609b8a029c412a;
2c22: 88a3ff9c36ebe17a;
2c23: 7055d678122e2fcf;
2c24: 00000000000573c7;
2c25: 0000000000000000;
2c26: 0000000000000000;
2c27: 0000000000000000;
2c28: 2ef349f9d5dc11e0;
2c29: 5ec1847ed55d1c8b;
2c2a: ffa50aff27414560;
2c2b: a7f7049819fa2b33;
2c2c: 00000000000510f5;
2c2d: 0000000000000000;
2c2e: 0000000000000000;
2c2f: 0000000000000000;
2c30: 4326ba41d8e5360b;
2c31: 5346a38437f4538a;
2c32: ec71cd1a9715954b;
2c33: dca1d11f16112814;
2c34: 0000000000056783;
2c35: 0000000000000000;
2c36: 0000000000000000;
2c37: 0000000000000000;
2c38: 34691dfba0cdec76;
2c39: 9b423e6a9baad38a;
2c3a: 28955ef927914154;
2c3b: 34836983796dab5b;
2c3c: 0000000000052225;
2c3d: 0000000000000000;
2c3e: 0000000000000000;
2c3f: 0000000000000000;
2c40: cd8f19f8f4129cb6;
2c41: 56213c60618272ea;
2c42: 9ccb23e14bb3c17f;
2c43: fc01fe5f9bf32e9f;
2c44: 0000000000059184;
2c45: 0000000000000000;
2c46: 0000000000000000;
2c47: 0000000000000000;
2c48: d61995a0f5b56d43;
2c49: dd655c1fc983792a;
2c4a: 5af87320af370d5e;
2c4b: 200b81802211a4b9;
2c4c: 000000000005806b;
2c4d: 0000000000000000;
2c4e: 0000000000000000;
2c4f: 0000000000000000;
2c50: 06da235df0e5d2b1;
2c51: 0b8dc3528017ad4b;
2c52: 18a0afdeb44b7d40;
2c53: 8a1f046102d0ac14;
2c54: 00000000000506ea;
2c55: 0000000000000000;
2c56: 0000000000000000;
2c57: 0000000000000000;
2c58: d81633b9de22f0ec;
2c59: b51df5ec938b0d2a;
2c5a: ba4844c5b22e8d58;
2c5b: fd0480486539abe6;
2c5c: 000000000005791f;
2c5d: 0000000000000000;
2c5e: 0000000000000000;
2c5f: 0000000000000000;
2c60: b8932dd91f23e9b2;
2c61: 5e77e0059f8ae40a;
2c62: 242f6030def7f97b;
2c63: 0762e142bfd32f3f;
2c64: 00000000000501c7;
2c65: 0000000000000000;
2c66: 0000000000000000;
2c67: 0000000000000000;
2c68: ef1119b40db4f911;
2c69: 2543bdfde10365cb;
2c6a: 7fd53a275cc8f54b;
2c6b: bc96858d181c2b8d;
2c6c: 000000000005fed8;
2c6d: 0000000000000000;
2c6e: 0000000000000000;
2c6f: 0000000000000000;
2c70: 0f2bf676e2f0f8de;
2c71: c2acc35e5ddc824b;
2c72: 205c2c32dba77d63;
2c73: 039ee69b22db33b4;
2c74: 0000000000050284;
2c75: 0000000000000000;
2c76: 0000000000000000;
2c77: 0000000000000000;
2c78: d54159a7b2a0e1c4;
2c79: 9ebd99e7db1c290a;
2c7a: aac06ff8c3b05178;
2c7b: 07a107dae7972f87;
2c7c: 000000000005032f;
2c7d: 0000000000000000;
2c7e: 0000000000000000;
2c7f: 0000000000000000;
2c80: 91df08f47342f8f8;
2c81: 24946365378b0b49;
2c82: 9be38c7c86fc755a;
2c83: 80ef5df9fff6afeb;
2c84: 000000000005f74d;
2c85: 0000000000000000;
2c86: 0000000000000000;
2c87: 0000000000000000;
2c88: f3fe55cbfddef9e9;
2c89: 4828c11e7e7f8aeb;
2c8a: b01c37e450b9454e;
2c8b: 9e0d95368378af8f;
2c8c: 00000000000504d5;
2c8d: 0000000000000000;
2c8e: 0000000000000000;
2c8f: 0000000000000000;
2c90: f542f64ff0040af4;
2c91: 61ce892b5b79bf0b;
2c92: e8405c02f7cfa94a;
2c93: 4d09642abefab013;
2c94: 000000000005120e;
2c95: 0000000000000000;
2c96: 0000000000000000;
2c97: 0000000000000000;
2c98: fe1d16eabfc918f3;
2c99: 0042df6a34be42cb;
2c9a: bee8be4167759d7d;
2c9b: 07138083fdcf2a57;
2c9c: 00000000000587fe;
2c9d: 0000000000000000;
2c9e: 0000000000000000;
2c9f: 0000000000000000;
2ca0: 042329d704fa5a1d;
2ca1: c69d9f3f684e38ea;
2ca2: d55067e4df6f815b;
2ca3: 946aee86cce8afbf;
2ca4: 000000000005768d;
2ca5: 0000000000000000;
2ca6: 0000000000000000;
2ca7: 0000000000000000;
2ca8: 28d635e3b2eccb50;
2ca9: 223f85a48375394a;
2caa: d806c7c7f7df6160;
2cab: 7609182feb092d33;
2cac: 000000000005847c;
2cad: 0000000000000000;
2cae: 0000000000000000;
2caf: 0000000000000000;
2cb0: 0941e723dcebbeec;
2cb1: 5ae15c7a6ac964eb;
2cb2: 980964ec95897943;
2cb3: f9ed6f61dc802baf;
2cb4: 000000000005697a;
2cb5: 0000000000000000;
2cb6: 0000000000000000;
2cb7: 0000000000000000;
2cb8: 0d232d3725045ef1;
2cb9: d5e4db60fe21be0b;
2cba: 1b84842bc44f4d64;
2cbb: 1d330478ea842ef3;
2cbc: 0000000000051887;
2cbd: 0000000000000000;
2cbe: 0000000000000000;
2cbf: 0000000000000000;
2cc0: ed1011ed1e084819;
2cc1: 8dc3ff224b8b504b;
2cc2: 152cc3f8833f2540;
2cc3: bc4c8805cf162f90;
2cc4: 0000000000057df2;
2cc5: 0000000000000000;
2cc6: 0000000000000000;
2cc7: 0000000000000000;
2cc8: 21c2099cf53aea5d;
2cc9: 19bf4a43a7f5272a;
2cca: 874a468523780556;
2ccb: fefc10aaf9062950;
2ccc: 00000000000602f2;
2ccd: 0000000000000000;
2cce: 0000000000000000;
2ccf: 0000000000000000;
2cd0: 2b3ad358c6a2d309;
2cd1: 96a4f2583f0ed82a;
2cd2: b3b4559401a4953c;
2cd3: 6e7705e1e5d8a842;
2cd4: 00000000000566f2;
2cd5: 0000000000000000;
2cd6: 0000000000000000;
2cd7: 0000000000000000;
2cd8: 0e02175316055ab5;
2cd9: 18609ae24506fecb;
2cda: 3ab148ebdbdcd168;
2cdb: 93116989042dabd2;
2cdc: 0000000000051478;
2cdd: 0000000000000000;
2cde: 0000000000000000;
2cdf: 0000000000000000;
2ce0: d51dddaa541d1433;
2ce1: 6f01bc3f8219528a;
2ce2: 4c9bf3e42e3bf947;
2ce3: 96f31611286eac10;
2ce4: 0000000000058184;
2ce5: 0000000000000000;
2ce6: 0000000000000000;
2ce7: 0000000000000000;
2ce8: 0582e8a5186fd604;
2ce9: 7e20bedca396c80a;
2cea: af0252156b10357f;
2ceb: 87100c2e7784289c;
2cec: 000000000005f5ef;
2ced: 0000000000000000;
2cee: 0000000000000000;
2cef: 0000000000000000;
2cf0: 045eb638d5a6a62b;
2cf1: ddc4609dda62776a;
2cf2: 8b6c0152f3888d63;
2cf3: fc8d80fd2cf2a87a;
2cf4: 000000000005fafc;
2cf5: 0000000000000000;
2cf6: 0000000000000000;
2cf7: 0000000000000000;
2cf8: 3d460ff4261107de;
2cf9: 5762bb008c5f1f0b;
2cfa: 076c8f903389e94b;
2cfb: 936373f7f8b62be7;
2cfc: 000000000005778b;
2cfd: 0000000000000000;
2cfe: 0000000000000000;
2cff: 0000000000000000;
2d00: 9ea21dcb109ec3ae;
2d01: 67b372470f5b85e9;
2d02: a9486374c73fa153;
2d03: 68ee8cdd795e2f63;
2d04: 0000000000051201;
2d05: 0000000000000000;
2d06: 0000000000000000;
2d07: 0000000000000000;
2d08: 33050fc4f51d2857;
2d09: dc6a8c63c335964a;
2d0a: 1b2784b38fbed95a;
2d0b: f06d0d3a6e17a968;
2d0c: 00000000000593f8;
2d0d: 0000000000000000;
2d0e: 0000000000000000;
2d0f: 0000000000000000;
2d10: 5a34c1e1dcfcd310;
2d11: 1fe021d9893f02ca;
2d12: efb4b7fc1cac7962;
2d13: 690381d5e1172eeb;
2d14: 000000000004f145;
2d15: 0000000000000000;
2d16: 0000000000000000;
2d17: 0000000000000000;
2d18: 0bd6590500106904;
2d19: 77345067b0bb986a;
2d1a: cae3e507a0d3ed49;
2d1b: 2523de175e6f2adf;
2d1c: 0000000000053121;
2d1d: 0000000000000000;
2d1e: 0000000000000000;
2d1f: 0000000000000000;
2d20: 8de11b2117e5199e;
2d21: 047c20e389dddf0a;
2d22: a96cd3b0eeebd57e;
2d23: 99d79a6e790dafdb;
2d24: 0000000000056284;
2d25: 0000000000000000;
2d26: 0000000000000000;
2d27: 0000000000000000;
2d28: 0fe400de021c1f5d;
2d29: 55680141213fc8ab;
2d2a: 734bbbbc8812e97a;
2d2b: 807304307d85a928;
2d2c: 0000000000061281;
2d2d: 0000000000000000;
2d2e: 0000000000000000;
2d2f: 0000000000000000;
2d30: 3de1b61fd8bd3f16;
2d31: 2059fcdae87f9a6a;
2d32: 632148402425415c;
2d33: 800a99ded373abc3;
2d34: 000000000005028a;
2d35: 0000000000000000;
2d36: 0000000000000000;
2d37: 0000000000000000;
2d38: 18ad747626343eb9;
2d39: fedafc825dc5fb2a;
2d3a: 1704b166c6971569;
2d3b: 01f941947578abbf;
2d3c: 0000000000052397;
2d3d: 0000000000000000;
2d3e: 0000000000000000;
2d3f: 0000000000000000;
2d40: a6c900103302c7fa;
2d41: e49e44024973786a;
2d42: 256827146e4ae142;
2d43: a675bbe62cf52880;
2d44: 0000000000055d04;
2d45: 0000000000000000;
2d46: 0000000000000000;
2d47: 0000000000000000;
2d48: ebb4f6cd1415dd35;
2d49: 94875e5d801b6b4b;
2d4a: 0eff0f5ce0bb197b;
2d4b: 0675f63fff762928;
2d4c: 0000000000058d8a;
2d4d: 0000000000000000;
2d4e: 0000000000000000;
2d4f: 0000000000000000;
2d50: ecc8c61bc6c1d853;
2d51: df44005f9741d76a;
2d52: ab6d1fd003fc2161;
2d53: 9a9eab880567acab;
2d54: 000000000005171c;
2d55: 0000000000000000;
2d56: 0000000000000000;
2d57: 0000000000000000;
2d58: 00695c5a0efee1d1;
2d59: 7fd5e460c7e0906a;
2d5a: 7c25888f0c33d147;
2d5b: f7f05b0ce971a817;
2d5c: 0000000000050112;
2d5d: 0000000000000000;
2d5e: 0000000000000000;
2d5f: 0000000000000000;
2d60: 54d9e1ddfefa10e5;
2d61: 3af8fde502e0c56a;
2d62: 2587ef54e2f2d976;
2d63: eedd6c4e62d4aac4;
2d64: 0000000000051b15;
2d65: 0000000000000000;
2d66: 0000000000000000;
2d67: 0000000000000000;
2d68: 6266cf2124371f21;
2d69: bec86adf1ea2e00a;
2d6a: 745ddbc6d896fd5e;
2d6b: 8a7ef32f0f0eaba4;
2d6c: 000000000005938b;
2d6d: 0000000000000000;
2d6e: 0000000000000000;
2d6f: 0000000000000000;
2d70: 7ce736920b049f02;
2d71: 84a3faf50b80cd4a;
2d72: 16c253a424177d4a;
2d73: ee0e73ebf22a24a8;
2d74: 0000000000051c65;
2d75: 0000000000000000;
2d76: 0000000000000000;
2d77: 0000000000000000;
2d78: efd931d5e21a67cc;
2d79: a5d7f545855df8cb;
2d7a: 5c68a9272017c149;
2d7b: 8ed96b0cf004aacd;
2d7c: 0000000000050e08;
2d7d: 0000000000000000;
2d7e: 0000000000000000;
2d7f: 0000000000000000;
2d80: 3598d3d30a0c37c7;
2d81: 1a37840729fcefca;
2d82: d8bfff6c32d7c553;
2d83: 66f7875d7df6ac33;
2d84: 0000000000057d75;
2d85: 0000000000000000;
2d86: 0000000000000000;
2d87: 0000000000000000;
2d88: 311bbf0b10ff51fc;
2d89: 70e8be5fbedf886b;
2d8a: 98048beb534a157a;
2d8b: 81f672b28184282c;
2d8c: 000000000005a393;
2d8d: 0000000000000000;
2d8e: 0000000000000000;
2d8f: 0000000000000000;
2d90: 43cbeaf7f9f706db;
2d91: 6b1fdb7cc87765ab;
2d92: c6f0034fefaf915b;
2d93: 78019f5641f32978;
2d94: 0000000000050d0e;
2d95: 0000000000000000;
2d96: 0000000000000000;
2d97: 0000000000000000;
2d98: df00590d0e1622c5;
2d99: 60773e5fdf01006b;
2d9a: 883975c2def2f964;
2d9b: f745538f8e8d2af9;
2d9c: 0000000000050139;
2d9d: 0000000000000000;
2d9e: 0000000000000000;
2d9f: 0000000000000000;
2da0: 52a812cb0c0ce910;
2da1: 747ee1a0469b4eaa;
2da2: f3e756f72b06915e;
2da3: 702e1fe2fdc4291b;
2da4: 0000000000055253;
2da5: 0000000000000000;
2da6: 0000000000000000;
2da7: 0000000000000000;
2da8: e1b2d131e3101962;
2da9: 91c7fd9fc001660a;
2daa: 5370e04b41ae257f;
2dab: 0afd7a04006424f4;
2dac: 00000000000593a2;
2dad: 0000000000000000;
2dae: 0000000000000000;
2daf: 0000000000000000;
2db0: 288dc8220002c8e1;
2db1: 65a18245b4d764aa;
2db2: e3c40b6c0824115b;
2db3: 980b8f7f55e82d0f;
2db4: 0000000000051706;
2db5: 0000000000000000;
2db6: 0000000000000000;
2db7: 0000000000000000;
2db8: 813e4e19cdcf4eab;
2db9: 07734322e6d0fbaa;
2dba: dfc1950ad6964947;
2dbb: 71d56f18f7132bf7;
2dbc: 000000000005091e;
2dbd: 0000000000000000;
2dbe: 0000000000000000;
2dbf: 0000000000000000;
2dc0: 832e601920cb99c7;
2dc1: 65cc85241972cea4;
2dc2: b9afc4832e53fc90;
2dc3: 26009065cc26120c;
2dc4: 0000000000024197;
2dc5: 0000000000000000;
2dc6: 0000000000000000;
2dc7: 8000000000000000;
2dc8: 832e52b120cb974f;
2dc9: 65cc33a419728904;
2dca: b98624832e60f490;
2dcb: 2f869065c9a7120c;
2dcc: 0000000000024197;
2dcd: 0000000000000000;
2dce: 0000000000000000;
2dcf: 8000000000000000;
2dd0: 03f505f2066615af;
2dd1: 76e822e5c9411f6b;
2dd2: 6f04fb5a4ab51940;
2dd3: f88357187979a87e;
2dd4: 00000000000585e2;
2dd5: 0000000000000000;
2dd6: 0000000000000000;
2dd7: 0000000000000000;
2dd8: f0ff191625b906ea;
2dd9: 0982405d7ce0a3ab;
2dda: 52352e06df055575;
2ddb: e8fe6f0859d6aad4;
2ddc: 00000000000570c3;
2ddd: 0000000000000000;
2dde: 0000000000000000;
2ddf: 0000000000000000;
2de0: 0b4c050ef80ee0a0;
2de1: 6226e0dad4dc36ab;
2de2: 584d1fc4cfdf8177;
2de3: d812d8661a0fb3cc;
2de4: 000000000005e681;
2de5: 0000000000000000;
2de6: 0000000000000000;
2de7: 0000000000000000;
2de8: 192102432004e502;
2de9: 66a0c047a8687c0b;
2dea: 22778426bb3c414c;
2deb: 9b007ce4fcf92f38;
2dec: 000000000005df20;
2ded: 0000000000000000;
2dee: 0000000000000000;
2def: 0000000000000000;
2df0: 1dcff7e6087ffecc;
2df1: a7e2c73c8103382b;
2df2: fcc8a71bbed02d4a;
2df3: 068f692951ab2faf;
2df4: 0000000000052b92;
2df5: 0000000000000000;
2df6: 0000000000000000;
2df7: 0000000000000000;
2df8: be21f6334adb23e1;
2df9: 88a41ea0192241aa;
2dfa: 9fac8ac00bb05574;
2dfb: 6e55b90170dd2fe7;
2dfc: 0000000000054ed2;
2dfd: 0000000000000000;
2dfe: 0000000000000000;
2dff: 0000000000000000;
2e00: afddf7feb5b2f2bf;
2e01: e5202079bc5d5cca;
2e02: 78154bbc2fc73172;
2e03: 5b0a96700b8833d8;
2e04: 000000000005e984;
2e05: 0000000000000000;
2e06: 0000000000000000;
2e07: 0000000000000000;
2e08: 241dea661d1d01a4;
2e09: 3b563b8d7167248b;
2e0a: d7e3108b562d394b;
2e0b: 9e83d05d279d2fc7;
2e0c: 0000000000055c7c;
2e0d: 0000000000000000;
2e0e: 0000000000000000;
2e0f: 0000000000000000;
2e10: 06231700c446edf8;
2e11: a1791fdc309918aa;
2e12: c8e42f3ad3800943;
2e13: 1a85087e5c97ac4b;
2e14: 000000000005f81a;
2e15: 0000000000000000;
2e16: 0000000000000000;
2e17: 0000000000000000;
2e18: 8546aa147b7704db;
2e19: c78548bf6107bf29;
2e1a: 3ce3a2d45050117a;
2e1b: 9ee29ec774fcaaf5;
2e1c: 0000000000051061;
2e1d: 0000000000000000;
2e1e: 0000000000000000;
2e1f: 0000000000000000;
2e20: a7f3ffe9e1badd06;
2e21: e79b7e35803fdccb;
2e22: 084dc35a8c475978;
2e23: f1e6aeeef953ac1d;
2e24: 0000000000055b6a;
2e25: 0000000000000000;
2e26: 0000000000000000;
2e27: 0000000000000000;
2e28: 2240d666f9eb25ea;
2e29: 7d5625015a46bfcb;
2e2a: 209aac0c76d8a54e;
2e2b: 6b8dd8979694ac4c;
2e2c: 0000000000058286;
2e2d: 0000000000000000;
2e2e: 0000000000000000;
2e2f: 0000000000000000;
2e30: 1050be480877389f;
2e31: 25fe826841fd9cca;
2e32: 7fa7b0227c7c197d;
2e33: ef8ace0a17332f63;
2e34: 00000000000579ff;
2e35: 0000000000000000;
2e36: 0000000000000000;
2e37: 0000000000000000;
2e38: e6fb1b0d35b5f904;
2e39: 99a1889fcd01c52b;
2e3a: 32d3e3b7f390857e;
2e3b: 5d090da17171ac48;
2e3c: 0000000000058af7;
2e3d: 0000000000000000;
2e3e: 0000000000000000;
2e3f: 0000000000000000;
2e40: ea540bdd0ffbcbe9;
2e41: d640fce012c23a4b;
2e42: 74d5544c4eac6153;
2e43: 5e05428a0014afcc;
2e44: 000000000005f302;
2e45: 0000000000000000;
2e46: 0000000000000000;
2e47: 0000000000000000;
2e48: f43fdc4cfeece9d2;
2e49: e2a1e03e4b6602cb;
2e4a: 008f010f8b54897a;
2e4b: 7979e8d20680af0f;
2e4c: 000000000005fd83;
2e4d: 0000000000000000;
2e4e: 0000000000000000;
2e4f: 0000000000000000;
2e50: 0dede614f84107f6;
2e51: cabbc31ea61bbd2c;
2e52: a7c5436fec63257f;
2e53: f784e09909a82b53;
2e54: 00000000000514a7;
2e55: 0000000000000000;
2e56: 0000000000000000;
2e57: 0000000000000000;
2e58: 9efc17ee5cc7dbfc;
2e59: 5d2f2dda8c442b2a;
2e5a: 4ec82ee06b2c515c;
2e5b: e8f82899685d2c37;
2e5c: 0000000000058b64;
2e5d: 0000000000000000;
2e5e: 0000000000000000;
2e5f: 0000000000000000;
2e60: b918e6a73b020c12;
2e61: ff5cde9ba0fcbf4a;
2e62: 9424f7f772fb7177;
2e63: 423b94aa6c852f90;
2e64: 0000000000050a80;
2e65: 0000000000000000;
2e66: 0000000000000000;
2e67: 0000000000000000;
2e68: 0718f84a1effedca;
2e69: 5e1b98a21e8dab6c;
2e6a: 41c28ddb8e70ed5b;
2e6b: f8f4dfea0b052f03;
2e6c: 0000000000058afc;
2e6d: 0000000000000000;
2e6e: 0000000000000000;
2e6f: 0000000000000000;
2e70: 27ddcb2f853acd02;
2e71: 2c3f5d3afc7aa10a;
2e72: 4060de56bc5f717b;
2e73: 08087906879a2bea;
2e74: 000000000005faaa;
2e75: 0000000000000000;
2e76: 0000000000000000;
2e77: 0000000000000000;
2e78: e1f0aec75a62e508;
2e79: bae90a59caa43fea;
2e7a: db10aa4c4a64517e;
2e7b: 78773ce7e1d32af7;
2e7c: 0000000000051b6c;
2e7d: 0000000000000000;
2e7e: 0000000000000000;
2e7f: 0000000000000000;
2e80: bfec05dff7e80a1a;
2e81: c7b79e940719214b;
2e82: 0b6d2bb2b0179556;
2e83: 6a7b933a90f1affd;
2e84: 0000000000058ae5;
2e85: 0000000000000000;
2e86: 0000000000000000;
2e87: 0000000000000000;
2e88: 0c32f87233d6ddc1;
2e89: 3e3c1effd928c36b;
2e8a: ed0f2c87dfa7fd64;
2e8b: 74016bab0792af13;
2e8c: 00000000000581dd;
2e8d: 0000000000000000;
2e8e: 0000000000000000;
2e8f: 0000000000000000;
2e90: 5f04cf6df642fa9f;
2e91: 083d812c35c22baa;
2e92: d7b7b0ef5d205944;
2e93: ed884cf7ce922f93;
2e94: 000000000005734f;
2e95: 0000000000000000;
2e96: 0000000000000000;
2e97: 0000000000000000;
2e98: b2fc25f021be5a5e;
2e99: 7907283f2a67e0e9;
2e9a: 0706afe3e274a17c;
2e9b: 5517739bf30aabc9;
2e9c: 00000000000582f6;
2e9d: 0000000000000000;
2e9e: 0000000000000000;
2e9f: 0000000000000000;
2ea0: 055ad8eb26e5f20f;
2ea1: a61b0881035e838b;
2ea2: c053b45782b07541;
2ea3: 6481cc3a6400aca7;
2ea4: 00000000000583fb;
2ea5: 0000000000000000;
2ea6: 0000000000000000;
2ea7: 0000000000000000;
2ea8: f733f855fa0cedde;
2ea9: 4646607ceae740eb;
2eaa: e8571073e2f3dd70;
2eab: f5f9f2d38af5ac2f;
2eac: 0000000000058bdb;
2ead: 0000000000000000;
2eae: 0000000000000000;
2eaf: 0000000000000000;
2eb0: 13e4be38f6520ce4;
2eb1: 4bb9e41e447d83eb;
2eb2: 0b844c81790fa561;
2eb3: d10351074e67acb0;
2eb4: 000000000004c9fe;
2eb5: 0000000000000000;
2eb6: 0000000000000000;
2eb7: 0000000000000000;
2eb8: cb0a319e271006d3;
2eb9: 810a863bfe6b1f2a;
2eba: abda7fd8aa7c897e;
2ebb: 670f0296dd742b23;
2ebc: 00000000000591ec;
2ebd: 0000000000000000;
2ebe: 0000000000000000;
2ebf: 0000000000000000;
2ec0: 1a38d7d146431d14;
2ec1: 607761fe851a5e8b;
2ec2: ec143766eb8ff559;
2ec3: 571ee3b36c67ac3e;
2ec4: 000000000005a486;
2ec5: 0000000000000000;
2ec6: 0000000000000000;
2ec7: 0000000000000000;
2ec8: 140b056029eed9e3;
2ec9: a365df9ec46b03cb;
2eca: 858ef5a772a3fd76;
2ecb: d2d65e208d062c88;
2ecc: 0000000000053e66;
2ecd: 0000000000000000;
2ece: 0000000000000000;
2ecf: 0000000000000000;
2ed0: 35d9c21b8765ddf8;
2ed1: 885c1f99e13cbd4a;
2ed2: 0b8927c4bd0f8d7b;
2ed3: 9f826e796c27ac64;
2ed4: 000000000005583d;
2ed5: 0000000000000000;
2ed6: 0000000000000000;
2ed7: 0000000000000000;
2ed8: fefe05e41146ed05;
2ed9: fae6c7db84a99c8b;
2eda: 10cfbbec4bf81d60;
2edb: 7609725ff2ecaeec;
2edc: 0000000000058705;
2edd: 0000000000000000;
2ede: 0000000000000000;
2edf: 0000000000000000;
2ee0: 0bf2d5d71a41f012;
2ee1: 39368042fbbabbeb;
2ee2: 737062e2fc749142;
2ee3: 678163bd9d5caca3;
2ee4: 0000000000059c60;
2ee5: 0000000000000000;
2ee6: 0000000000000000;
2ee7: 0000000000000000;
2ee8: 0cf2165243bcfb1a;
2ee9: 9aff3e5f9d08ff6b;
2eea: e0e82926cb54497e;
2eeb: f17efda57601283f;
2eec: 00000000000600fb;
2eed: 0000000000000000;
2eee: 0000000000000000;
2eef: 0000000000000000;
2ef0: 31e346f42563f8f4;
2ef1: 7d23a51b8c1f07e9;
2ef2: d413684c37707d50;
2ef3: 17f3190fe0ef2ecb;
2ef4: 000000000005408a;
2ef5: 0000000000000000;
2ef6: 0000000000000000;
2ef7: 0000000000000000;
2ef8: be121814c0f2c6d6;
2ef9: 073e40e5c16c80eb;
2efa: 28c87a54597c4969;
2efb: 62f3f3e78e17abd0;
2efc: 000000000005d9fe;
2efd: 0000000000000000;
2efe: 0000000000000000;
2eff: 0000000000000000;
2f00: d9bd080fc6f6073f;
2f01: fa5dc53620e5c24b;
2f02: 9fd343f06ecb4d5d;
2f03: 66fe9bf4a982afa4;
2f04: 0000000000059a18;
2f05: 0000000000000000;
2f06: 0000000000000000;
2f07: 0000000000000000;
2f08: f9361e1e7eca136b;
2f09: 1a39fa2a3c94acea;
2f0a: cb1764bb629ae95d;
2f0b: 6c65555c08712c87;
2f0c: 0000000000050f1c;
2f0d: 0000000000000000;
2f0e: 0000000000000000;
2f0f: 0000000000000000;
2f10: dfe3f40ee52165f0;
2f11: 61e2ac3b879e01ea;
2f12: b48327f637317579;
2f13: 65f4ea13f375ab4f;
2f14: 00000000000501ae;
2f15: 0000000000000000;
2f16: 0000000000000000;
2f17: 0000000000000000;
2f18: 97f0e51d83bc85cf;
2f19: cd21c12942c83a0a;
2f1a: 5cb09a9f3c44dd61;
2f1b: f2e6016e394a2fa3;
2f1c: 00000000000573bb;
2f1d: 0000000000000000;
2f1e: 0000000000000000;
2f1f: 0000000000000000;
2f20: a9a9120dd7f3f314;
2f21: 33b7c5b2dd8b2c0b;
2f22: 27f01323d2ff195d;
2f23: 5c7e1e899612aff0;
2f24: 000000000005e591;
2f25: 0000000000000000;
2f26: 0000000000000000;
2f27: 0000000000000000;
2f28: baed2f02eeeadc5c;
2f29: 3b9dbf6181b5e44b;
2f2a: 0fcf9d38b23aed61;
2f2b: 84fb04532b89af9b;
2f2c: 0000000000059a16;
2f2d: 0000000000000000;
2f2e: 0000000000000000;
2f2f: 0000000000000000;
2f30: 29d1e5fe3108710a;
2f31: e280c543bfb82a0a;
2f32: 2097f6f36ff0f552;
2f33: f78170f706082cc8;
2f34: 000000000005a915;
2f35: 0000000000000000;
2f36: 0000000000000000;
2f37: 0000000000000000;
2f38: b4f8ec14c7d9ddd9;
2f39: 8a21a29d7f4122ca;
2f3a: dd0ccab72ba0817f;
2f3b: 1568f7fdfe56aa26;
2f3c: 0000000000058691;
2f3d: 0000000000000000;
2f3e: 0000000000000000;
2f3f: 0000000000000000;
2f40: c5b0143322d2391d;
2f41: bbbae1fec2ee042b;
2f42: f422cea2ae994959;
2f43: d6828a7a1717a837;
2f44: 000000000005ebfd;
2f45: 0000000000000000;
2f46: 0000000000000000;
2f47: 0000000000000000;
2f48: e3092712c6f1d558;
2f49: de64223fe153bf0b;
2f4a: 8ffef470eb00217e;
2f4b: 8ffd8c6e305dafd7;
2f4c: 000000000005947c;
2f4d: 0000000000000000;
2f4e: 0000000000000000;
2f4f: 0000000000000000;
2f50: 7ef65802c8ed8d89;
2f51: a48fe5c5ae9b62ea;
2f52: 1b2f18a6f3c8195e;
2f53: 0d0c6a0eec8d2f30;
2f54: 000000000005dc17;
2f55: 0000000000000000;
2f56: 0000000000000000;
2f57: 0000000000000000;
2f58: b5ec0d1ccff8dbde;
2f59: 48255b260948228b;
2f5a: 6fe896e7fc73c966;
2f5b: 427186e1ef0b2c2f;
2f5c: 0000000000056c2f;
2f5d: 0000000000000000;
2f5e: 0000000000000000;
2f5f: 0000000000000000;
2f60: 17a1eb15d4f2dd35;
2f61: bc9dbef7e0fb1c2a;
2f62: 4036ce78f4773978;
2f63: 6d830c639784ab19;
2f64: 0000000000058622;
2f65: 0000000000000000;
2f66: 0000000000000000;
2f67: 0000000000000000;
2f68: 2c51f8104dd8d533;
2f69: 9e1b15fb587bca2b;
2f6a: 2ba3b493b8d65145;
2f6b: 6f8e44884aeeacb7;
2f6c: 0000000000055a95;
2f6d: 0000000000000000;
2f6e: 0000000000000000;
2f6f: 0000000000000000;
2f70: 370918f2e7e613a3;
2f71: a142ca06457efdab;
2f72: d76fb40e67e8057f;
2f73: 7d14e612e4052f77;
2f74: 0000000000057fa9;
2f75: 0000000000000000;
2f76: 0000000000000000;
2f77: 0000000000000000;
2f78: bfcefa0be1ecefdb;
2f79: ca64e0436aa8bc8b;
2f7a: c8acde8f54041568;
2f7b: 750087fdf5722c0b;
2f7c: 000000000005f139;
2f7d: 0000000000000000;
2f7e: 0000000000000000;
2f7f: 0000000000000000;
2f80: a4d31e14feecd318;
2f81: 955542d13b5e9aeb;
2f82: 62423a7842070d56;
2f83: e12caef4fc15aa8f;
2f84: 00000000000545bb;
2f85: 0000000000000000;
2f86: 0000000000000000;
2f87: 0000000000000000;
2f88: f4152ffc23f0b34a;
2f89: 1f5ff71ae359e46b;
2f8a: 482790887fcac164;
2f8b: 128484d9e68d302f;
2f8c: 0000000000051d16;
2f8d: 0000000000000000;
2f8e: 0000000000000000;
2f8f: 0000000000000000;
2f90: 6721f0192dd9639b;
2f91: 845c004f83bbdcca;
2f92: 89cb3f32c0498552;
2f93: e8e8da00117aab90;
2f94: 000000000005161c;
2f95: 0000000000000000;
2f96: 0000000000000000;
2f97: 0000000000000000;
2f98: 8bf6c5f0d3d706db;
2f99: 0cef83c1c5e3db6a;
2f9a: 1d0037e79c183549;
2f9b: 2101f8fdeffdb3c4;
2f9c: 0000000000058728;
2f9d: 0000000000000000;
2f9e: 0000000000000000;
2f9f: 0000000000000000;
2fa0: b9add62a1ee905d9;
2fa1: dff7011d3ebda04a;
2fa2: 232efb001ee8757a;
2fa3: 4cfe8c7a869aafd3;
2fa4: 000000000005dbed;
2fa5: 0000000000000000;
2fa6: 0000000000000000;
2fa7: 0000000000000000;
2fa8: 25204cec19f39739;
2fa9: ffcd7a3f4a74e10b;
2faa: a126c870734e5159;
2fab: 208b940d11ec289a;
2fac: 0000000000052d8f;
2fad: 0000000000000000;
2fae: 0000000000000000;
2faf: 0000000000000000;
2fb0: 022d5425150695b8;
2fb1: 3fc84183a1fd416a;
2fb2: c6db1cbb4c73ed61;
2fb3: 89106b7a5821afcb;
2fb4: 000000000005f685;
2fb5: 0000000000000000;
2fb6: 0000000000000000;
2fb7: 0000000000000000;
2fb8: e5cfdd1dc02f35be;
2fb9: 83c35ffe851d888a;
2fba: 32fd762efeef5177;
2fbb: d885992ac7792463;
2fbc: 0000000000050283;
2fbd: 0000000000000000;
2fbe: 0000000000000000;
2fbf: 0000000000000000;
2fc0: 5a30e5c7cd2cec42;
2fc1: 9868e6583fd0db4a;
2fc2: 1463a323e08fc550;
2fc3: 86a40a6492fa2f5d;
2fc4: 000000000005959a;
2fc5: 0000000000000000;
2fc6: 0000000000000000;
2fc7: 0000000000000000;
2fc8: fb5dc11036dff9f4;
2fc9: a1d6b8f9762f218a;
2fca: 200023b361e86949;
2fcb: a4296a2dd0652c1b;
2fcc: 0000000000054812;
2fcd: 0000000000000000;
2fce: 0000000000000000;
2fcf: 0000000000000000;
2fd0: 2d2d2dbc04db1ba8;
2fd1: 41840928e5ac3b8a;
2fd2: 0afb849717f84943;
2fd3: eabc4b246c1a2f7c;
2fd4: 000000000004ae3a;
2fd5: 0000000000000000;
2fd6: 0000000000000000;
2fd7: 0000000000000000;
2fd8: bacbd917e54254e7;
2fd9: 44a13aa0897ebe4a;
2fda: 57f0173382efcd7e;
2fdb: eaf094934b112fa4;
2fdc: 0000000000056c39;
2fdd: 0000000000000000;
2fde: 0000000000000000;
2fdf: 0000000000000000;
2fe0: a912e9fcf3fed347;
2fe1: df21835d7fdb9d6b;
2fe2: 275ebf3b77d7ed76;
2fe3: 6db08de518ecae78;
2fe4: 0000000000056524;
2fe5: 0000000000000000;
2fe6: 0000000000000000;
2fe7: 0000000000000000;
2fe8: ee120cfe4dfecb15;
2fe9: 42de57d9a0c6812b;
2fea: 00cbb8500c36ed62;
2feb: 9d1b150f4b812fcb;
2fec: 0000000000051797;
2fed: 0000000000000000;
2fee: 0000000000000000;
2fef: 0000000000000000;
2ff0: 33fa15231fb679f0;
2ff1: 49f7c3eb07c6baaa;
2ff2: b473dbec27d4d558;
2ff3: e2ec79162bfeaedf;
2ff4: 0000000000056210;
2ff5: 0000000000000000;
2ff6: 0000000000000000;
2ff7: 0000000000000000;
2ff8: ba27cf00f223390e;
2ff9: 9f47ba5ac35b1dca;
2ffa: 5d17cc502f47f573;
2ffb: 1c748cfdcda0afc8;
2ffc: 000000000005699a;
2ffd: 0000000000000000;
2ffe: 0000000000000000;
2fff: 0000000000000000;
3000: d9158fdd353300ec;
3001: 879b84219bba1f6a;
3002: ae0eba4fce8f9550;
3003: d488a572938ba8ab;
3004: 0000000000056366;
3005: 0000000000000000;
3006: 0000000000000000;
3007: 0000000000000000;
3008: 01102cf4600bb201;
3009: 21c41a2186ea6bab;
300a: bbc466cb7efec954;
300b: 9c17a9144a812bc7;
300c: 0000000000056a02;
300d: 0000000000000000;
300e: 0000000000000000;
300f: 0000000000000000;
3010: d395350638464c44;
3011: 421efe061b81952a;
3012: c90b4cd7e2798161;
3013: 0f801b1275832ea3;
3014: 0000000000052e5a;
3015: 0000000000000000;
3016: 0000000000000000;
3017: 0000000000000000;
3018: bcdd2be912c5401b;
3019: 80be1bbc0028abaa;
301a: 302b70618d3efd7f;
301b: 8e91104276092a44;
301c: 000000000005738c;
301d: 0000000000000000;
301e: 0000000000000000;
301f: 0000000000000000;
3020: bc02daf5332c69ec;
3021: 811efa773e7dff2a;
3022: d09cd7b3ec42217d;
3023: 1383e05796ac2f8f;
3024: 000000000005f221;
3025: 0000000000000000;
3026: 0000000000000000;
3027: 0000000000000000;
3028: 1b151319c7ca4ef5;
3029: c3a27b7ad600204b;
302a: cf422014c80d697f;
302b: 68d2f80071312bc7;
302c: 0000000000051b56;
302d: 0000000000000000;
302e: 0000000000000000;
302f: 0000000000000000;
3030: c3f223e6fb67f549;
3031: 26a355a937d8826b;
3032: 094b2f8f9f844d46;
3033: 0f13851c00c9af74;
3034: 00000000000526e2;
3035: 0000000000000000;
3036: 0000000000000000;
3037: 0000000000000000;
3038: b01c2c08e8ed0de0;
3039: 01a0403cda88816b;
303a: 65142868455b897c;
303b: 88018158ed022fcf;
303c: 000000000005f6e2;
303d: 0000000000000000;
303e: 0000000000000000;
303f: 0000000000000000;
3040: b5c229f20bfb1efb;
3041: d8de78389b8150cb;
3042: 60955763e773a15d;
3043: 91fa5554a2062ea8;
3044: 00000000000571ae;
3045: 0000000000000000;
3046: 0000000000000000;
3047: 0000000000000000;
3048: 011a150bbf0917e5;
3049: 0a65d9ffd0ea620c;
304a: cb56b05ca0cb295e;
304b: ab58ccc3b16dafeb;
304c: 00000000000533df;
304d: 0000000000000000;
304e: 0000000000000000;
304f: 0000000000000000;
3050: faf42dfc002be965;
3051: c321fb62dafc8c4b;
3052: c08a7aec48594d7c;
3053: 84976588f65dac54;
3054: 000000000005007c;
3055: 0000000000000000;
3056: 0000000000000000;
3057: 0000000000000000;
3058: dd2f3118f00fecbc;
3059: 41289b1e9c89b4eb;
305a: 4104a0e3bce03957;
305b: 5ff66bd46a922c6f;
305c: 00000000000579d1;
305d: 0000000000000000;
305e: 0000000000000000;
305f: 0000000000000000;
3060: a40b1817d91bf730;
3061: f6dfbefec05ed5ea;
3062: 341153bfef0df97e;
3063: 2c85168eff77af84;
3064: 00000000000569a0;
3065: 0000000000000000;
3066: 0000000000000000;
3067: 0000000000000000;
3068: f80c19ee9eec08ff;
3069: bec0bf227dea24cb;
306a: f3c3552c3822297e;
306b: 92e55ff2795bac03;
306c: 00000000000587ed;
306d: 0000000000000000;
306e: 0000000000000000;
306f: 0000000000000000;
3070: e3b2efe4150efc55;
3071: 3c9bfc85d43f7b8b;
3072: 34d7c46aef93d97e;
3073: 0b72a90d6e7aaea4;
3074: 0000000000059bea;
3075: 0000000000000000;
3076: 0000000000000000;
3077: 0000000000000000;
3078: e4f411ea140ff94f;
3079: e1b79c5a5a5dc42b;
307a: f06cb36d796bd579;
307b: f92985da6561afc3;
307c: 0000000000049795;
307d: 0000000000000000;
307e: 0000000000000000;
307f: 0000000000000000;
3080: d21ac4c3bb2f37f3;
3081: d7ba9cff03fd818b;
3082: ac00032b9876b17c;
3083: 3d0bd6443f49b377;
3084: 00000000000566a6;
3085: 0000000000000000;
3086: 0000000000000000;
3087: 0000000000000000;
3088: db222805cbd0219e;
3089: c8a2d7be57a540cb;
308a: 6716c8379c285541;
308b: 7be57deb00b52cc6;
308c: 00000000000581fd;
308d: 0000000000000000;
308e: 0000000000000000;
308f: 0000000000000000;
3090: bd2003e01828c268;
3091: c13b9ce8badd04eb;
3092: 595b7f6bf3c7f97a;
3093: ff85a8117c67aefc;
3094: 000000000005a159;
3095: 0000000000000000;
3096: 0000000000000000;
3097: 0000000000000000;
3098: ba0a3d06d006eae8;
3099: e67a379ef7e3888b;
309a: 491ca2d4edb3ad57;
309b: 00195c69d6f4ac38;
309c: 0000000000050edc;
309d: 0000000000000000;
309e: 0000000000000000;
309f: 0000000000000000;
30a0: c7810f958b053fcb;
30a1: b6fba23fc47e9e8a;
30a2: 5c245e5fc3af0d7b;
30a3: 0307f7e40fd32e43;
30a4: 000000000005e519;
30a5: 0000000000000000;
30a6: 0000000000000000;
30a7: 0000000000000000;
30a8: eb3620f29ce40fa3;
30a9: 8721dcc49465c28b;
30aa: 6b0af3e7d85c055b;
30ab: 8f855f751481b05b;
30ac: 00000000000592fe;
30ad: 0000000000000000;
30ae: 0000000000000000;
30af: 0000000000000000;
30b0: d8280cef0b04d751;
30b1: a1f6fc40397c040b;
30b2: 50c322c077e50d7a;
30b3: 08a9e06e1f00ac58;
30b4: 000000000005354d;
30b5: 0000000000000000;
30b6: 0000000000000000;
30b7: 0000000000000000;
30b8: d6083d1ad117d8a6;
30b9: 49bf709f639b650b;
30ba: 88bc24303194495c;
30bb: d7875fef55132c68;
30bc: 00000000000506d8;
30bd: 0000000000000000;
30be: 0000000000000000;
30bf: 0000000000000000;
30c0: f0e6f102b8051619;
30c1: 144064628945d88b;
30c2: bc8046cfc3640d5f;
30c3: e26fab5b10c32f87;
30c4: 00000000000549b0;
30c5: 0000000000000000;
30c6: 0000000000000000;
30c7: 0000000000000000;
30c8: 001908dfa5e007fe;
30c9: 00dc9b49bd0a23cb;
30ca: fea6404c4ca35d5b;
30cb: a582cf1b0ad3aff3;
30cc: 0000000000051c4b;
30cd: 0000000000000000;
30ce: 0000000000000000;
30cf: 0000000000000000;
30d0: ebd006f80bdd036e;
30d1: f90180e7553e1fcb;
30d2: 849830431fc28961;
30d3: fc85318a76082ef7;
30d4: 0000000000052b6c;
30d5: 0000000000000000;
30d6: 0000000000000000;
30d7: 0000000000000000;
30d8: 08f606f10f03f141;
30d9: c2d51cdbbe7d530c;
30da: 54243b7c34e55d7c;
30db: 73ad05fe534bac7c;
30dc: 0000000000048b24;
30dd: 0000000000000000;
30de: 0000000000000000;
30df: 0000000000000000;
30e0: f021f8c0da2e2354;
30e1: 97fb82e244fe026b;
30e2: ef2f53df5113517a;
30e3: a00cd811f7802f93;
30e4: 0000000000055a2c;
30e5: 0000000000000000;
30e6: 0000000000000000;
30e7: 0000000000000000;
30e8: ee4620f2ecedd0fa;
30e9: c581d2a51fccbbcb;
30ea: 8f667fa2fc76ad5b;
30eb: fb768980ff23ad8b;
30ec: 0000000000060582;
30ed: 0000000000000000;
30ee: 0000000000000000;
30ef: 0000000000000000;
30f0: e30c48f0e9d5f858;
30f1: 0938fbcbb5dc0b4a;
30f2: 1544480807ba7d59;
30f3: f9012d8372ef2edc;
30f4: 00000000000597f2;
30f5: 0000000000000000;
30f6: 0000000000000000;
30f7: 0000000000000000;
30f8: fac55212e12f9752;
30f9: 4352e2ba3906658a;
30fa: 58a3e710550c2157;
30fb: 67ac5b1c5d702d10;
30fc: 0000000000055e7e;
30fd: 0000000000000000;
30fe: 0000000000000000;
30ff: 0000000000000000;
3100: 0add32d4f70c4311;
3101: 35944c5e2f3aef4b;
3102: b71b4b2aebf73d52;
3103: 0808e8fb7d552eaf;
3104: 00000000000551bd;
3105: 0000000000000000;
3106: 0000000000000000;
3107: 0000000000000000;
3108: 072e0bebcff7caa3;
3109: e548b8639ddf5fcb;
310a: b2722f3698377159;
310b: 0a086f8d08222da3;
310c: 0000000000058a76;
310d: 0000000000000000;
310e: 0000000000000000;
310f: 0000000000000000;
3110: 043879d710c6cfb0;
3111: a2fe3de454c89c8a;
3112: 0cb414201ae72552;
3113: 0dae9fe110caabb8;
3114: 00000000000533f3;
3115: 0000000000000000;
3116: 0000000000000000;
3117: 0000000000000000;
3118: e3f67b37db0ca4b2;
3119: 09db1d603e7f88ea;
311a: 08839c0bc953797f;
311b: de10fbfa7010ad5c;
311c: 000000000005f67d;
311d: 0000000000000000;
311e: 0000000000000000;
311f: 0000000000000000;
3120: 05ec2c23de2c2b42;
3121: 3afcc4632986666b;
3122: 9c1783e3a036a15f;
3123: e3603d6ef7cbafa7;
3124: 00000000000547b5;
3125: 0000000000000000;
3126: 0000000000000000;
3127: 0000000000000000;
3128: f8e904ebd707fcbc;
3129: 36683c4d6205c1cb;
312a: 038a43db406bd559;
312b: b3fdde290ae6ac84;
312c: 0000000000050bed;
312d: 0000000000000000;
312e: 0000000000000000;
312f: 0000000000000000;
3130: ed4319f8f6e8e5ec;
3131: eba0bcc00a4bbe2b;
3132: f4f0eb805cd14159;
3133: 9604e9202197a87e;
3134: 0000000000057e05;
3135: 0000000000000000;
3136: 0000000000000000;
3137: 0000000000000000;
3138: 1400dbe7dbeeb648;
3139: 79fe7d883ba6b5ea;
313a: 33b234e0e136cd64;
313b: 8f7b727894ef2964;
313c: 000000000005f4a0;
313d: 0000000000000000;
313e: 0000000000000000;
313f: 0000000000000000;
3140: 4806c7c2001a2fea;
3141: d51e83fc00e0006b;
3142: f3d30c1ca4e93962;
3143: f789f8f0e90b2fae;
3144: 000000000005e259;
3145: 0000000000000000;
3146: 0000000000000000;
3147: 0000000000000000;
3148: 9cb31ae2aa05ae13;
3149: be48ba56e4d5bdca;
314a: 9bcc232499ec7958;
314b: ee9182800b7cabda;
314c: 000000000005b42c;
314d: 0000000000000000;
314e: 0000000000000000;
314f: 0000000000000000;
3150: 9b7b132f2389d3f8;
3151: c2de3bc003e35caa;
3152: 3cbf5f1bc06b9974;
3153: fb5d778f248da93b;
3154: 00000000000504ff;
3155: 0000000000000000;
3156: 0000000000000000;
3157: 0000000000000000;
3158: d7d595bec9d10ee1;
3159: ffc0f82a86a45b0a;
315a: e4a2c8a568a78167;
315b: 07f37a6b5ce7ac43;
315c: 0000000000059313;
315d: 0000000000000000;
315e: 0000000000000000;
315f: 0000000000000000;
3160: 6fcbaff7637a420f;
3161: f4bb2619c140434a;
3162: 3c37740145403d63;
3163: f5b5e9eddc292faf;
3164: 000000000005010f;
3165: 0000000000000000;
3166: 0000000000000000;
3167: 0000000000000000;
3168: 09f915cfaa44e2bf;
3169: 7ac7fe9864c2430a;
316a: 484ff31b34d82156;
316b: 5872098b7884afc6;
316c: 000000000005f2f9;
316d: 0000000000000000;
316e: 0000000000000000;
316f: 0000000000000000;
3170: 2342f804efe804f2;
3171: e9fe9604e93f610b;
3172: 67828313fb850d50;
3173: 70d277f903b4289f;
3174: 0000000000050d1b;
3175: 0000000000000000;
3176: 0000000000000000;
3177: 0000000000000000;
3178: 14eea6e1e7ec0225;
3179: 851e96616823964a;
317a: 54cfd4547016fd63;
317b: fdffdcf95e8c2e88;
317c: 000000000005a28d;
317d: 0000000000000000;
317e: 0000000000000000;
317f: 0000000000000000;
3180: 2bf0bec5173442d5;
3181: d4178e93c7b8c38b;
3182: f0343cc0f783d55f;
3183: 7d196f7b0d0eaf66;
3184: 0000000000058130;
3185: 0000000000000000;
3186: 0000000000000000;
3187: 0000000000000000;
3188: 590cedcfc8f7f0f2;
3189: 97427ea3c05dc58a;
318a: 5404128b383f2d7a;
318b: da7a1e8fa4f8ac4f;
318c: 000000000005ddf7;
318d: 0000000000000000;
318e: 0000000000000000;
318f: 0000000000000000;
3190: fa71f4156dace9df;
3191: abb79eb8bfd8894a;
3192: f8ffd33bd92fd558;
3193: a1a08f129079ac0b;
3194: 0000000000058416;
3195: 0000000000000000;
3196: 0000000000000000;
3197: 0000000000000000;
3198: b61dc308f0fabc33;
3199: c83d41ef626283ca;
319a: 6b63049d5b2f9d7d;
319b: 134a73cf9a472cc8;
319c: 0000000000055d02;
319d: 0000000000000000;
319e: 0000000000000000;
319f: 0000000000000000;
31a0: 3edfbaea250529ce;
31a1: 3aa03ffcbdbe66cb;
31a2: e0169b203417cd68;
31a3: 5bfa5882767b2bef;
31a4: 000000000005f74f;
31a5: 0000000000000000;
31a6: 0000000000000000;
31a7: 0000000000000000;
31a8: c3c7fec2ad09dff4;
31a9: 8005c05a2a183fcb;
31aa: 2b0f57c38b53d57c;
31ab: d9a96b0ae8d2ad6b;
31ac: 00000000000525b3;
31ad: 0000000000000000;
31ae: 0000000000000000;
31af: 0000000000000000;
31b0: e37fdf4e548de5e9;
31b1: 6772f6da43b46dea;
31b2: cc366ebfb40a3551;
31b3: 0e9147177785a897;
31b4: 0000000000048fa1;
31b5: 0000000000000000;
31b6: 0000000000000000;
31b7: 0000000000000000;
31b8: cd0bb000d6d5f1ef;
31b9: 235fdf09443cc32b;
31ba: 0bbf7c2d03dba19f;
31bb: 9456ff58f9503034;
31bc: 000000000005f683;
31bd: 0000000000000000;
31be: 0000000000000000;
31bf: 0000000000000000;
31c0: 3ed6b61a4c2811fb;
31c1: 193fc3da7f7fc5ab;
31c2: c3ac5ef0c067516d;
31c3: 5d7c5394fb14ac35;
31c4: 0000000000057e06;
31c5: 0000000000000000;
31c6: 0000000000000000;
31c7: 0000000000000000;
31c8: eed7eac3d94a23f0;
31c9: ba4afa7c68fd62eb;
31ca: 13787e7fcf07757e;
31cb: c38e6a7dcbdc2dba;
31cc: 0000000000054f60;
31cd: 0000000000000000;
31ce: 0000000000000000;
31cf: 0000000000000000;
31d0: 274b020902f8eb05;
31d1: 889cdc9ce638afab;
31d2: 93c69bb033ab6557;
31d3: 780859fee6092c37;
31d4: 0000000000058e7d;
31d5: 0000000000000000;
31d6: 0000000000000000;
31d7: 0000000000000000;
31d8: ea0db3fbe7d0e5d6;
31d9: 459fdf69e6c1262b;
31da: a8cb8b59d6e69d7d;
31db: 0ec0ec4fdb752b4b;
31dc: 0000000000050778;
31dd: 0000000000000000;
31de: 0000000000000000;
31df: 0000000000000000;
31e0: 36e8afd4170132d7;
31e1: 7fbfe61a011c22ab;
31e2: f781172dd6bb0d69;
31e3: 0215ef9e07242900;
31e4: 0000000000050429;
31e5: 0000000000000000;
31e6: 0000000000000000;
31e7: 0000000000000000;
31e8: 28caaeaeca75ebdf;
31e9: 35c9590166a0440a;
31ea: 3c0c628c3b7f7d7a;
31eb: 5a7b0bedf6efaceb;
31ec: 000000000005f276;
31ed: 0000000000000000;
31ee: 0000000000000000;
31ef: 0000000000000000;
31f0: eb1d310a3aaec8cb;
31f1: 013f5efb1c58096a;
31f2: c4d3af839d900961;
31f3: 1218912314e22fb7;
31f4: 000000000005ee8a;
31f5: 0000000000000000;
31f6: 0000000000000000;
31f7: 0000000000000000;
31f8: cf4edf31b6fad3d9;
31f9: c7bd8da66097442a;
31fa: 83afb0494372a562;
31fb: 71c4f8671c73ac58;
31fc: 00000000000568dc;
31fd: 0000000000000000;
31fe: 0000000000000000;
31ff: 0000000000000000;
3200: 1db5e9c729fb31c2;
3201: fde844dfbe3e3e6b;
3202: e8abf7b6ef3b6d48;
3203: 5811dc00d7f7ab6c;
3204: 000000000005f9fa;
3205: 0000000000000000;
3206: 0000000000000000;
3207: 0000000000000000;
3208: 95c1e4f7baf9ba69;
3209: a084463d8776de6a;
320a: 2f8f7ff3a79b1d7f;
320b: f47b61835c74b10c;
320c: 0000000000058087;
320d: 0000000000000000;
320e: 0000000000000000;
320f: 0000000000000000;
3210: fa73e100f8b6c2be;
3211: 67e112995b70eaaa;
3212: 8bce83643c3ea142;
3213: 8896608b9765282c;
3214: 0000000000055e92;
3215: 0000000000000000;
3216: 0000000000000000;
3217: 0000000000000000;
3218: bc40a20ebae5dbd1;
3219: 24bc1e2a2179e56a;
321a: db23745d938a7960;
321b: 02dbf96f11ecacd3;
321c: 000000000005ecea;
321d: 0000000000000000;
321e: 0000000000000000;
321f: 0000000000000000;
3220: f5b8d8dc2917290e;
3221: 01a5e5201d5cfecb;
3222: 436c736fb32f4d6d;
3223: eaf46d0d7cf72cc9;
3224: 000000000005d57d;
3225: 0000000000000000;
3226: 0000000000000000;
3227: 0000000000000000;
3228: c600e4c3d848156e;
3229: 3b689dde67bd9e2a;
322a: cfcbafcc0faf497f;
322b: f112d1e7edea312b;
322c: 0000000000055ffc;
322d: 0000000000000000;
322e: 0000000000000000;
322f: 0000000000000000;
3230: 1939f9fcecf8a6cc;
3231: c1e4f41b3eb61dab;
3232: e837384108080945;
3233: ff89de8770972c23;
3234: 000000000005867d;
3235: 0000000000000000;
3236: 0000000000000000;
3237: 0000000000000000;
3238: c902b242d5e5899e;
3239: e6df39a4a2f6a62a;
323a: 9b8027c8e752cd5e;
323b: 0247756372892c73;
323c: 0000000000055fec;
323d: 0000000000000000;
323e: 0000000000000000;
323f: 0000000000000000;
3240: e6ceddb6feec4ee8;
3241: 2644635d1f58bbab;
3242: c3accac14b0c2d6a;
3243: e571f6afeb91a937;
3244: 00000000000572e8;
3245: 0000000000000000;
3246: 0000000000000000;
3247: 0000000000000000;
3248: f0cdbadfe61e1e62;
3249: 576ef5e14be1c08a;
324a: cbe32ee8f3dac95d;
324b: 4f6c09dd68daa97c;
324c: 00000000000512f1;
324d: 0000000000000000;
324e: 0000000000000000;
324f: 0000000000000000;
3250: 832e60a520cb99d5;
3251: 65cb6a241972e7a4;
3252: b986a4832e63e890;
3253: 2b2e9065cc7d120c;
3254: 0000000000024197;
3255: 0000000000000000;
3256: 0000000000000000;
3257: 8000000000000000;
3258: 832e581d20cb9972;
3259: 65cb372419731b44;
325a: b9a254832e619890;
325b: 2a969065cb64120c;
325c: 0000000000024197;
325d: 0000000000000000;
325e: 0000000000000000;
325f: 8000000000000000;
3260: d2dd040a1f262ebd;
3261: dae14af6b537d7eb;
3262: 07df23b9eb57bd64;
3263: 2064fddb88fc2bbf;
3264: 0000000000050b4e;
3265: 0000000000000000;
3266: 0000000000000000;
3267: 0000000000000000;
3268: 28bf130bedf01d11;
3269: 1e1f3d1f69fb05eb;
326a: 3f97809703e85166;
326b: f2e78ede8c6233f4;
326c: 000000000005e801;
326d: 0000000000000000;
326e: 0000000000000000;
326f: 0000000000000000;
3270: 106232dae600e83c;
3271: 1fc98238a7285f6a;
3272: 98bfd934d8400d7e;
3273: 72f3267b7d982b32;
3274: 0000000000050856;
3275: 0000000000000000;
3276: 0000000000000000;
3277: 0000000000000000;
3278: f396e3ea20c4d8d1;
3279: 162be2df0046d9ab;
327a: feb3930bed303163;
327b: 6ef882ef0d8f2f7b;
327c: 000000000005cffc;
327d: 0000000000000000;
327e: 0000000000000000;
327f: 0000000000000000;
3280: 0800e020164b0bf5;
3281: ab19089af675520c;
3282: 1bf2afb508228558;
3283: b51492751901abd4;
3284: 0000000000050748;
3285: 0000000000000000;
3286: 0000000000000000;
3287: 0000000000000000;
3288: 50fa5973c1caec13;
3289: b93b20c27b17e26a;
328a: a326fc37c3cc7d7c;
328b: 81f996e5135cb06b;
328c: 000000000005e474;
328d: 0000000000000000;
328e: 0000000000000000;
328f: 0000000000000000;
3290: f47458f208c0001c;
3291: 230be338a3ec3f2a;
3292: d40f0982a0aae17c;
3293: 0be0f584faa02aa2;
3294: 0000000000059850;
3295: 0000000000000000;
3296: 0000000000000000;
3297: 0000000000000000;
3298: 08accbb17de9d0f8;
3299: fb0500e0426bfeaa;
329a: 06b3a2ebe8dc0d63;
329b: 818f7a088a8faff0;
329c: 000000000005dd70;
329d: 0000000000000000;
329e: 0000000000000000;
329f: 0000000000000000;
32a0: 61f5ee22c46823ff;
32a1: c80022be63a082ab;
32a2: b7d28bd33c8b599d;
32a3: 070a26ff996c284c;
32a4: 0000000000050ed2;
32a5: 0000000000000000;
32a6: 0000000000000000;
32a7: 0000000000000000;
32a8: 8236570d139a2e54;
32a9: dd21e3223a18c38a;
32aa: 322a885c4be10174;
32ab: f8928f14256bac9c;
32ac: 000000000005886c;
32ad: 0000000000000000;
32ae: 0000000000000000;
32af: 0000000000000000;
32b0: 810a58cc4a2642fe;
32b1: e3e404d8656b80ca;
32b2: b7a6e35e650c0d7b;
32b3: 04f4808608a52b6a;
32b4: 0000000000058de3;
32b5: 0000000000000000;
32b6: 0000000000000000;
32b7: 0000000000000000;
32b8: 02c6c9bd2037e21e;
32b9: 351d431ca16ac2aa;
32ba: e704de8ff0b37d6c;
32bb: 800978f2259fac5f;
32bc: 00000000000544db;
32bd: 0000000000000000;
32be: 0000000000000000;
32bf: 0000000000000000;
32c0: b6153412f8bbfcf6;
32c1: 23e18ad8335f5aab;
32c2: 77ff840917ef9160;
32c3: 97ebeb490e17afbb;
32c4: 0000000000057484;
32c5: 0000000000000000;
32c6: 0000000000000000;
32c7: 0000000000000000;
32c8: 09dd3b3f3bae142b;
32c9: de01005e099d256a;
32ca: f372d43f63ffb965;
32cb: fb7271e006e5b3ef;
32cc: 000000000005ff11;
32cd: 0000000000000000;
32ce: 0000000000000000;
32cf: 0000000000000000;
32d0: 421d1512162ceada;
32d1: d98d007880a9d78b;
32d2: 67fbccab594be161;
32d3: f4e1aef2ef5e2baf;
32d4: 0000000000057d0a;
32d5: 0000000000000000;
32d6: 0000000000000000;
32d7: 0000000000000000;
32d8: d190cec143d108f3;
32d9: 23a2be01e068c10a;
32da: 9eeefc81e0cf0561;
32db: 091773e69e7ea8df;
32dc: 0000000000054cff;
32dd: 0000000000000000;
32de: 0000000000000000;
32df: 0000000000000000;
32e0: 1937eb65292a1cd6;
32e1: 481e237dda7e9dcb;
32e2: 8b9eb7a518e6319c;
32e3: 32fff7e6a2a5ab87;
32e4: 0000000000056279;
32e5: 0000000000000000;
32e6: 0000000000000000;
32e7: 0000000000000000;
32e8: faf81358fac22f14;
32e9: 57fc1fde3135ca2b;
32ea: a36acfb437e03d5f;
32eb: 37f502dc8b5db07f;
32ec: 0000000000050c63;
32ed: 0000000000000000;
32ee: 0000000000000000;
32ef: 0000000000000000;
32f0: 423b090205ede7f3;
32f1: 3dcd7ffc9d4f56eb;
32f2: b013d50f40a3b17e;
32f3: 814d08eff573aff3;
32f4: 0000000000058dd9;
32f5: 0000000000000000;
32f6: 0000000000000000;
32f7: 0000000000000000;
32f8: e00dc9c1681c0d0c;
32f9: c99fde4043eb41aa;
32fa: f6e277b5446b7d61;
32fb: 1ba25a6e392f2b92;
32fc: 0000000000056ae3;
32fd: 0000000000000000;
32fe: 0000000000000000;
32ff: 0000000000000000;
3300: 4230ce1ffc5114e8;
3301: 6dffa1f7e31e224b;
3302: df9aac2ecc9b097b;
3303: 8b7d078b0d89ab53;
3304: 00000000000549fd;
3305: 0000000000000000;
3306: 0000000000000000;
3307: 0000000000000000;
3308: c3b60018c1d03f64;
3309: 3f627dc852f6682a;
330a: f36653594f5cc156;
330b: 911aa62da76f2cbf;
330c: 00000000000537cd;
330d: 0000000000000000;
330e: 0000000000000000;
330f: 0000000000000000;
3310: 1e5640fe44960812;
3311: 64e33cbb63affa4a;
3312: db50a8365dd0695c;
3313: 7f4489c7786b290e;
3314: 0000000000055f4f;
3315: 0000000000000000;
3316: 0000000000000000;
3317: 0000000000000000;
3318: f743fcf2210b0d12;
3319: e4d25f404929646b;
331a: 4abcb257f1d04d4a;
331b: 811478dabf2c2acf;
331c: 000000000005564d;
331d: 0000000000000000;
331e: 0000000000000000;
331f: 0000000000000000;
3320: ebf112f8f1a7fc39;
3321: 1e3d6bd4b203600c;
3322: e4fb711cd193c94b;
3323: f0f6a276ae17250b;
3324: 0000000000056b09;
3325: 0000000000000000;
3326: 0000000000000000;
3327: 0000000000000000;
3328: f7f5f71e45d3efed;
3329: 22679cdb261f69aa;
332a: 3c42df60a823b54a;
332b: 98f84f6ae273afc4;
332c: 0000000000057e3f;
332d: 0000000000000000;
332e: 0000000000000000;
332f: 0000000000000000;
3330: d65620544e42ceac;
3331: 194982bc014279aa;
3332: 101fefe4d917b963;
3333: f1809281dee5ac6c;
3334: 000000000005eeff;
3335: 0000000000000000;
3336: 0000000000000000;
3337: 0000000000000000;
3338: a9db0cc970d512d8;
3339: 05ff7e0064c1c9ea;
333a: 0b4abce9440b257c;
333b: 82815b7b8771a970;
333c: 000000000005f50b;
333d: 0000000000000000;
333e: 0000000000000000;
333f: 0000000000000000;
3340: ea000a49e8b0f646;
3341: 6afba1365ce25d0b;
3342: d39bb09485a3d165;
3343: 966077e325ab288b;
3344: 000000000005567e;
3345: 0000000000000000;
3346: 0000000000000000;
3347: 0000000000000000;
3348: c3340664f5db4a07;
3349: 5ec35f1dd358c42a;
334a: 97bac3048753e57f;
334b: a37f797ded80ac93;
334c: 0000000000058478;
334d: 0000000000000000;
334e: 0000000000000000;
334f: 0000000000000000;
3350: 08200c01f517b3dc;
3351: ba85a21c3aeb36cb;
3352: c3d7e8a4e91b2d7e;
3353: ed62020b58d8ad0b;
3354: 000000000005f265;
3355: 0000000000000000;
3356: 0000000000000000;
3357: 0000000000000000;
3358: 0c20058d7a0c0db1;
3359: a93e7c1ce9e3096a;
335a: f01b40984fd0297e;
335b: 9c7242079a922fd6;
335c: 0000000000050a65;
335d: 0000000000000000;
335e: 0000000000000000;
335f: 0000000000000000;
3360: 2238d250d723d5ea;
3361: e65e8032ec3dddcb;
3362: 3f07a0878914316c;
3363: 1c60edfffe952bd4;
3364: 0000000000054e7e;
3365: 0000000000000000;
3366: 0000000000000000;
3367: 0000000000000000;
3368: 9adbfcf9d207f132;
3369: a244e01df59aa40a;
336a: e023ce907f9cbd7d;
336b: 348d943f82922c2f;
336c: 0000000000051b0b;
336d: 0000000000000000;
336e: 0000000000000000;
336f: 0000000000000000;
3370: 1e35130ffae9b813;
3371: 693b1edf928e810b;
3372: faad5fe02d183d5e;
3373: f6f2fbe85971a8fb;
3374: 000000000005d8eb;
3375: 0000000000000000;
3376: 0000000000000000;
3377: 0000000000000000;
3378: 126114e21ce008c2;
3379: c47adddd093fc42a;
337a: 64cf5c26f4dd3560;
337b: 1701000199ab2a4f;
337c: 0000000000050569;
337d: 0000000000000000;
337e: 0000000000000000;
337f: 0000000000000000;
3380: 184989fd53e837ac;
3381: dee245c8fe1f9c8b;
3382: 57303b6c5f2d2d60;
3383: ee530d52243b2b17;
3384: 000000000004b339;
3385: 0000000000000000;
3386: 0000000000000000;
3387: 0000000000000000;
3388: ae485fe4d729a791;
3389: d7fb227523b7372a;
338a: a058338d2ff00136;
338b: d96f7a795e01acd3;
338c: 000000000005ff6c;
338d: 0000000000000000;
338e: 0000000000000000;
338f: 0000000000000000;
3390: 2e30bd06efd5f107;
3391: 3e9563ea7c6184ab;
3392: 7c003843d3bd255d;
3393: e41c6ee46426ac9b;
3394: 0000000000056b7e;
3395: 0000000000000000;
3396: 0000000000000000;
3397: 0000000000000000;
3398: aee0e5004417b334;
3399: e3ee4fb76b8529ca;
339a: 6b7faffbc3f9915a;
339b: 87d10177fcd1a864;
339c: 0000000000051582;
339d: 0000000000000000;
339e: 0000000000000000;
339f: 0000000000000000;
33a0: 06fc0b262afcefb6;
33a1: bdb5420840d7954b;
33a2: 02b872f01ea18578;
33a3: e4f609ee86ad2b23;
33a4: 0000000000051992;
33a5: 0000000000000000;
33a6: 0000000000000000;
33a7: 0000000000000000;
33a8: 1e5d3ff3e207a5e6;
33a9: 6516e241fda11bca;
33aa: 40585719b2dfcd5a;
33ab: 4e5c647ad265af63;
33ac: 0000000000056c0a;
33ad: 0000000000000000;
33ae: 0000000000000000;
33af: 0000000000000000;
33b0: 306e9a56b210e42e;
33b1: 789b798c9525dbea;
33b2: 8be0841bf2f50155;
33b3: 74f2fc770fb02ccf;
33b4: 0000000000059a7b;
33b5: 0000000000000000;
33b6: 0000000000000000;
33b7: 0000000000000000;
33b8: bd21ee0f6eea211e;
33b9: e163ac3ec4a39f0a;
33ba: 9d18730777806560;
33bb: 82eff7097750282f;
33bc: 0000000000050f51;
33bd: 0000000000000000;
33be: 0000000000000000;
33bf: 0000000000000000;
33c0: 12e83f162d0db008;
33c1: 00145bc385161feb;
33c2: 531503645f9c9d7e;
33c3: 6e1016fe7320abbb;
33c4: 000000000005f9ff;
33c5: 0000000000000000;
33c6: 0000000000000000;
33c7: 0000000000000000;
33c8: 7355bdd54eb920fe;
33c9: 085c9ea1e223e3ca;
33ca: cf380be14323717f;
33cb: 9a90e6fe54932f8b;
33cc: 0000000000055c04;
33cd: 0000000000000000;
33ce: 0000000000000000;
33cf: 0000000000000000;
33d0: 6004ccf4eeec282a;
33d1: d7c972c51ce9a1aa;
33d2: 5f8470773e107140;
33d3: fb73f9ff9c26285c;
33d4: 0000000000058907;
33d5: 0000000000000000;
33d6: 0000000000000000;
33d7: 0000000000000000;
33d8: 0c16e9f3590a4d20;
33d9: 1fc5c91ebf057fca;
33da: 3d6ba7dee27d2961;
33db: 5f0d7e90f7df2bb7;
33dc: 000000000004b546;
33dd: 0000000000000000;
33de: 0000000000000000;
33df: 0000000000000000;
33e0: 2446deef0fb032f2;
33e1: a6acef8bdd7967cb;
33e2: ac6f7ab0feb7d15f;
33e3: 694d9d647b002afa;
33e4: 0000000000050620;
33e5: 0000000000000000;
33e6: 0000000000000000;
33e7: 0000000000000000;
33e8: ce2752ebce00bbff;
33e9: 5968beb86611598b;
33ea: d4bf502957037942;
33eb: 4e52dce5e5072c3f;
33ec: 0000000000057709;
33ed: 0000000000000000;
33ee: 0000000000000000;
33ef: 0000000000000000;
33f0: 1a5bd02219c6fe18;
33f1: bad8572ab396fe6b;
33f2: 63f0a84057414d5d;
33f3: 7ef76dda61a3ac14;
33f4: 0000000000057f70;
33f5: 0000000000000000;
33f6: 0000000000000000;
33f7: 0000000000000000;
33f8: d535cefd7fa603c1;
33f9: de6a470041630209;
33fa: fa86ceef349c557f;
33fb: fa210cf26314ab3f;
33fc: 0000000000057565;
33fd: 0000000000000000;
33fe: 0000000000000000;
33ff: 0000000000000000;
3400: 0e43d33549ea27bd;
3401: 0958a385c13ce20a;
3402: e3dfa69cae1bf17e;
3403: e2499e6276932b2e;
3404: 00000000000525b6;
3405: 0000000000000000;
3406: 0000000000000000;
3407: 0000000000000000;
3408: 130d29b227d3dd47;
3409: 2ce8e072c1525faa;
340a: 2c33c4b1b3740528;
340b: 71c9c0dd8271afa3;
340c: 000000000004871d;
340d: 0000000000000000;
340e: 0000000000000000;
340f: 0000000000000000;
3410: 0659e842dcf7f666;
3411: 177ab78432babd4b;
3412: e39c97fc06a0797b;
3413: 89ed6e6e7b1bacdb;
3414: 000000000005a1f0;
3415: 0000000000000000;
3416: 0000000000000000;
3417: 0000000000000000;
3418: 0e0eec1641df1bef;
3419: 1de90ac14647bb0b;
341a: fc904b5afc7bdd63;
341b: 069e01926782af83;
341c: 000000000005fb5a;
341d: 0000000000000000;
341e: 0000000000000000;
341f: 0000000000000000;
3420: c5cb73f2fa35efd0;
3421: 87d4413d0bde8c8a;
3422: 23e7af883693f948;
3423: d46702ffdb1a2b84;
3424: 000000000005018f;
3425: 0000000000000000;
3426: 0000000000000000;
3427: 0000000000000000;
3428: 0614dfd14ac60733;
3429: 4ddddd7ca4e009ab;
342a: b78be86d43938948;
342b: 756a858c766fafd3;
342c: 0000000000052779;
342d: 0000000000000000;
342e: 0000000000000000;
342f: 0000000000000000;
3430: fc11f113edebd644;
3431: 397bfb21967d5dcb;
3432: c40960e35e833560;
3433: 13e8f7df0e93abec;
3434: 0000000000058a7d;
3435: 0000000000000000;
3436: 0000000000000000;
3437: 0000000000000000;
3438: 4d1ca9f47db528fe;
3439: db69c7004586586a;
343a: e89fe4ea4fef9944;
343b: 7dadf31e499fab26;
343c: 0000000000057a55;
343d: 0000000000000000;
343e: 0000000000000000;
343f: 0000000000000000;
3440: 305ce714f8b26a0e;
3441: 48e5e6bd7b5ca12a;
3442: 20636ae4d7876154;
3443: 4fc799f48be02b0b;
3444: 000000000004dead;
3445: 0000000000000000;
3446: 0000000000000000;
3447: 0000000000000000;
3448: b9131edd1321921e;
3449: d8ca42fca930398a;
344a: 1d3764a564628956;
344b: 6ae10179a618ab5c;
344c: 000000000005489e;
344d: 0000000000000000;
344e: 0000000000000000;
344f: 0000000000000000;
3450: 241c1cdc72a2ba44;
3451: 7dfd34e3f738c2aa;
3452: 0b9cfbc4403bfd55;
3453: f77d6885dd19afdd;
3454: 000000000005f4ee;
3455: 0000000000000000;
3456: 0000000000000000;
3457: 0000000000000000;
3458: 16200a0516fd12ab;
3459: 774ec9e81afc03ea;
345a: d73e3b439bef2d5c;
345b: 7c819ff4e711abcb;
345c: 00000000000502df;
345d: 0000000000000000;
345e: 0000000000000000;
345f: 0000000000000000;
3460: c873de3046cb0e32;
3461: aa173ba09a3e852a;
3462: 481353189aa3717f;
3463: c2530e87867b2ad8;
3464: 0000000000050327;
3465: 0000000000000000;
3466: 0000000000000000;
3467: 0000000000000000;
3468: 18faf5a371b05f23;
3469: 230c3e3989b05eca;
346a: 4c1b51109133d155;
346b: 0d8b070225082f93;
346c: 0000000000054df7;
346d: 0000000000000000;
346e: 0000000000000000;
346f: 0000000000000000;
3470: 202821202c0df378;
3471: fa7b1b1fd79bbe4b;
3472: 1bf4abbbdfc7c173;
3473: 886ad503e797ac29;
3474: 0000000000059cdb;
3475: 0000000000000000;
3476: 0000000000000000;
3477: 0000000000000000;
3478: 120f03141bdd15b6;
3479: 76edee59e784d90b;
347a: 2c67f36b0c87dd41;
347b: 119fed1473f72ee8;
347c: 0000000000054ecf;
347d: 0000000000000000;
347e: 0000000000000000;
347f: 0000000000000000;
3480: 9ee40eebfdf2110f;
3481: 039f827b597ecc2b;
3482: 346790349f9fdd65;
3483: 4b5bfd1967142ab5;
3484: 0000000000057097;
3485: 0000000000000000;
3486: 0000000000000000;
3487: 0000000000000000;
3488: ddfabb9641c534fc;
3489: 7ec6a2a1407da9ea;
348a: ec484ca85d180140;
348b: 800a132086c62f87;
348c: 000000000005117d;
348d: 0000000000000000;
348e: 0000000000000000;
348f: 0000000000000000;
3490: 0a0334281323db7e;
3491: 5802610012d39dab;
3492: b0c44b937ce2ed54;
3493: 2268506f08182b31;
3494: 0000000000051e6c;
3495: 0000000000000000;
3496: 0000000000000000;
3497: 0000000000000000;
3498: 02feea4859c126b8;
3499: ff18035305c526aa;
349a: 67b88033b57f9941;
349b: 0681c50f429c2a3f;
349c: 0000000000056bfb;
349d: 0000000000000000;
349e: 0000000000000000;
349f: 0000000000000000;
34a0: d219690fe7e1007b;
34a1: 0978ff209c3f496b;
34a2: ed544d907093d17e;
34a3: 9a77030759e627e7;
34a4: 000000000005419b;
34a5: 0000000000000000;
34a6: 0000000000000000;
34a7: 0000000000000000;
34a8: 483432095f622355;
34a9: 85999a7e62bc8c8a;
34aa: 8bbcf0289185657a;
34ab: 0a6ddf04077eab50;
34ac: 000000000005f6ec;
34ad: 0000000000000000;
34ae: 0000000000000000;
34af: 0000000000000000;
34b0: 1546f6eed20bd7ee;
34b1: 84dc833ffd1a6c0b;
34b2: e6fb584a6c3fb17f;
34b3: 79eae41c09eeafb3;
34b4: 0000000000053d5c;
34b5: 0000000000000000;
34b6: 0000000000000000;
34b7: 0000000000000000;
34b8: 0502321273cb3c98;
34b9: ae40ad03a07638ca;
34ba: 85a88d2b9c2c014c;
34bb: fe88fa6702e329a0;
34bc: 0000000000058456;
34bd: 0000000000000000;
34be: 0000000000000000;
34bf: 0000000000000000;
34c0: d23b65e7dd03dde8;
34c1: 07c887c3bd789bcb;
34c2: c8d7dd7034ddf57e;
34c3: 867078de0050abe0;
34c4: 0000000000054d16;
34c5: 0000000000000000;
34c6: 0000000000000000;
34c7: 0000000000000000;
34c8: 37413e3a06fad349;
34c9: 0a2002fbc9f5c60b;
34ca: 77e02c487d37955e;
34cb: 02f6e780ed7bac4b;
34cc: 0000000000058bdc;
34cd: 0000000000000000;
34ce: 0000000000000000;
34cf: 0000000000000000;
34d0: 6854d2268614b8d0;
34d1: a53d4a9bfb56e26a;
34d2: 277f5856f4744178;
34d3: e85ccb0bfd782fe0;
34d4: 000000000004bd7e;
34d5: 0000000000000000;
34d6: 0000000000000000;
34d7: 0000000000000000;
34d8: 0ff0081844d3fddb;
34d9: 433f8326c1189ccb;
34da: 7484b7a373f39968;
34db: 818f07de16eaad48;
34dc: 0000000000056c0c;
34dd: 0000000000000000;
34de: 0000000000000000;
34df: 0000000000000000;
34e0: da410ff30ffcf5f9;
34e1: 9f05067edd3c144c;
34e2: 2c3bb7e7f04d2d80;
34e3: 10642b9885762c44;
34e4: 0000000000055bec;
34e5: 0000000000000000;
34e6: 0000000000000000;
34e7: 0000000000000000;
34e8: 4c17542ae9fcceda;
34e9: e8874d3ca1a253cb;
34ea: b82c2d14b8c24d48;
34eb: fdf165fd6d23afe3;
34ec: 0000000000058de5;
34ed: 0000000000000000;
34ee: 0000000000000000;
34ef: 0000000000000000;
34f0: fc0cd82a08f8c4b8;
34f1: 5c3baf77b130beca;
34f2: b3ebb41bdd3fed59;
34f3: 9ff1d26981d62cbb;
34f4: 0000000000055d96;
34f5: 0000000000000000;
34f6: 0000000000000000;
34f7: 0000000000000000;
34f8: 03ee0ffd26eddfbc;
34f9: 1b5903451b72f0cb;
34fa: ffac9faffc2c454c;
34fb: d60b0d6f888e2d3b;
34fc: 00000000000566a7;
34fd: 0000000000000000;
34fe: 0000000000000000;
34ff: 0000000000000000;
3500: d7146214d9b42af1;
3501: c59f43e0d9e128ab;
3502: 343fd4cca3b2b962;
3503: 7b590a154ff92b18;
3504: 000000000005549c;
3505: 0000000000000000;
3506: 0000000000000000;
3507: 0000000000000000;
3508: 2c0c1ff544ef0445;
3509: e1767e00a17d6ccb;
350a: 5fe844876cd9bd50;
350b: 8ae5e8ef13e2afbc;
350c: 000000000005a8f3;
350d: 0000000000000000;
350e: 0000000000000000;
350f: 0000000000000000;
3510: 302a00c698c60638;
3511: 83d4e646171c268a;
3512: 0b8b10ab77c2a178;
3513: 50e7421984042d2c;
3514: 000000000005214e;
3515: 0000000000000000;
3516: 0000000000000000;
3517: 0000000000000000;
3518: e0d8390d7dd0003c;
3519: 2e5640ca3efdc58a;
351a: dda00a9bb46a8546;
351b: 7b0df0dd1d5b29ff;
351c: 000000000005fcf1;
351d: 0000000000000000;
351e: 0000000000000000;
351f: 0000000000000000;
3520: c1f63e0ee4cf08a1;
3521: a9672c991921bceb;
3522: 20537934affd296b;
3523: 6c44f062f966ab64;
3524: 0000000000055d09;
3525: 0000000000000000;
3526: 0000000000000000;
3527: 0000000000000000;
3528: 3f03440615c3cd37;
3529: 8441aa5924b1ec8b;
352a: d3440533e48c5d5a;
352b: 08eb750374e9ac8f;
352c: 000000000005abdf;
352d: 0000000000000000;
352e: 0000000000000000;
352f: 0000000000000000;
3530: 702ecc0485b2f630;
3531: 05f54a6177579d6a;
3532: 6626a02cd05c1d73;
3533: 7cec78821076a99f;
3534: 000000000005f760;
3535: 0000000000000000;
3536: 0000000000000000;
3537: 0000000000000000;
3538: f4e5220e5de6fe0e;
3539: 6b9c9ec4c379e52b;
353a: 7cc007175ff6d563;
353b: d282e6dd346d2dc0;
353c: 0000000000057310;
353d: 0000000000000000;
353e: 0000000000000000;
353f: 0000000000000000;
3540: ba1c3f0400faf8cb;
3541: 5f82cd959c1ff44b;
3542: 4f6f70084425d56b;
3543: 565079e6f8fc2844;
3544: 0000000000055e85;
3545: 0000000000000000;
3546: 0000000000000000;
3547: 0000000000000000;
3548: 14dd4edbe4cee9cc;
3549: ea8a85fc3e13e10b;
354a: e787e5dbd7f2e549;
354b: 0fef0c046c152ca7;
354c: 000000000005935e;
354d: 0000000000000000;
354e: 0000000000000000;
354f: 0000000000000000;
3550: 3c2ca010d4e2f0fc;
3551: dc398b389572d72a;
3552: a6ebd8214904f952;
3553: 1168e68466f0a99f;
3554: 0000000000055187;
3555: 0000000000000000;
3556: 0000000000000000;
3557: 0000000000000000;
3558: 01ed20fa42e8f3db;
3559: 0cbbc525817d016b;
355a: d45407cf30370148;
355b: 42fa0b7f1f942d6f;
355c: 0000000000057114;
355d: 0000000000000000;
355e: 0000000000000000;
355f: 0000000000000000;
3560: 264945000ef30f40;
3561: c9476645fe8ecdab;
3562: 1dae98a139ae4d47;
3563: 81df832dd97d26ad;
3564: 0000000000050f98;
3565: 0000000000000000;
3566: 0000000000000000;
3567: 0000000000000000;
3568: 04d306e652c8e733;
3569: 60b87d28859a7dcb;
356a: 0047a073cfa12559;
356b: 137872dc2edaac5c;
356c: 000000000005b9e1;
356d: 0000000000000000;
356e: 0000000000000000;
356f: 0000000000000000;
3570: 1616329e282cca10;
3571: 2a79046af905400a;
3572: 20bf9c64d7ca8151;
3573: 5b81680d8070ada3;
3574: 0000000000058a6d;
3575: 0000000000000000;
3576: 0000000000000000;
3577: 0000000000000000;
3578: f3d6f90f300ab05f;
3579: 0c17a96d7c36ecaa;
357a: b3dc46a484c30d59;
357b: 7183e76920cbacc7;
357c: 000000000005f4fa;
357d: 0000000000000000;
357e: 0000000000000000;
357f: 0000000000000000;
3580: fd1f6d1970b24982;
3581: e36366fc198a3dca;
3582: 80d390895000a165;
3583: 7a57857e7978a800;
3584: 000000000005fc05;
3585: 0000000000000000;
3586: 0000000000000000;
3587: 0000000000000000;
3588: f9ab2fed22ae03fd;
3589: 405e233e3fd7226b;
358a: b8036d0063209561;
358b: 8cf9fa6e0e6aac77;
358c: 000000000005af5d;
358d: 0000000000000000;
358e: 0000000000000000;
358f: 0000000000000000;
3590: fcec26a018b22264;
3591: c85a0321f8bf5c0a;
3592: 9ff3f4a0bc13d578;
3593: fa82118903752d6f;
3594: 000000000005f2d2;
3595: 0000000000000000;
3596: 0000000000000000;
3597: 0000000000000000;
3598: eefb30ef59d1ef35;
3599: aabbc744867dc68a;
359a: 04240e9fc4874162;
359b: db797c0212792d20;
359c: 000000000005f787;
359d: 0000000000000000;
359e: 0000000000000000;
359f: 0000000000000000;
35a0: b4ee111b23161cec;
35a1: e1bda3fc01495c6b;
35a2: 03179b2584144d67;
35a3: 65567561a196a47c;
35a4: 00000000000576fb;
35a5: 0000000000000000;
35a6: 0000000000000000;
35a7: 0000000000000000;
35a8: edce07e6e3de038a;
35a9: 664400607c54a0ab;
35aa: 2c2370fc02d0d564;
35ab: a902aaf96f90ac1c;
35ac: 000000000005325e;
35ad: 0000000000000000;
35ae: 0000000000000000;
35af: 0000000000000000;
35b0: 020a02dc18b65e60;
35b1: 9d77bce436fcf9ca;
35b2: ff6874896aec555e;
35b3: 60007b15111829fe;
35b4: 00000000000550d7;
35b5: 0000000000000000;
35b6: 0000000000000000;
35b7: 0000000000000000;
35b8: 1e232bd14b98f4fb;
35b9: abff09084b9b006a;
35ba: 94dff03be802c54f;
35bb: ddf68b958586aceb;
35bc: 000000000005fc12;
35bd: 0000000000000000;
35be: 0000000000000000;
35bf: 0000000000000000;
35c0: cee7ec23e7076203;
35c1: 90e9a27c1e9e884b;
35c2: 63b74703deb46166;
35c3: 76dc8a708305a4a1;
35c4: 000000000005fee4;
35c5: 0000000000000000;
35c6: 0000000000000000;
35c7: 0000000000000000;
35c8: f3ea2dabf1167948;
35c9: 668c22a054ed9faa;
35ca: a12ce06ed7a3f955;
35cb: ec95667ae76029a3;
35cc: 0000000000059582;
35cd: 0000000000000000;
35ce: 0000000000000000;
35cf: 0000000000000000;
35d0: b4effae704d60811;
35d1: fbc05a9741a0234b;
35d2: 9f47af496df0e17e;
35d3: a07d75f8068aa89b;
35d4: 0000000000057848;
35d5: 0000000000000000;
35d6: 0000000000000000;
35d7: 0000000000000000;
35d8: c921b805a4444423;
35d9: 086a2abbdddb7c2a;
35da: efcb3f87ec43f558;
35db: 6e8681fb676baee3;
35dc: 00000000000519a1;
35dd: 0000000000000000;
35de: 0000000000000000;
35df: 0000000000000000;
35e0: afd7f314fc0ef914;
35e1: 98aa1eda5d427dab;
35e2: 37cb6f3c26a0ed63;
35e3: 7a489ba28b8fab25;
35e4: 0000000000054ee3;
35e5: 0000000000000000;
35e6: 0000000000000000;
35e7: 0000000000000000;
35e8: acabf111f5a7041a;
35e9: 09a0415fdd20df6a;
35ea: c141b446ccb83d45;
35eb: 4e0270f9fbe9a828;
35ec: 0000000000052181;
35ed: 0000000000000000;
35ee: 0000000000000000;
35ef: 0000000000000000;
35f0: 02ceeaa80ecce43c;
35f1: 9ea076dae83c22ca;
35f2: 421d050589380d79;
35f3: 85710feef280249c;
35f4: 000000000005ddf2;
35f5: 0000000000000000;
35f6: 0000000000000000;
35f7: 0000000000000000;
35f8: fdecf321812d5eea;
35f9: 018ca0daf83d918a;
35fa: 104b5b4391236558;
35fb: ee60a665f4a62a73;
35fc: 0000000000050577;
35fd: 0000000000000000;
35fe: 0000000000000000;
35ff: 0000000000000000;
3600: a6b2af6a1103fd70;
3601: dee0047c801fbcea;
3602: af246b1c5698096a;
3603: 0a4b93161a0b2724;
3604: 00000000000552cb;
3605: 0000000000000000;
3606: 0000000000000000;
3607: 0000000000000000;
3608: 08fe0643f7eb1ae7;
3609: 01dda0d980f6838b;
360a: ece0f3eeb9043d66;
360b: 718b5832d10b28bb;
360c: 0000000000049989;
360d: 0000000000000000;
360e: 0000000000000000;
360f: 0000000000000000;
3610: 0efeec4abce60ca4;
3611: fe3fbe80257bc8ea;
3612: ef99c8f0ab52797b;
3613: 8f8cf0f5fa7329ec;
3614: 000000000005d47e;
3615: 0000000000000000;
3616: 0000000000000000;
3617: 0000000000000000;
3618: 0bf50103b708f7e9;
3619: 98806061fbb7d14b;
361a: 64cca9348f5a6152;
361b: 5a67060cd97b2be7;
361c: 00000000000529f1;
361d: 0000000000000000;
361e: 0000000000000000;
361f: 0000000000000000;
3620: ce4624cbdea65fdc;
3621: f547dd1980237dca;
3622: ddb703af6239dd65;
3623: 70d0249719ea2738;
3624: 0000000000052180;
3625: 0000000000000000;
3626: 0000000000000000;
3627: 0000000000000000;
3628: aeeb0417e0062423;
3629: feca00631c823ecb;
362a: e90460378eeff960;
362b: 5a8667fafd602c33;
362c: 00000000000595ef;
362d: 0000000000000000;
362e: 0000000000000000;
362f: 0000000000000000;
3630: a7f021e8e4d6f14a;
3631: c1bd57bac502402b;
3632: 930a47c03ce4bd7f;
3633: 84a203f90bfda800;
3634: 000000000005ff75;
3635: 0000000000000000;
3636: 0000000000000000;
3637: 0000000000000000;
3638: e8ff0e18ce124618;
3639: 022527fbb800b7cb;
363a: f3debe20857c655f;
363b: 51170c9ace90aac7;
363c: 0000000000057480;
363d: 0000000000000000;
363e: 0000000000000000;
363f: 0000000000000000;
3640: cefa11c0f2fcf6f3;
3641: 1e43dbbba042978b;
3642: 910786cbee1d9582;
3643: cbe03032106eaab4;
3644: 0000000000056892;
3645: 0000000000000000;
3646: 0000000000000000;
3647: 0000000000000000;
3648: bbd7e4310fe7eaf6;
3649: 3dc3098501be214b;
364a: 7900d0a75b9fad48;
364b: 4cee610f81742c34;
364c: 0000000000050851;
364d: 0000000000000000;
364e: 0000000000000000;
364f: 0000000000000000;
3650: eef90ee5ddb7eb4e;
3651: 05ffb83acdc2a2eb;
3652: 56cefc28e35e9561;
3653: 797cac6480872ab9;
3654: 000000000005e47d;
3655: 0000000000000000;
3656: 0000000000000000;
3657: 0000000000000000;
3658: f6ff221299043521;
3659: 1b6986324100786b;
365a: 5eebba33dde02d54;
365b: 7c77a26207a32a2b;
365c: 00000000000557ec;
365d: 0000000000000000;
365e: 0000000000000000;
365f: 0000000000000000;
3660: 8af803d0fa004308;
3661: 1d5c761a4563776a;
3662: 98177ecc26ec5165;
3663: d97a7e2d7e7fab7f;
3664: 0000000000054d76;
3665: 0000000000000000;
3666: 0000000000000000;
3667: 0000000000000000;
3668: b20b9852d50434ea;
3669: bcb986a246b1e8aa;
366a: e51060e342fc1d46;
366b: 84e57933e50c2bd3;
366c: 000000000005626a;
366d: 0000000000000000;
366e: 0000000000000000;
366f: 0000000000000000;
3670: f61e08c8a89e0e0e;
3671: 20219ec0eb9e82ea;
3672: c77bb0789c2ec160;
3673: 868f0fed8670ace0;
3674: 000000000005de13;
3675: 0000000000000000;
3676: 0000000000000000;
3677: 0000000000000000;
3678: 35040312acf5030b;
3679: 5cfe631d1ebf5aab;
367a: ff53d4a7f826c577;
367b: 6c01977eec23ab6e;
367c: 00000000000577e9;
367d: 0000000000000000;
367e: 0000000000000000;
367f: 0000000000000000;
3680: d34332d00e9ba4e4;
3681: be825f3d1e03772a;
3682: ed9327af3ffc7961;
3683: 00e7f78fa18028bb;
3684: 0000000000053fb2;
3685: 0000000000000000;
3686: 0000000000000000;
3687: 0000000000000000;
3688: b40f0d389e27b93d;
3689: e3eef8635d05004a;
368a: 35417044fecc7d46;
368b: 5a04e5ec0a7d2b95;
368c: 0000000000059576;
368d: 0000000000000000;
368e: 0000000000000000;
368f: 0000000000000000;
3690: bbf40a3810e40c07;
3691: 4b9b665bf94d9f0b;
3692: 8c0b37b8339ca158;
3693: 692691f5099d2ed7;
3694: 0000000000058f09;
3695: 0000000000000000;
3696: 0000000000000000;
3697: 0000000000000000;
3698: d0083af3bfdb7de5;
3699: 993cb0e41c79fdca;
369a: 39725b1066f5fd51;
369b: e983f2066e07a57c;
369c: 000000000005efd7;
369d: 0000000000000000;
369e: 0000000000000000;
369f: 0000000000000000;
36a0: d0730eef19c52716;
36a1: 615ef97a3f23b78a;
36a2: 11a31b67471d2160;
36a3: dfe61b8b22032b98;
36a4: 0000000000050e32;
36a5: 0000000000000000;
36a6: 0000000000000000;
36a7: 0000000000000000;
36a8: e8e0bf0b1cfaf725;
36a9: d1eae463bfb45aca;
36aa: 7d37d0b3ff63d92d;
36ab: 5c765d8687292fe0;
36ac: 0000000000057f62;
36ad: 0000000000000000;
36ae: 0000000000000000;
36af: 0000000000000000;
36b0: cae21c38c4852a2e;
36b1: af3ededce9ae44ea;
36b2: 2b233390925f855b;
36b3: 5c01a5f0840f2ad4;
36b4: 000000000005868c;
36b5: 0000000000000000;
36b6: 0000000000000000;
36b7: 0000000000000000;
36b8: f10f3ae6b7ee39fc;
36b9: 5b42957fd8dc182b;
36ba: 7b809f07dda0f957;
36bb: 01737ef10e0aab3c;
36bc: 000000000005ef56;
36bd: 0000000000000000;
36be: 0000000000000000;
36bf: 0000000000000000;
36c0: e7541f0af20137fd;
36c1: fd57785dc39d072b;
36c2: 4573ded8aca15561;
36c3: effdf71bfd862502;
36c4: 0000000000057422;
36c5: 0000000000000000;
36c6: 0000000000000000;
36c7: 0000000000000000;
36c8: db2184130ddf3a8b;
36c9: b05e26a1e47b7b0a;
36ca: b92c60e2c32c7d5e;
36cb: 0b0073a1ee302bec;
36cc: 00000000000554ec;
36cd: 0000000000000000;
36ce: 0000000000000000;
36cf: 0000000000000000;
36d0: f00a4ccad8b0ec08;
36d1: a00466032dc1a54a;
36d2: 2c17509c93da8144;
36d3: d08d9bd191de28bd;
36d4: 0000000000056a9a;
36d5: 0000000000000000;
36d6: 0000000000000000;
36d7: 0000000000000000;
36d8: 692019a4bdd50d1e;
36d9: 78791626fbbe36aa;
36da: 3f417c4bd1148559;
36db: 930d79ed721aaa15;
36dc: 0000000000056744;
36dd: 0000000000000000;
36de: 0000000000000000;
36df: 0000000000000000;
36e0: 3a4a0d24ce928349;
36e1: 4941a499d2506923;
36e2: 2834933a4a0d2467;
36e3: 0692674941a48ce9;
36e4: 0000000000019d25;
36e5: 0000000000000000;
36e6: 0000000000000000;
36e7: 8000000000000000;
36e8: 3a4a0d24ce928349;
36e9: 4941a499d2506923;
36ea: 2834933a4a0d2467;
36eb: 0692674941a48ce9;
36ec: 0000000000019d25;
36ed: 0000000000000000;
36ee: 0000000000000000;
36ef: 8000000000000000;
36f0: 0000000000000040;
36f1: 000000000008000f;
36f2: 00000001000001e0;
36f3: 0000200000003c00;
36f4: 0000000000078000;
36f5: 0000000000000000;
36f6: 0000000000000000;
36f7: 0000000000000000;
36f8: 0000004000000000;
36f9: 000800000000000f;
36fa: 00000000000001e0;
36fb: 0000000000003c01;
36fc: 000000000007a000;
36fd: 0000000000000000;
36fe: 0000000000000000;
36ff: 0000000000000000;
3700: 0000000000000000;
3701: 0000000000000000;
3702: 0000000000000000;
3703: 0000000000000000;
3704: 0000000000000000;
3705: 0000000000000000;
3706: 0000000000000000;
3707: 0000000000000000;
3708: 0000000000000000;
3709: 0000000000000000;
370a: 0000000000000000;
370b: 0000000000000000;
370c: 0000000000000000;
370d: 0000000000000000;
370e: 0000000000000000;
370f: 0000000000000000;
3710: 0000000000000000;
3711: 0000000000000000;
3712: 0000000000000000;
3713: 0000000000000000;
3714: 0000000000000000;
3715: 0000000000000000;
3716: 0000000000000000;
3717: 0000000000000000;
3718: 0000000000000000;
3719: 0000000000000000;
371a: 0000000000000000;
371b: 0000000000000000;
371c: 0000000000000000;
371d: 0000000000000000;
371e: 0000000000000000;
371f: 0000000000000000;
3720: 0000000000000040;
3721: 000000000008000f;
3722: 00000001000001e0;
3723: 0000200000003c00;
3724: 0000000000078000;
3725: 0000000000000000;
3726: 0000000000000000;
3727: 0000000000000000;
3728: 0000004000000000;
3729: 000800000000000f;
372a: 00000000000001e0;
372b: 0000000000003c01;
372c: 000000000007a000;
372d: 0000000000000000;
372e: 0000000000000000;
372f: 0000000000000000;
3730: 24d6013509347dc1;
3731: 9abd60a126b0d304;
3732: 58624424d2260884;
3733: 0f7c849abe051093;
3734: 000000000002126b;
3735: 0000000000000000;
3736: 0000000000000000;
3737: 8000000000000000;
3738: 24d20b4109348ae3;
3739: 9a447d2126904aa4;
373a: 488e1424d5ee0084;
373b: 0c80849a44049093;
373c: 000000000002126b;
373d: 0000000000000000;
373e: 0000000000000000;
373f: 8000000000000000;
3740: 1d365fb2f3e9edb3;
3741: 1c7a42c2a300f32e;
3742: e3941196c807f1c3;
3743: 81388e8f9037bb97;
3744: 0000000000072870;
3745: 0000000000000000;
3746: 0000000000000000;
3747: 0000000000000000;
3748: 02da29bce4e4e5f9;
3749: 5ba2f8a57701fb4e;
374a: bcc31af10c5769d2;
374b: 06e182876895b8e2;
374c: 0000000000076009;
374d: 0000000000000000;
374e: 0000000000000000;
374f: 0000000000000000;
3750: 03e7c8c813c43f44;
3751: 65502abc4a3b5eee;
3752: 83cb877ba442bdc1;
3753: 6bf0471d9251bb7e;
3754: 00000000000759ee;
3755: 0000000000000000;
3756: 0000000000000000;
3757: 0000000000000000;
3758: 051216de6537ead7;
3759: defd5c97801dffae;
375a: 86eca08f57482ddf;
375b: ef85220d98dcbbe8;
375c: 0000000000070e85;
375d: 0000000000000000;
375e: 0000000000000000;
375f: 0000000000000000;
3760: 00473afb8933f142;
3761: 1c38be21a8eae12d;
3762: f701198b380f15de;
3763: e4a11611752db643;
3764: 0000000000070776;
3765: 0000000000000000;
3766: 0000000000000000;
3767: 0000000000000000;
3768: fad6fcb8e52acb4a;
3769: f6fc79da23bbae0e;
376a: 79b8a0143b4d91a1;
376b: 6e0a52a8f298364a;
376c: 0000000000076802;
376d: 0000000000000000;
376e: 0000000000000000;
376f: 0000000000000000;
3770: 024412e103de307c;
3771: a3f744da7ebea12e;
3772: 30100eeb27af25dc;
3773: 7007658bf162387b;
3774: 0000000000076b21;
3775: 0000000000000000;
3776: 0000000000000000;
3777: 0000000000000000;
3778: f42a02ccfacc4212;
3779: 96857e797d6d01ce;
377a: 3b53d8f6440faddf;
377b: 10810900feda3880;
377c: 000000000007ea10;
377d: 0000000000000000;
377e: 0000000000000000;
377f: 0000000000000000;
3780: 0943d9c6fa1dfd25;
3781: 6031d739294124ee;
3782: a05a5d2793f2f9da;
3783: 7ba4ee7858aabb2e;
3784: 000000000007038b;
3785: 0000000000000000;
3786: 0000000000000000;
3787: 0000000000000000;
3788: 00cca80f2f0083f1;
3789: 60e0dce58c3a9e2d;
378a: 9b131d1c7fbdf1c2;
378b: e2fd97826e5c36aa;
378c: 000000000007137a;
378d: 0000000000000000;
378e: 0000000000000000;
378f: 0000000000000000;
3790: 1eff20c6c5e92e63;
3791: 6306a2191e2bc06e;
3792: 65181fa4a423c5d6;
3793: 8dfede8102883bc8;
3794: 000000000007857e;
3795: 0000000000000000;
3796: 0000000000000000;
3797: 0000000000000000;
3798: acdfed945ff5f42c;
3799: d91d9b93816f85ee;
379a: bfd7aaaa3992f9bf;
379b: ac80138c0fd13673;
379c: 0000000000077475;
379d: 0000000000000000;
379e: 0000000000000000;
379f: 0000000000000000;
37a0: 425746bdb73bfac2;
37a1: ceee4fdaf846b38e;
37a2: acba946470bb49a9;
37a3: 24ac69f689b73bd6;
37a4: 0000000000069c64;
37a5: 0000000000000000;
37a6: 0000000000000000;
37a7: 0000000000000000;
37a8: d6efece791cafe16;
37a9: e0db7f85006f7d4d;
37aa: 8c57ff8bdfe005ca;
37ab: f91a7e687cdd3d33;
37ac: 0000000000077e0e;
37ad: 0000000000000000;
37ae: 0000000000000000;
37af: 0000000000000000;
37b0: 48d8fef90719feee;
37b1: 8196213ddddc44cf;
37b2: 075c23429c28a1dd;
37b3: f7efab8bff683b47;
37b4: 0000000000076b0b;
37b5: 0000000000000000;
37b6: 0000000000000000;
37b7: 0000000000000000;
37b8: 5810c0e15d01e5d2;
37b9: f6915b9ef8dbf72e;
37ba: 994070abc83821b9;
37bb: 5ef798f98454367d;
37bc: 00000000000707ed;
37bd: 0000000000000000;
37be: 0000000000000000;
37bf: 0000000000000000;
37c0: fa3a3ae0aa03c2e8;
37c1: c1dde6ddb7457f2e;
37c2: 44f712c02c3b61c2;
37c3: 0f05f8000281bbcf;
37c4: 00000000000767b1;
37c5: 0000000000000000;
37c6: 0000000000000000;
37c7: 0000000000000000;
37c8: dc22ec1be023c007;
37c9: 5f7ffd3f291d608f;
37ca: b91413b76fa43de4;
37cb: 85a5f73b094e3baf;
37cc: 000000000006e1fa;
37cd: 0000000000000000;
37ce: 0000000000000000;
37cf: 0000000000000000;
37d0: 05194208e859bddb;
37d1: c47b47bb7b20888e;
37d2: 7858aab26334ddd9;
37d3: 6ed3a393550f382f;
37d4: 0000000000076ca8;
37d5: 0000000000000000;
37d6: 0000000000000000;
37d7: 0000000000000000;
37d8: 1f1ab5a755f0a009;
37d9: 3762471edbc13d8d;
37da: 286c07ef9afb89c2;
37db: 03e709f1ec4cbfe0;
37dc: 0000000000074ce5;
37dd: 0000000000000000;
37de: 0000000000000000;
37df: 0000000000000000;
37e0: ea0338f6d816cbb4;
37e1: e0558658e922faee;
37e2: 694b17a3602061be;
37e3: 070bcd8bd151bad7;
37e4: 0000000000075d12;
37e5: 0000000000000000;
37e6: 0000000000000000;
37e7: 0000000000000000;
37e8: 2dfab019e6c5b64d;
37e9: a3bd7b034f5f84ae;
37ea: 64e370a89b88d9c3;
37eb: ee27ea9b51c6b97b;
37ec: 0000000000069225;
37ed: 0000000000000000;
37ee: 0000000000000000;
37ef: 0000000000000000;
37f0: 21e806d5c9198cfa;
37f1: 8a821f9d3801e1ce;
37f2: c06863cba7f911dc;
37f3: 9b60ab96fedf3faf;
37f4: 00000000000696f5;
37f5: 0000000000000000;
37f6: 0000000000000000;
37f7: 0000000000000000;
37f8: e3fcfbe53c13076f;
37f9: 1f373fdeba80ec0e;
37fa: abab0e9f66b6edad;
37fb: 3b6e1563015d3650;
37fc: 0000000000076dfe;
37fd: 0000000000000000;
37fe: 0000000000000000;
37ff: 0000000000000000;
3800: 235af1fd46f101e5;
3801: ccff46bc5595b6ce;
3802: 1c2b83abf0daf5c3;
3803: 99d17d1316973bc4;
3804: 0000000000070f93;
3805: 0000000000000000;
3806: 0000000000000000;
3807: 0000000000000000;
3808: 51aee03b7ba144d1;
3809: c35978ac3566a2ee;
380a: e07414e08c744dbc;
380b: 0a8303fe66d03928;
380c: 0000000000078b71;
380d: 0000000000000000;
380e: 0000000000000000;
380f: 0000000000000000;
3810: 5bd5e0e007fee9ac;
3811: 1a6b195e3e507fed;
3812: 101cb0cc551ef9d7;
3813: 7bfa2bf98c8bbbf7;
3814: 000000000007ff73;
3815: 0000000000000000;
3816: 0000000000000000;
3817: 0000000000000000;
3818: 5d2c1904f0b64c10;
3819: 9e7e7e0ff188024e;
381a: 8474e5c2a44b7da9;
381b: 636a8f095fedbbd0;
381c: 0000000000076282;
381d: 0000000000000000;
381e: 0000000000000000;
381f: 0000000000000000;
3820: 892eaa8908089117;
3821: e83d4802db015f6d;
3822: e9524317902259c6;
3823: efdb70772e00377b;
3824: 0000000000076d14;
3825: 0000000000000000;
3826: 0000000000000000;
3827: 0000000000000000;
3828: 2c1af0551ae496bf;
3829: e7e990c26ca2bfae;
382a: 98b3887f24639dd7;
382b: b565701be2d9b84d;
382c: 00000000000717f5;
382d: 0000000000000000;
382e: 0000000000000000;
382f: 0000000000000000;
3830: 34e4f34206e6c6c8;
3831: 216063817a58698f;
3832: e1a3c14b4727c9df;
3833: f5eba2ecf21e347b;
3834: 000000000007858b;
3835: 0000000000000000;
3836: 0000000000000000;
3837: 0000000000000000;
3838: 510b04de27fa1320;
3839: 9b37df3dba9be00e;
383a: 3ca2a49f2bc739c4;
383b: 82ecfb02d77db829;
383c: 0000000000076983;
383d: 0000000000000000;
383e: 0000000000000000;
383f: 0000000000000000;
3840: d2b92ba9eceedde8;
3841: e75e3bbfe8e2440e;
3842: 0818583bb3d52dc2;
3843: ea06f3f3fdc7369e;
3844: 000000000007770f;
3845: 0000000000000000;
3846: 0000000000000000;
3847: 0000000000000000;
3848: 5415f952e9f521fb;
3849: 44c63ae6a489020e;
384a: f8bb093c052439e1;
384b: b7facc17e551b8e3;
384c: 000000000006f1b9;
384d: 0000000000000000;
384e: 0000000000000000;
384f: 0000000000000000;
3850: 1af6f304f6ffbffa;
3851: c91f6bffbe1ae2ef;
3852: 013fd42c780ee5c7;
3853: 925e3768938a3788;
3854: 0000000000071b04;
3855: 0000000000000000;
3856: 0000000000000000;
3857: 0000000000000000;
3858: 2ee43406e1b80460;
3859: 01de7e845a81080e;
385a: 4a8c579e98c81dc0;
385b: 07fcfa8572eb3810;
385c: 00000000000761a8;
385d: 0000000000000000;
385e: 0000000000000000;
385f: 0000000000000000;
3860: cd3be31323a631ff;
3861: 57a3b8fdc4b8084e;
3862: a80d0ebd2c72e9c1;
3863: 107f248009e63519;
3864: 000000000006a3d6;
3865: 0000000000000000;
3866: 0000000000000000;
3867: 0000000000000000;
3868: 455f0aebe0118a2f;
3869: 65e0de81b902eb4e;
386a: 8b619bcea38895c4;
386b: f953a596e197b9d5;
386c: 0000000000076b8a;
386d: 0000000000000000;
386e: 0000000000000000;
386f: 0000000000000000;
3870: ee36df3ab6f5f5f6;
3871: fba006db47cd988e;
3872: 4d0c2bc3080399b8;
3873: 5c124bf8f15dbb08;
3874: 0000000000077030;
3875: 0000000000000000;
3876: 0000000000000000;
3877: 0000000000000000;
3878: d96bcda301d8cf29;
3879: e12542fea8009e0e;
387a: 618b080fc80c49db;
387b: fe3e8386f586381f;
387c: 00000000000776dd;
387d: 0000000000000000;
387e: 0000000000000000;
387f: 0000000000000000;
3880: 9cd5d46617de04fb;
3881: dcfedafd152065ce;
3882: 44f7f397903c49df;
3883: ea86f688e8f6b835;
3884: 000000000006a94c;
3885: 0000000000000000;
3886: 0000000000000000;
3887: 0000000000000000;
3888: 4637c8063ccca025;
3889: 6cfe97f91e292b6e;
388a: 74ac630be0a981a0;
388b: d7d7fc8a8f7bb800;
388c: 0000000000077b8c;
388d: 0000000000000000;
388e: 0000000000000000;
388f: 0000000000000000;
3890: 2974d012078ee97e;
3891: 452de4ca33c9f12d;
3892: 3bf0550807990dbd;
3893: 8f08ee686ffd3a48;
3894: 0000000000075310;
3895: 0000000000000000;
3896: 0000000000000000;
3897: 0000000000000000;
3898: dc2ecdee4108d213;
3899: ddbd23b7263fdfce;
389a: e8c383f7805045e1;
389b: 0d11032d6a653d63;
389c: 0000000000075d6e;
389d: 0000000000000000;
389e: 0000000000000000;
389f: 0000000000000000;
38a0: dce7ee48ee0af304;
38a1: b6a240aa94fae04f;
38a2: 9c6c7fe837e041bc;
38a3: fb8ad502496abd18;
38a4: 000000000006a4ca;
38a5: 0000000000000000;
38a6: 0000000000000000;
38a7: 0000000000000000;
38a8: 0c42470242efd9e7;
38a9: dfaaa09b19be9bad;
38aa: 48973f36bcc03ddd;
38ab: de5722711973bbc8;
38ac: 0000000000076869;
38ad: 0000000000000000;
38ae: 0000000000000000;
38af: 0000000000000000;
38b0: ddd85756d7dff317;
38b1: e9a2f9c2784105ae;
38b2: f3abeca7ecb221c5;
38b3: e2a5f7e20be1369a;
38b4: 000000000007538b;
38b5: 0000000000000000;
38b6: 0000000000000000;
38b7: 0000000000000000;
38b8: f1240cbe2d04db0f;
38b9: dbc1c3d603faa08f;
38ba: 10735ad3a81839c2;
38bb: db1c64f08208b81d;
38bc: 0000000000076577;
38bd: 0000000000000000;
38be: 0000000000000000;
38bf: 0000000000000000;
38c0: df27def52ef334be;
38c1: 58e1ca5bdee0444e;
38c2: 44351ee7230471ac;
38c3: 0179280a061ebba1;
38c4: 0000000000076604;
38c5: 0000000000000000;
38c6: 0000000000000000;
38c7: 0000000000000000;
38c8: 354d061cda8b0038;
38c9: 0416fdca57fe8cee;
38ca: 2a48d34e707fbdae;
38cb: 9693a365718f36bc;
38cc: 0000000000077bf2;
38cd: 0000000000000000;
38ce: 0000000000000000;
38cf: 0000000000000000;
38d0: 67e95b64b2f247c0;
38d1: 532b38ec50d9588d;
38d2: a96068a358b549ba;
38d3: d815700962ebb83f;
38d4: 0000000000077bfe;
38d5: 0000000000000000;
38d6: 0000000000000000;
38d7: 0000000000000000;
38d8: 9828b571febe6073;
38d9: 8cdf9f39e3bfde6d;
38da: f2c8d782b81921b3;
38db: 5eaf5d7400053bb6;
38dc: 0000000000070a7e;
38dd: 0000000000000000;
38de: 0000000000000000;
38df: 0000000000000000;
38e0: 121ebc1242ecda84;
38e1: a7a43ff7dda55f4d;
38e2: fcd747ab16a481dd;
38e3: ea00ac048726bab8;
38e4: 0000000000077611;
38e5: 0000000000000000;
38e6: 0000000000000000;
38e7: 0000000000000000;
38e8: 0c4f22dc348dafeb;
38e9: 8b957b596158a4ae;
38ea: a074932497b081de;
38eb: 1c8cd28028f83abf;
38ec: 0000000000070724;
38ed: 0000000000000000;
38ee: 0000000000000000;
38ef: 0000000000000000;
38f0: 11b80faa21e80706;
38f1: 8247292077e097ee;
38f2: 400c6d36d7d7d1c0;
38f3: 318ad360cd7eb81c;
38f4: 000000000006939e;
38f5: 0000000000000000;
38f6: 0000000000000000;
38f7: 0000000000000000;
38f8: ee2f24fcf1e6b169;
38f9: 5fbde881387c5dce;
38fa: 2fb7444737c9a1db;
38fb: 039f7f5f847c3908;
38fc: 0000000000077d85;
38fd: 0000000000000000;
38fe: 0000000000000000;
38ff: 0000000000000000;
3900: e2fdf34610030501;
3901: e306a2c5041617af;
3902: e0cb73eb93c89dc2;
3903: 7b7d9da27073b55d;
3904: 0000000000071711;
3905: 0000000000000000;
3906: 0000000000000000;
3907: 0000000000000000;
3908: e0073ca619b4ebdc;
3909: 9fb962a5fa97574e;
390a: 978f278ec4fc4dac;
390b: a47cce0820073beb;
390c: 0000000000072905;
390d: 0000000000000000;
390e: 0000000000000000;
390f: 0000000000000000;
3910: e79515d00e97f900;
3911: a93f0b2f5bfeb4ed;
3912: 785c43a6540fadbe;
3913: 8772f679714bb960;
3914: 00000000000707a0;
3915: 0000000000000000;
3916: 0000000000000000;
3917: 0000000000000000;
3918: 13fb3a29d700bc2c;
3919: a1bec8c341dfbf8e;
391a: 93eb1f9f90c131fe;
391b: fc2805ea8298b8b8;
391c: 000000000007107f;
391d: 0000000000000000;
391e: 0000000000000000;
391f: 0000000000000000;
3920: 09e410b5d2f2eae8;
3921: 7d1804f71ec3600e;
3922: cd27ff67bb78b5c0;
3923: 099b356d1219bbbf;
3924: 0000000000076794;
3925: 0000000000000000;
3926: 0000000000000000;
3927: 0000000000000000;
3928: 681bd64bcb152fc6;
3929: 744788aabc183dae;
392a: 9fb944e6a81ea9c5;
392b: 1097a2037593381a;
392c: 0000000000078368;
392d: 0000000000000000;
392e: 0000000000000000;
392f: 0000000000000000;
3930: 48d5cc233ec9f8ef;
3931: 7869fa41643f36ee;
3932: 0078645c947879c9;
3933: 178bc1d5557c382b;
3934: 0000000000075b7d;
3935: 0000000000000000;
3936: 0000000000000000;
3937: 0000000000000000;
3938: bbf716789dc53323;
3939: 409a209944a7080e;
393a: 70018b8be375a1c9;
393b: 116444f8fc88bbbc;
393c: 0000000000077b6d;
393d: 0000000000000000;
393e: 0000000000000000;
393f: 0000000000000000;
3940: 50133df5cf0abee8;
3941: bb7044f33e081b2e;
3942: 60db7866af1c99be;
3943: 158ca5e219173af9;
3944: 0000000000077a0e;
3945: 0000000000000000;
3946: 0000000000000000;
3947: 0000000000000000;
3948: 470ae30aea0925d7;
3949: e19ae3fe6154a1ee;
394a: c019a4a0033061c5;
394b: ab357b8585a8b8de;
394c: 00000000000738fc;
394d: 0000000000000000;
394e: 0000000000000000;
394f: 0000000000000000;
3950: 1edfd4a702e54006;
3951: 7789333636385a4e;
3952: 71c0c466803ba9a3;
3953: b97df75e5c0034eb;
3954: 0000000000070919;
3955: 0000000000000000;
3956: 0000000000000000;
3957: 0000000000000000;
3958: 840f4971d0f7001b;
3959: 0704dea5f80eda8e;
395a: b0d5de0f2539ddbb;
395b: 27e1fc85e30cb514;
395c: 0000000000070882;
395d: 0000000000000000;
395e: 0000000000000000;
395f: 0000000000000000;
3960: 43174e0901081fff;
3961: 06a7da5fd971292f;
3962: a50c5866b39019aa;
3963: 387459fd5f89b746;
3964: 000000000006a08e;
3965: 0000000000000000;
3966: 0000000000000000;
3967: 0000000000000000;
3968: 71e04ffb204031b6;
3969: 3e00c4c89cdd252d;
396a: cba0042ed45ba1c1;
396b: 2daa6806a416bfd7;
396c: 0000000000071dfe;
396d: 0000000000000000;
396e: 0000000000000000;
396f: 0000000000000000;
3970: 720bc7ce4bd959b2;
3971: 3cd59c5858fdbccd;
3972: dbd1602bd85fc9c8;
3973: a410f7e8d9f4b95b;
3974: 0000000000070034;
3975: 0000000000000000;
3976: 0000000000000000;
3977: 0000000000000000;
3978: b7beb5650ea22a13;
3979: c0c800480061dfed;
397a: bfbb5633fe702ddd;
397b: 09defcf1c81238bc;
397c: 0000000000068ee1;
397d: 0000000000000000;
397e: 0000000000000000;
397f: 0000000000000000;
3980: 1460c70027ec1df8;
3981: c3a7d9ddebc0ddee;
3982: 3a583ff364c4b9c0;
3983: 8cf47a8bfb843b4d;
3984: 0000000000070d5f;
3985: 0000000000000000;
3986: 0000000000000000;
3987: 0000000000000000;
3988: 020fecfcebfa3f4c;
3989: bb04751f4788dbcf;
398a: 4f32e79add5b9dc1;
398b: a404ab3b2b6cb8d8;
398c: 0000000000071b46;
398d: 0000000000000000;
398e: 0000000000000000;
398f: 0000000000000000;
3990: dabd17b10315db34;
3991: ac9e59673a43e96e;
3992: b2835fe208bec5c5;
3993: a9d3f4f319b4b484;
3994: 00000000000704bd;
3995: 0000000000000000;
3996: 0000000000000000;
3997: 0000000000000000;
3998: fedf9b479d342dd8;
3999: b4692203e04d686d;
399a: 6780af36249151a8;
399b: 0416509bef6d3a40;
399c: 0000000000071623;
399d: 0000000000000000;
399e: 0000000000000000;
399f: 0000000000000000;
39a0: 0a50fa1c09f709ef;
39a1: 46ffc8a76809ce8f;
39a2: f4541fe358f15daa;
39a3: 9af6209c8fec3828;
39a4: 00000000000713fa;
39a5: 0000000000000000;
39a6: 0000000000000000;
39a7: 0000000000000000;
39a8: 2604fb00250c3157;
39a9: ae01e2ec37ee440e;
39aa: 047c3ebb286ecdbb;
39ab: 8f0715f5f7793814;
39ac: 000000000007a176;
39ad: 0000000000000000;
39ae: 0000000000000000;
39af: 0000000000000000;
39b0: f52215ce3730bcb5;
39b1: aafbb9ef443d0c4d;
39b2: 3d495582cf8bc1bb;
39b3: a54d130492153491;
39b4: 0000000000070296;
39b5: 0000000000000000;
39b6: 0000000000000000;
39b7: 0000000000000000;
39b8: 31bc290eb8a51d2e;
39b9: 939f322a83ac5bee;
39ba: 2c453be7a823f5b1;
39bb: 1f1750056282bb6f;
39bc: 0000000000072c29;
39bd: 0000000000000000;
39be: 0000000000000000;
39bf: 0000000000000000;
39c0: 103d4839a6d9ead6;
39c1: e5030639e367282e;
39c2: e3efe7afa87d09c0;
39c3: 9e5313898ef13c03;
39c4: 00000000000707ff;
39c5: 0000000000000000;
39c6: 0000000000000000;
39c7: 0000000000000000;
39c8: 7678002f00202c20;
39c9: 68c1a2d8930e5d6d;
39ca: 5cac4f66ad0415c0;
39cb: 93b9f9f4880db848;
39cc: 0000000000077993;
39cd: 0000000000000000;
39ce: 0000000000000000;
39cf: 0000000000000000;
39d0: f989775b4bf540e0;
39d1: 411ea3c18d7c588d;
39d2: f706dcb4678f5ddb;
39d3: 80a2717f0992b877;
39d4: 000000000007ea2a;
39d5: 0000000000000000;
39d6: 0000000000000000;
39d7: 0000000000000000;
39d8: 2ed7cf27c9150942;
39d9: e5899d41a128f68e;
39da: cc82974b37b47199;
39db: 098c207f4cdcbac9;
39dc: 0000000000077b20;
39dd: 0000000000000000;
39de: 0000000000000000;
39df: 0000000000000000;
39e0: 4eec0a131dc81304;
39e1: c1fcd9e44a983d6e;
39e2: 9e7873c7c50d95c2;
39e3: 6c707edac89f3b68;
39e4: 0000000000070e0f;
39e5: 0000000000000000;
39e6: 0000000000000000;
39e7: 0000000000000000;
39e8: 380be509e60f5007;
39e9: 3175d2ceb8a5eb0e;
39ea: 1c0a2c0b4d46bdbd;
39eb: 7dfa922ea372b7bf;
39ec: 0000000000077909;
39ed: 0000000000000000;
39ee: 0000000000000000;
39ef: 0000000000000000;
39f0: dad231e930fef5b7;
39f1: cd98da453c9f3bce;
39f2: a3afc53c401fa9dd;
39f3: 90fe8455011dbb3c;
39f4: 000000000007088d;
39f5: 0000000000000000;
39f6: 0000000000000000;
39f7: 0000000000000000;
39f8: d64cf07a3cd0afca;
39f9: b9e44a3dd89ec0ce;
39fa: 1782c3984be895c6;
39fb: e71fcd1a1760bbb5;
39fc: 0000000000077334;
39fd: 0000000000000000;
39fe: 0000000000000000;
39ff: 0000000000000000;
3a00: 0d30dd53f3cb5bcb;
3a01: e05cdec90840c70d;
3a02: e4100784202101c6;
3a03: 0e908bf3f628bfdc;
3a04: 00000000000777f3;
3a05: 0000000000000000;
3a06: 0000000000000000;
3a07: 0000000000000000;
3a08: 0ed4faf1dcf940a1;
3a09: 861740fed9c0c50e;
3a0a: d9336b878c1f01e2;
3a0b: 0ed9e2ed6d75b817;
3a0c: 000000000007187f;
3a0d: 0000000000000000;
3a0e: 0000000000000000;
3a0f: 0000000000000000;
3a10: c6f91ea800da9ec9;
3a11: a67956e1c474e16e;
3a12: 5c87c46c1043d9be;
3a13: 05eeed628da8bae4;
3a14: 00000000000775df;
3a15: 0000000000000000;
3a16: 0000000000000000;
3a17: 0000000000000000;
3a18: 44884949008d07c3;
3a19: 1180eba010ced88d;
3a1a: ec729fc96f0079bd;
3a1b: 9d50d8e68c9738e6;
3a1c: 000000000007300e;
3a1d: 0000000000000000;
3a1e: 0000000000000000;
3a1f: 0000000000000000;
3a20: dd3620aaf2c8aeee;
3a21: c36559c8021ecc8e;
3a22: 778bc7abf40d05c3;
3a23: fcf8642198a6bfec;
3a24: 000000000007010c;
3a25: 0000000000000000;
3a26: 0000000000000000;
3a27: 0000000000000000;
3a28: 56c4caf1341d2cf6;
3a29: 470562f8f768414e;
3a2a: 2bb3e7568c76b9d8;
3a2b: 0d95eafca4e53bf3;
3a2c: 0000000000076512;
3a2d: 0000000000000000;
3a2e: 0000000000000000;
3a2f: 0000000000000000;
3a30: e00e2247c934d2c9;
3a31: 7e480259a678966d;
3a32: e29fb474ec4875c1;
3a33: d18675f95b75b823;
3a34: 0000000000077c13;
3a35: 0000000000000000;
3a36: 0000000000000000;
3a37: 0000000000000000;
3a38: 2a31d92abef1d24b;
3a39: 3e0f0795934213ce;
3a3a: 20931a9c9338ada4;
3a3b: 7763f97781043b61;
3a3c: 00000000000708ae;
3a3d: 0000000000000000;
3a3e: 0000000000000000;
3a3f: 0000000000000000;
3a40: 398f6a49f6e746ff;
3a41: 413ec042293c5d4e;
3a42: 0290c820d573c9fe;
3a43: 6bf42679e26fb79c;
3a44: 000000000007161d;
3a45: 0000000000000000;
3a46: 0000000000000000;
3a47: 0000000000000000;
3a48: 5842e70a1b0511fe;
3a49: 7e084a851a1f412d;
3a4a: 5d8b943780145dc7;
3a4b: d5095f2b3085bbec;
3a4c: 0000000000076385;
3a4d: 0000000000000000;
3a4e: 0000000000000000;
3a4f: 0000000000000000;
3a50: fd020d2c13e7690a;
3a51: c399b7021ac1ff8e;
3a52: 54e12838bedc11dd;
3a53: f44186656413bb5d;
3a54: 0000000000071e20;
3a55: 0000000000000000;
3a56: 0000000000000000;
3a57: 0000000000000000;
3a58: 1462d8d8f8e1f20e;
3a59: 82dc9e551ea3452e;
3a5a: 0862d76c86b079de;
3a5b: 052966fdfe0fb8a9;
3a5c: 000000000007640d;
3a5d: 0000000000000000;
3a5e: 0000000000000000;
3a5f: 0000000000000000;
3a60: 0bda1cfcbaf325fc;
3a61: 42c23faa2cda28ce;
3a62: 641b47f55153bddd;
3a63: e18e9cdd737b379d;
3a64: 0000000000077d93;
3a65: 0000000000000000;
3a66: 0000000000000000;
3a67: 0000000000000000;
3a68: f922e6f98f31e4eb;
3a69: 01f73f835e2181ce;
3a6a: a9cab41c740b05e0;
3a6b: 58eb8ce98875b860;
3a6c: 00000000000775ab;
3a6d: 0000000000000000;
3a6e: 0000000000000000;
3a6f: 0000000000000000;
3a70: c0bc7825fb2858bf;
3a71: 34e62ea7221befee;
3a72: 0c0010145f59c1a8;
3a73: 6fece3e4621b3b4c;
3a74: 0000000000070bd9;
3a75: 0000000000000000;
3a76: 0000000000000000;
3a77: 0000000000000000;
3a78: 084fc2d0d7d4dde8;
3a79: e51f3fe3e229bd8e;
3a7a: d41b2f6ce62521c4;
3a7b: a1fb79f5f9a4b8b3;
3a7c: 0000000000078b06;
3a7d: 0000000000000000;
3a7e: 0000000000000000;
3a7f: 0000000000000000;
3a80: 2356828233da0af3;
3a81: 40a5a0e2a4fae20d;
3a82: 2fb3e22c34d8d9c9;
3a83: f47f0a27807b3b58;
3a84: 00000000000706fe;
3a85: 0000000000000000;
3a86: 0000000000000000;
3a87: 0000000000000000;
3a88: 67b9f4caac71e362;
3a89: bc62d853c604672d;
3a8a: 1c56a2bfbf1815c1;
3a8b: 8282ed0a1171bbf0;
3a8c: 00000000000783a2;
3a8d: 0000000000000000;
3a8e: 0000000000000000;
3a8f: 0000000000000000;
3a90: 1615c0d8f91a4fb2;
3a91: 3ee6e33782403b0e;
3a92: fbefa79fef78e5e3;
3a93: ca5f5cd9d87abc2a;
3a94: 0000000000071372;
3a95: 0000000000000000;
3a96: 0000000000000000;
3a97: 0000000000000000;
3a98: f428b2a4b5c8bc3a;
3a99: 3ca241b97b19122e;
3a9a: 4f64302c92ddada1;
3a9b: 846e7d6b6128bb75;
3a9c: 0000000000077336;
3a9d: 0000000000000000;
3a9e: 0000000000000000;
3a9f: 0000000000000000;
3aa0: a7b9b2b2ffe8d5cc;
3aa1: e9a51e1d6e9f1d6e;
3aa2: e41373e303f48dc3;
3aa3: 77008a250bdbbb06;
3aa4: 0000000000076e0b;
3aa5: 0000000000000000;
3aa6: 0000000000000000;
3aa7: 0000000000000000;
3aa8: 83cc3815b545e0ca;
3aa9: 19bc864ea3531bce;
3aaa: e41502e9739675d9;
3aab: 8681247161f83913;
3aac: 0000000000077a82;
3aad: 0000000000000000;
3aae: 0000000000000000;
3aaf: 0000000000000000;
3ab0: e5a801e31df3d6de;
3ab1: 03601b61186165ee;
3ab2: 106c74b7590c69c9;
3ab3: feea3959efe2bba4;
3ab4: 0000000000074f5a;
3ab5: 0000000000000000;
3ab6: 0000000000000000;
3ab7: 0000000000000000;
3ab8: 93daa5e3e7982e18;
3ab9: bf1be5e22383f3ce;
3aba: 0f730c3c02f869dd;
3abb: a223830c1c6dbb13;
3abc: 0000000000070279;
3abd: 0000000000000000;
3abe: 0000000000000000;
3abf: 0000000000000000;
3ac0: f5348cdffbfcd41c;
3ac1: c10663d75b2521ee;
3ac2: f33f700794d475c2;
3ac3: 83757d7515fa385a;
3ac4: 0000000000071ba0;
3ac5: 0000000000000000;
3ac6: 0000000000000000;
3ac7: 0000000000000000;
3ac8: 86ab12300fbaf691;
3ac9: 657d28a2c7fd744e;
3aca: 8cad177533620dde;
3acb: 86ef6aa484f13bb8;
3acc: 00000000000764fa;
3acd: 0000000000000000;
3ace: 0000000000000000;
3acf: 0000000000000000;
3ad0: c5ea1bf3a822f6db;
3ad1: 2b3ab2411bc283ee;
3ad2: d0a5244b5913fddf;
3ad3: 8afb07778dd0b8cc;
3ad4: 000000000007f06c;
3ad5: 0000000000000000;
3ad6: 0000000000000000;
3ad7: 0000000000000000;
3ad8: b70b91e500d92129;
3ad9: 7e7b6661a287fd6e;
3ada: bc13f126f3eac9d7;
3adb: 1b7d7aaa0e913b83;
3adc: 000000000007749b;
3add: 0000000000000000;
3ade: 0000000000000000;
3adf: 0000000000000000;
3ae0: 21f398beafe4f87e;
3ae1: 47db471e32e9652d;
3ae2: fabfbc738573b1d5;
3ae3: 0bf200f706a8b85a;
3ae4: 0000000000071490;
3ae5: 0000000000000000;
3ae6: 0000000000000000;
3ae7: 0000000000000000;
3ae8: ecefe1bc0fd9028e;
3ae9: 6bfae654c3e796ae;
3aea: 7b87ac1bad5eadcf;
3aeb: faa5c57395eaba2c;
3aec: 000000000006eaf5;
3aed: 0000000000000000;
3aee: 0000000000000000;
3aef: 0000000000000000;
3af0: c69021b9aa094231;
3af1: 43d9170921e1f60e;
3af2: dba548c46990fdd8;
3af3: 8d565b7eab60b895;
3af4: 00000000000765d7;
3af5: 0000000000000000;
3af6: 0000000000000000;
3af7: 0000000000000000;
3af8: b7fa9bb8d8af30dd;
3af9: 1fa0c4346523a8ee;
3afa: e78fcbe79c6849d9;
3afb: 228a8d9fe17c3ac3;
3afc: 0000000000071d22;
3afd: 0000000000000000;
3afe: 0000000000000000;
3aff: 0000000000000000;
3b00: bcd1f5f2019dfba2;
3b01: ebc9f9a7cc39feae;
3b02: 6a8be7b3489c0dda;
3b03: 62f556e0f477b853;
3b04: 0000000000075470;
3b05: 0000000000000000;
3b06: 0000000000000000;
3b07: 0000000000000000;
3b08: b0c5f9f902ec2acf;
3b09: 99c003251e37f88e;
3b0a: 024902ecaf007ddc;
3b0b: 73f9097958fe3499;
3b0c: 000000000006c6a2;
3b0d: 0000000000000000;
3b0e: 0000000000000000;
3b0f: 0000000000000000;
3b10: ce21e0fe4712d9c8;
3b11: c29b79c1e181884e;
3b12: 8ba88467f56b31c3;
3b13: d969e6d33ae9b7cb;
3b14: 000000000006c77e;
3b15: 0000000000000000;
3b16: 0000000000000000;
3b17: 0000000000000000;
3b18: a200b29d737af909;
3b19: 1d1f01885ebe9c2d;
3b1a: 8cc057017b63f5ff;
3b1b: 7d99709085663aab;
3b1c: 000000000006cd31;
3b1d: 0000000000000000;
3b1e: 0000000000000000;
3b1f: 0000000000000000;
3b20: 1e23aa9bf1f6912e;
3b21: 244dff24fcfddbac;
3b22: 2edefb67852c39dc;
3b23: 7d7cf5d0a6eabab0;
3b24: 000000000006be8d;
3b25: 0000000000000000;
3b26: 0000000000000000;
3b27: 0000000000000000;
3b28: be0a10fad1fe14e7;
3b29: 45c0876e85dffb6e;
3b2a: d3186c9513fc35dd;
3b2b: 0862f285f98738c8;
3b2c: 0000000000074ff0;
3b2d: 0000000000000000;
3b2e: 0000000000000000;
3b2f: 0000000000000000;
3b30: b736db32eb3efbc0;
3b31: df31c13c5efbffee;
3b32: 107aa002e53641db;
3b33: 10e6d1f2896237d5;
3b34: 000000000006e550;
3b35: 0000000000000000;
3b36: 0000000000000000;
3b37: 0000000000000000;
3b38: da6ab9fbc810fbb0;
3b39: f398bd6342645a4d;
3b3a: 6ac0d69c93d225d5;
3b3b: 79fe04107282bbc6;
3b3c: 0000000000075b86;
3b3d: 0000000000000000;
3b3e: 0000000000000000;
3b3f: 0000000000000000;
3b40: 18d8460d3a08c508;
3b41: 4ee44201767de24e;
3b42: 4a5764f4054361ce;
3b43: f56e85d3f56a382b;
3b44: 0000000000071e8c;
3b45: 0000000000000000;
3b46: 0000000000000000;
3b47: 0000000000000000;
3b48: 02bfdfc02bd5e0ce;
3b49: 0d1ec274208a59ce;
3b4a: 7fe6bc2a2d0ee5cb;
3b4b: ef68f3e9e894b7b5;
3b4c: 00000000000746a7;
3b4d: 0000000000000000;
3b4e: 0000000000000000;
3b4f: 0000000000000000;
3b50: aa171d17c7f608f2;
3b51: 45d281785b45302e;
3b52: 4f7bb4945fdad9be;
3b53: 0a22f9041574b81c;
3b54: 00000000000769f7;
3b55: 0000000000000000;
3b56: 0000000000000000;
3b57: 0000000000000000;
3b58: 2a43dec9ed2adfd4;
3b59: 9c241a55c37da5ce;
3b5a: aab7f68178bc59da;
3b5b: 899bbe2671d43baf;
3b5c: 000000000006d434;
3b5d: 0000000000000000;
3b5e: 0000000000000000;
3b5f: 0000000000000000;
3b60: fbfef7e242f31609;
3b61: bb65f9ad25dca7af;
3b62: ae0abc474cc47ddc;
3b63: 716e6852fbe43913;
3b64: 00000000000767f7;
3b65: 0000000000000000;
3b66: 0000000000000000;
3b67: 0000000000000000;
3b68: def2eaec40e4624a;
3b69: 62bee7024156e18e;
3b6a: 54742fa017b17ddb;
3b6b: 62ed7ddc0bf3baff;
3b6c: 0000000000077df6;
3b6d: 0000000000000000;
3b6e: 0000000000000000;
3b6f: 0000000000000000;
3b70: 57ee052b421ed027;
3b71: b8d6342165c26aed;
3b72: 83e4c013437c65de;
3b73: 4f56e77f1628bace;
3b74: 0000000000076995;
3b75: 0000000000000000;
3b76: 0000000000000000;
3b77: 0000000000000000;
3b78: b6f9c6431abb3548;
3b79: 0301da83f6581e6e;
3b7a: 3ce767282fac45c6;
3b7b: 8af5d451861f3b75;
3b7c: 000000000006be21;
3b7d: 0000000000000000;
3b7e: 0000000000000000;
3b7f: 0000000000000000;
3b80: 2a09f6a53a080aee;
3b81: d21d24e8e244a72e;
3b82: 1eb2832b57547dbd;
3b83: 79d88d7d30c53b17;
3b84: 0000000000068c74;
3b85: 0000000000000000;
3b86: 0000000000000000;
3b87: 0000000000000000;
3b88: d958ec4c004ae061;
3b89: e25c1c2cfedf4c2e;
3b8a: 8854cc645fb525d8;
3b8b: de6383d56885b8cf;
3b8c: 00000000000683f1;
3b8d: 0000000000000000;
3b8e: 0000000000000000;
3b8f: 0000000000000000;
3b90: 5b20211af81efeef;
3b91: 3e58fdbc4cfd420e;
3b92: 5fe3f4fabb4099b2;
3b93: 699f5c030496ba4b;
3b94: 000000000007796d;
3b95: 0000000000000000;
3b96: 0000000000000000;
3b97: 0000000000000000;
3b98: 21f7cc59159b2657;
3b99: d8bff8fd37db22ed;
3b9a: 029696e31b530dde;
3b9b: 95fda9f1e9fb340f;
3b9c: 000000000006ec63;
3b9d: 0000000000000000;
3b9e: 0000000000000000;
3b9f: 0000000000000000;
3ba0: 430809cd27ed0de3;
3ba1: a65702dcbd2428ee;
3ba2: 56da7454bfbba1c8;
3ba3: 69f26cd535d33b9f;
3ba4: 000000000006859c;
3ba5: 0000000000000000;
3ba6: 0000000000000000;
3ba7: 0000000000000000;
3ba8: 583d425bf1c01445;
3ba9: bf5b5fbbb74b6bcd;
3baa: 4804473b3bed45b4;
3bab: f2fd90706c8938e3;
3bac: 0000000000075e05;
3bad: 0000000000000000;
3bae: 0000000000000000;
3baf: 0000000000000000;
3bb0: 877f02e5f01b34c7;
3bb1: 2448be528383f24d;
3bb2: 4c4048a39acc89c4;
3bb3: f1f3fd7feb223b63;
3bb4: 000000000007847a;
3bb5: 0000000000000000;
3bb6: 0000000000000000;
3bb7: 0000000000000000;
3bb8: 20ddf047f409eb42;
3bb9: 42437eb69d7c460e;
3bba: c11418549cf771dc;
3bbb: 837599770169b870;
3bbc: 0000000000074e31;
3bbd: 0000000000000000;
3bbe: 0000000000000000;
3bbf: 0000000000000000;
3bc0: f1babeda4dd4380e;
3bc1: d77d3f5c3f1adaee;
3bc2: 2f2f8367f4c461c8;
3bc3: a1d87aa7e26bba97;
3bc4: 000000000007598a;
3bc5: 0000000000000000;
3bc6: 0000000000000000;
3bc7: 0000000000000000;
3bc8: e7dee41a0e4a11ec;
3bc9: 5e7edce708b381af;
3bca: 8290f768102f65dd;
3bcb: 7af2f3b117f13bbc;
3bcc: 0000000000077582;
3bcd: 0000000000000000;
3bce: 0000000000000000;
3bcf: 0000000000000000;
3bd0: 9fe9f6a7c1f0f227;
3bd1: c5dbd581de81758e;
3bd2: abe0e0bd7b1479da;
3bd3: 10d657ddf5ee3817;
3bd4: 000000000006f168;
3bd5: 0000000000000000;
3bd6: 0000000000000000;
3bd7: 0000000000000000;
3bd8: 28a54412da1531e0;
3bd9: 9d4bb61ddd4123ae;
3bda: 02d5cbe07917e1b3;
3bdb: 6078de77f91037cb;
3bdc: 0000000000071267;
3bdd: 0000000000000000;
3bde: 0000000000000000;
3bdf: 0000000000000000;
3be0: 22dd21d843b3ff0b;
3be1: 3a65227b15c5bfce;
3be2: 67a3bb4b59001dc4;
3be3: 8e4b11097d6b3873;
3be4: 0000000000076d19;
3be5: 0000000000000000;
3be6: 0000000000000000;
3be7: 0000000000000000;
3be8: e9bba9caffe9b90c;
3be9: dc2321f7db1d55ee;
3bea: aafd3548301081c5;
3beb: 0a4f6f0df86e3898;
3bec: 0000000000077809;
3bed: 0000000000000000;
3bee: 0000000000000000;
3bef: 0000000000000000;
3bf0: c1daee980510dbe5;
3bf1: 9cbcbb42c56999ee;
3bf2: 5397b87cd2bcd5b3;
3bf3: 6e8c01776ea13bc7;
3bf4: 0000000000070658;
3bf5: 0000000000000000;
3bf6: 0000000000000000;
3bf7: 0000000000000000;
3bf8: 44a333e01bda44ed;
3bf9: bb1c82565c1ac40e;
3bfa: e4bbdae79ff419d3;
3bfb: a5f96093567abb44;
3bfc: 0000000000077405;
3bfd: 0000000000000000;
3bfe: 0000000000000000;
3bff: 0000000000000000;
3c00: e0bec6fa6423da3e;
3c01: d39ca0f61c46feae;
3c02: fef42c136480a1ab;
3c03: 4ab4e1657d09bb17;
3c04: 0000000000069b2b;
3c05: 0000000000000000;
3c06: 0000000000000000;
3c07: 0000000000000000;
3c08: 51e1c9ec2ddb0952;
3c09: f53b6535fa36a56e;
3c0a: fa784c6324dfedc7;
3c0b: 552b02023224353d;
3c0c: 000000000006dacc;
3c0d: 0000000000000000;
3c0e: 0000000000000000;
3c0f: 0000000000000000;
3c10: 44da08b0001afa46;
3c11: 588119fe2939e6ce;
3c12: 17e75fd022c459de;
3c13: 0ac8a88de3a2bb6f;
3c14: 000000000006c2df;
3c15: 0000000000000000;
3c16: 0000000000000000;
3c17: 0000000000000000;
3c18: 28bd130712f3c323;
3c19: c3f9c9be0021838e;
3c1a: 5ae062df19303ddc;
3c1b: d049e4017d9bbaa5;
3c1c: 0000000000070003;
3c1d: 0000000000000000;
3c1e: 0000000000000000;
3c1f: 0000000000000000;
3c20: 3da2cdcbf62623d2;
3c21: 421f296a15c16a4d;
3c22: 6b924c8cd14795a4;
3c23: 5481851ac5ef3b7b;
3c24: 0000000000077fe2;
3c25: 0000000000000000;
3c26: 0000000000000000;
3c27: 0000000000000000;
3c28: a40ef5c12b51da05;
3c29: f6e0e018a77e3aee;
3c2a: e46b7c201ad445de;
3c2b: 858262f5a27cbbbc;
3c2c: 0000000000075c0a;
3c2d: 0000000000000000;
3c2e: 0000000000000000;
3c2f: 0000000000000000;
3c30: 81670bb7e02927d5;
3c31: a279a26dde32b16d;
3c32: ac455c888fd869c6;
3c33: 9da71cff734ebfc3;
3c34: 0000000000077ee9;
3c35: 0000000000000000;
3c36: 0000000000000000;
3c37: 0000000000000000;
3c38: f515f5f03a4051ec;
3c39: 1b5ef64928111b0e;
3c3a: 8ecbf3bedcb029af;
3c3b: 22a05ef96603b894;
3c3c: 00000000000688c7;
3c3d: 0000000000000000;
3c3e: 0000000000000000;
3c3f: 0000000000000000;
3c40: 09da25cd2fb3f010;
3c41: f6e007c0b4e728ae;
3c42: 63f739df100419a2;
3c43: 4acc93f78e69b8db;
3c44: 0000000000069153;
3c45: 0000000000000000;
3c46: 0000000000000000;
3c47: 0000000000000000;
3c48: cbd30a91da37cb09;
3c49: c15ee5d3fe04bcce;
3c4a: 94d2a41fc861d5c2;
3c4b: 16e520791f923b28;
3c4c: 0000000000077998;
3c4d: 0000000000000000;
3c4e: 0000000000000000;
3c4f: 0000000000000000;
3c50: a606f11bed0ee532;
3c51: c63e12292464ca2e;
3c52: 512417b81b84e9b3;
3c53: 14897ff07c893c33;
3c54: 0000000000078bdf;
3c55: 0000000000000000;
3c56: 0000000000000000;
3c57: 0000000000000000;
3c58: 15b7e6b942ab55b2;
3c59: 58be77551634c16d;
3c5a: befd8b7fa0cc85de;
3c5b: a49f8a0007fdb811;
3c5c: 0000000000076aec;
3c5d: 0000000000000000;
3c5e: 0000000000000000;
3c5f: 0000000000000000;
3c60: b9384cee77f8c8f1;
3c61: d3c0b970ff759cad;
3c62: 5413686c511329a5;
3c63: 77f987cd82623870;
3c64: 0000000000072a95;
3c65: 0000000000000000;
3c66: 0000000000000000;
3c67: 0000000000000000;
3c68: ecaae7bee031310f;
3c69: fd7fdd375f015f0d;
3c6a: d73a6300b45ca9e4;
3c6b: 8b9121782f90391b;
3c6c: 0000000000076861;
3c6d: 0000000000000000;
3c6e: 0000000000000000;
3c6f: 0000000000000000;
3c70: 1602e80a4b47d927;
3c71: 359cd9c44744220e;
3c72: 05a06654de60f1dd;
3c73: 2d4d3c72d94a3747;
3c74: 000000000006d053;
3c75: 0000000000000000;
3c76: 0000000000000000;
3c77: 0000000000000000;
3c78: e69af4dde8d3eb48;
3c79: 62021da09b77c18e;
3c7a: 72a7eac6d77d89e0;
3c7b: 548688de98873b90;
3c7c: 0000000000070dee;
3c7d: 0000000000000000;
3c7e: 0000000000000000;
3c7f: 0000000000000000;
3c80: 258e2201f2260ee0;
3c81: 4fe2257cfbfd226e;
3c82: bb68644abc5381c4;
3c83: 6e8be91f82aa3ba3;
3c84: 000000000007116b;
3c85: 0000000000000000;
3c86: 0000000000000000;
3c87: 0000000000000000;
3c88: ea152c4b4802deef;
3c89: 60189db64b40ff2e;
3c8a: abe3bc118bb7edc5;
3c8b: e0795571aeb13b88;
3c8c: 0000000000076574;
3c8d: 0000000000000000;
3c8e: 0000000000000000;
3c8f: 0000000000000000;
3c90: b90b2e050b39bcf5;
3c91: fa410c08567bc38d;
3c92: 946c7b97f0d6cdc3;
3c93: 74258aee85d6b894;
3c94: 00000000000707e5;
3c95: 0000000000000000;
3c96: 0000000000000000;
3c97: 0000000000000000;
3c98: bc4a0e500d4a1027;
3c99: 3bd3014880641b2e;
3c9a: 6b64652f1874bdc2;
3c9b: 646fa212f2a93940;
3c9c: 00000000000712e6;
3c9d: 0000000000000000;
3c9e: 0000000000000000;
3c9f: 0000000000000000;
3ca0: 4cddf72bdfe7c301;
3ca1: 34ac49d3c2e57fce;
3ca2: a07c05434b63c9a1;
3ca3: 960f78850592388f;
3ca4: 00000000000724e8;
3ca5: 0000000000000000;
3ca6: 0000000000000000;
3ca7: 0000000000000000;
3ca8: 1104f616dc24442f;
3ca9: a0fe3d3d1f22818e;
3caa: 8c074fd52c5495eb;
3cab: 1a5c73f728ac3b05;
3cac: 0000000000071868;
3cad: 0000000000000000;
3cae: 0000000000000000;
3caf: 0000000000000000;
3cb0: 0137c84a01ccc6c4;
3cb1: 1afe23cbfd5fe98e;
3cb2: 7c56dff334cf01c3;
3cb3: 217481eb6865b947;
3cb4: 0000000000070bf3;
3cb5: 0000000000000000;
3cb6: 0000000000000000;
3cb7: 0000000000000000;
3cb8: c637fa3ab00bebfb;
3cb9: a2d6809974fb110e;
3cba: 781ceb9c58395197;
3cbb: ff7e1a078ea23920;
3cbc: 0000000000078605;
3cbd: 0000000000000000;
3cbe: 0000000000000000;
3cbf: 0000000000000000;
3cc0: 1914174debde0dfe;
3cc1: 56d6467b7b7dfdcf;
3cc2: 5e09e2f6158ad5c5;
3cc3: fcfe867506e2374d;
3cc4: 0000000000073a5c;
3cc5: 0000000000000000;
3cc6: 0000000000000000;
3cc7: 0000000000000000;
3cc8: 26191a42f0fb2f0a;
3cc9: e33fbe3ef71c1a2e;
3cca: 67ef338f956799c7;
3ccb: 82649696a5fbbb27;
3ccc: 0000000000071269;
3ccd: 0000000000000000;
3cce: 0000000000000000;
3ccf: 0000000000000000;
3cd0: f648c620f919d1c9;
3cd1: f85ddc84c3f4596e;
3cd2: 680ee7cbd096f1c5;
3cd3: 9b7d8678eec4b81f;
3cd4: 0000000000076768;
3cd5: 0000000000000000;
3cd6: 0000000000000000;
3cd7: 0000000000000000;
3cd8: ec3304f5bec40d1c;
3cd9: 22e75b22554304ae;
3cda: 7363e3ff7f5549c0;
3cdb: ec78affd9d9eb894;
3cdc: 000000000007128b;
3cdd: 0000000000000000;
3cde: 0000000000000000;
3cdf: 0000000000000000;
3ce0: f85359cde40ab923;
3ce1: d840b03452a5cbcd;
3ce2: 48ec4af545abb1bf;
3ce3: ff58ce6a7c913960;
3ce4: 0000000000077fea;
3ce5: 0000000000000000;
3ce6: 0000000000000000;
3ce7: 0000000000000000;
3ce8: 01c115d5cff67025;
3ce9: bdb9d6337f9cdfae;
3cea: 4a77b2c7690f1dda;
3ceb: 9b8124fdfe60bacc;
3cec: 0000000000077e73;
3ced: 0000000000000000;
3cee: 0000000000000000;
3cef: 0000000000000000;
3cf0: c9db0aeb1bbade00;
3cf1: aae0a1ec9bc07eae;
3cf2: 546b6f186e7509c7;
3cf3: a46cf88afbddb8e8;
3cf4: 0000000000069399;
3cf5: 0000000000000000;
3cf6: 0000000000000000;
3cf7: 0000000000000000;
3cf8: f0d1f1fe30daacf5;
3cf9: 87d73ebb54f8828e;
3cfa: 22a81123c45475a4;
3cfb: 911536ccb58eb874;
3cfc: 0000000000076a61;
3cfd: 0000000000000000;
3cfe: 0000000000000000;
3cff: 0000000000000000;
3d00: 513349cb120f120a;
3d01: 1effdfe21dfeeb2d;
3d02: c5a7d404c8e491da;
3d03: f3524f8e79803803;
3d04: 000000000006c1f6;
3d05: 0000000000000000;
3d06: 0000000000000000;
3d07: 0000000000000000;
3d08: 153c15f9aafb21d1;
3d09: 0c4902da0762dbae;
3d0a: cb97bae848782ddb;
3d0b: 7c958115ab74bfa3;
3d0c: 0000000000072401;
3d0d: 0000000000000000;
3d0e: 0000000000000000;
3d0f: 0000000000000000;
3d10: afffccc828131ee9;
3d11: c925489f9af9c30e;
3d12: 1832c806fb5055c3;
3d13: b171f602fb82bbc1;
3d14: 0000000000070119;
3d15: 0000000000000000;
3d16: 0000000000000000;
3d17: 0000000000000000;
3d18: 6cc058123bf9c904;
3d19: e0f604fb449d002e;
3d1a: 67901cc0ad2059de;
3d1b: 9862a2d3065cb883;
3d1c: 000000000006f436;
3d1d: 0000000000000000;
3d1e: 0000000000000000;
3d1f: 0000000000000000;
3d20: ee725e3ff64cb28e;
3d21: 0851d6a2e77e016d;
3d22: b3ff4728f47061bc;
3d23: 4569a6f8ad4638d2;
3d24: 000000000006ca81;
3d25: 0000000000000000;
3d26: 0000000000000000;
3d27: 0000000000000000;
3d28: aaf9471fbef7de0b;
3d29: 68259d7ffebf9a8e;
3d2a: 54b423346db2b9fc;
3d2b: 223ee015a5c33aa4;
3d2c: 0000000000068c9b;
3d2d: 0000000000000000;
3d2e: 0000000000000000;
3d2f: 0000000000000000;
3d30: ee50852b32d029b7;
3d31: 65a07e195fffff6d;
3d32: 443be4ff7b8439d7;
3d33: f17ba0f614f73b59;
3d34: 0000000000070784;
3d35: 0000000000000000;
3d36: 0000000000000000;
3d37: 0000000000000000;
3d38: 1fd84fdd220eca12;
3d39: 9ac3bc1fcfe3618e;
3d3a: c6f007d3cbbe9ddb;
3d3b: 5567dcd0047e398b;
3d3c: 0000000000077911;
3d3d: 0000000000000000;
3d3e: 0000000000000000;
3d3f: 0000000000000000;
3d40: 74601753eeaffb12;
3d41: bcfcfdfb7937dc6d;
3d42: 3b9c1b3be7f7a1d7;
3d43: 97cb2deb66ecb8ed;
3d44: 0000000000075604;
3d45: 0000000000000000;
3d46: 0000000000000000;
3d47: 0000000000000000;
3d48: 09b626ea04e63f17;
3d49: f05a0180fe957e6f;
3d4a: 6f8351342c7f11c1;
3d4b: 169ef15998093b40;
3d4c: 0000000000076880;
3d4d: 0000000000000000;
3d4e: 0000000000000000;
3d4f: 0000000000000000;
3d50: f5edd6264cdbb7fa;
3d51: 025c3bdffb6bdd4e;
3d52: 4cd43898437901c1;
3d53: b7a15c699cecbbab;
3d54: 0000000000069863;
3d55: 0000000000000000;
3d56: 0000000000000000;
3d57: 0000000000000000;
3d58: 0eb8fa3e4426afaf;
3d59: 40e7809bee2546ae;
3d5a: bbf7adbf44cffdb8;
3d5b: 6c3c206b26f4b8d8;
3d5c: 0000000000070c01;
3d5d: 0000000000000000;
3d5e: 0000000000000000;
3d5f: 0000000000000000;
3d60: 38d5eecb3fcd49f3;
3d61: 361fc1a1f4dc404d;
3d62: d49c7ee81bab71d4;
3d63: 7cf11e57d750b7d4;
3d64: 0000000000077786;
3d65: 0000000000000000;
3d66: 0000000000000000;
3d67: 0000000000000000;
3d68: 3bd60909f4e047e9;
3d69: e83fc0418363ffae;
3d6a: 187a5c6ffcac19e2;
3d6b: 687f57010cf3bb4d;
3d6c: 000000000007021a;
3d6d: 0000000000000000;
3d6e: 0000000000000000;
3d6f: 0000000000000000;
3d70: d906c4492e0b86d1;
3d71: e28b7f73b87abd2e;
3d72: 9b4400e8405801db;
3d73: ad7a50609550368c;
3d74: 00000000000696d4;
3d75: 0000000000000000;
3d76: 0000000000000000;
3d77: 0000000000000000;
3d78: 4210164b4009c9f3;
3d79: 1d618a808396818e;
3d7a: 079f6064bf2801c0;
3d7b: f4117b057c5a389d;
3d7c: 0000000000077995;
3d7d: 0000000000000000;
3d7e: 0000000000000000;
3d7f: 0000000000000000;
3d80: f1d0ece43a657ec3;
3d81: 3c3421003702750d;
3d82: e3578e2c0cbc6dc3;
3d83: dc689066f55db84b;
3d84: 00000000000716fb;
3d85: 0000000000000000;
3d86: 0000000000000000;
3d87: 0000000000000000;
3d88: dfc4f0dea0fa4d04;
3d89: 07206b070aa2b52e;
3d8a: 8ca35bacc116bdc2;
3d8b: 7cb27de80f01394c;
3d8c: 000000000007639b;
3d8d: 0000000000000000;
3d8e: 0000000000000000;
3d8f: 0000000000000000;
3d90: 6f1af747073bb2ba;
3d91: 018dfbfffc9aa80e;
3d92: 4a1576bb969bc1de;
3d93: 788ea6e89962344d;
3d94: 00000000000716ff;
3d95: 0000000000000000;
3d96: 0000000000000000;
3d97: 0000000000000000;
3d98: 2ce80615054ae812;
3d99: f188a77bcc64c6ce;
3d9a: cf73d87353d655df;
3d9b: efa9de86337a38b1;
3d9c: 000000000006ab7c;
3d9d: 0000000000000000;
3d9e: 0000000000000000;
3d9f: 0000000000000000;
3da0: 33de04514214e7dd;
3da1: 22c5b71e1fb3404e;
3da2: e3a90418342035c4;
3da3: a2ee1efee198bc2b;
3da4: 00000000000761de;
3da5: 0000000000000000;
3da6: 0000000000000000;
3da7: 0000000000000000;
3da8: 2aa131cf38d535d3;
3da9: d5bfe1a4fe1a1dee;
3daa: 297377679fbad1fe;
3dab: 18117f5af18a38ac;
3dac: 0000000000070776;
3dad: 0000000000000000;
3dae: 0000000000000000;
3daf: 0000000000000000;
3db0: c50d15f5910be3bc;
3db1: 61ba5afa602ac34e;
3db2: 1fab2d786fd03dfe;
3db3: d7b4806875f5b8ec;
3db4: 000000000006cd57;
3db5: 0000000000000000;
3db6: 0000000000000000;
3db7: 0000000000000000;
3db8: 5d02cbde185cf1d6;
3db9: 709f959ad5270b6e;
3dba: 728f2b67d45bc9a3;
3dbb: 9f88c8617a973b9c;
3dbc: 000000000007700d;
3dbd: 0000000000000000;
3dbe: 0000000000000000;
3dbf: 0000000000000000;
3dc0: 4cee0868a24ce484;
3dc1: 7a42427556d8220d;
3dc2: 842ded5d271765df;
3dc3: 1af98e246705348b;
3dc4: 0000000000070875;
3dc5: 0000000000000000;
3dc6: 0000000000000000;
3dc7: 0000000000000000;
3dc8: ebabcbeef2be30ee;
3dc9: 7e359b5bdf5ee00e;
3dca: fda768af4d7729c4;
3dcb: 70025c61ece9b897;
3dcc: 00000000000775f7;
3dcd: 0000000000000000;
3dce: 0000000000000000;
3dcf: 0000000000000000;
3dd0: dd0074e60ef5f2d8;
3dd1: 3e3d1fb29ba4b8ce;
3dd2: 5288014433c67ddc;
3dd3: 1daa5f6102f038d3;
3dd4: 000000000007036e;
3dd5: 0000000000000000;
3dd6: 0000000000000000;
3dd7: 0000000000000000;
3dd8: 6c28cc383b59d338;
3dd9: 5a4483403733e0cd;
3dda: 7e0746ed02184dc2;
3ddb: 90f0d6667405366b;
3ddc: 0000000000076cef;
3ddd: 0000000000000000;
3dde: 0000000000000000;
3ddf: 0000000000000000;
3de0: d1d0ddd0adff3450;
3de1: 1c5901765ce855ee;
3de2: d813f5a8482f29c3;
3de3: 9287d3ac8082b86f;
3de4: 0000000000077303;
3de5: 0000000000000000;
3de6: 0000000000000000;
3de7: 0000000000000000;
3de8: 05d4c09dba071fea;
3de9: 5d415b02ccfc1c2e;
3dea: a90ef3849afeedce;
3deb: d1e76cd8e77e3830;
3dec: 000000000006c368;
3ded: 0000000000000000;
3dee: 0000000000000000;
3def: 0000000000000000;
3df0: 0ad853d2182ede0d;
3df1: 1ec924e3dfb8a42e;
3df2: 4e9d1b707b479dfe;
3df3: 1ca6f7f416eeb910;
3df4: 00000000000711e1;
3df5: 0000000000000000;
3df6: 0000000000000000;
3df7: 0000000000000000;
3df8: 582005eaff13fe19;
3df9: d2a7431c654d030e;
3dfa: 3e43103357b52dbd;
3dfb: 82f9da5f8f07bb48;
3dfc: 0000000000070177;
3dfd: 0000000000000000;
3dfe: 0000000000000000;
3dff: 0000000000000000;
3e00: 21502617f07d134d;
3e01: e4dd391b33f9bc6e;
3e02: c9082fe044216dd7;
3e03: e6f6a27879eebbff;
3e04: 00000000000701ae;
3e05: 0000000000000000;
3e06: 0000000000000000;
3e07: 0000000000000000;
3e08: 19cf65de1beaaad4;
3e09: a5fda1813f49802d;
3e0a: 3ecf65bbc97f19c2;
3e0b: 827939cb7ce4b907;
3e0c: 0000000000071973;
3e0d: 0000000000000000;
3e0e: 0000000000000000;
3e0f: 0000000000000000;
3e10: 11b9b63bb4030f0b;
3e11: 7f76f9a795e5642e;
3e12: 73db239e60f34da0;
3e13: 01faa3e70487bb2d;
3e14: 0000000000071183;
3e15: 0000000000000000;
3e16: 0000000000000000;
3e17: 0000000000000000;
3e18: 521f0b2a3020b9ec;
3e19: 007be1803bbe01ae;
3e1a: d0fbbb2668ab49f8;
3e1b: 615ff799eff33bbd;
3e1c: 0000000000070890;
3e1d: 0000000000000000;
3e1e: 0000000000000000;
3e1f: 0000000000000000;
3e20: 134c64e0036ed538;
3e21: d85c4469573d606e;
3e22: 53842cac01442ddb;
3e23: 8444f09573f7b88c;
3e24: 000000000007049b;
3e25: 0000000000000000;
3e26: 0000000000000000;
3e27: 0000000000000000;
3e28: 0c0609fef6bde8e9;
3e29: 1cd974bfe21d7ccf;
3e2a: 56c660330cc711d2;
3e2b: 3d8daee2e063ba9f;
3e2c: 00000000000703e6;
3e2d: 0000000000000000;
3e2e: 0000000000000000;
3e2f: 0000000000000000;
3e30: e51ab4bdb2fe48e8;
3e31: 45d4a2dd039d17ee;
3e32: 4732ebeec8141ddd;
3e33: a40a7938f5903bc1;
3e34: 0000000000076985;
3e35: 0000000000000000;
3e36: 0000000000000000;
3e37: 0000000000000000;
3e38: 6d2202ff1f3bead3;
3e39: 6498021f1c2140ee;
3e3a: 30c3be833b6ff5f9;
3e3b: b8f37f4aee6fb8d5;
3e3c: 000000000007039d;
3e3d: 0000000000000000;
3e3e: 0000000000000000;
3e3f: 0000000000000000;
3e40: fbb82725e726db18;
3e41: 177ee6a678007f6e;
3e42: 2f21d74665190dc2;
3e43: 0ff3fd9e0fddb690;
3e44: 0000000000071389;
3e45: 0000000000000000;
3e46: 0000000000000000;
3e47: 0000000000000000;
3e48: eedfe3dccacfefb4;
3e49: c4b4385d3c68590e;
3e4a: b802cc9fd12c11d2;
3e4b: 2a7903dd02713b76;
3e4c: 0000000000078c82;
3e4d: 0000000000000000;
3e4e: 0000000000000000;
3e4f: 0000000000000000;
3e50: 98d6d2e3c7c8532c;
3e51: 089be3994b3c932e;
3e52: c2748712f83fb9d9;
3e53: 2a74010a0f623877;
3e54: 0000000000076292;
3e55: 0000000000000000;
3e56: 0000000000000000;
3e57: 0000000000000000;
3e58: 3027d7181854d8e7;
3e59: c2b44749e263878e;
3e5a: 8ea90b9a406361dd;
3e5b: afedf2e7ef5eb89c;
3e5c: 0000000000076a25;
3e5d: 0000000000000000;
3e5e: 0000000000000000;
3e5f: 0000000000000000;
3e60: 1c79250b18b3fb64;
3e61: af6b772a1643c44e;
3e62: f7f70482f7e101b6;
3e63: fd2094ed7705bbd8;
3e64: 00000000000720e2;
3e65: 0000000000000000;
3e66: 0000000000000000;
3e67: 0000000000000000;
3e68: fad63201f4fea66a;
3e69: fedd227ec88222ae;
3e6a: fbb36c1d3d24fdff;
3e6b: 148d875e7e7db83f;
3e6c: 0000000000077077;
3e6d: 0000000000000000;
3e6e: 0000000000000000;
3e6f: 0000000000000000;
3e70: 2ef50d17f0f54b08;
3e71: 0345685e00be5f2e;
3e72: f09363f7457395de;
3e73: fd968de829f03b2c;
3e74: 00000000000723a6;
3e75: 0000000000000000;
3e76: 0000000000000000;
3e77: 0000000000000000;
3e78: fefa3b5d36b0f337;
3e79: 1ae3622560db612e;
3e7a: cb7e9ff3b45ad1d2;
3e7b: 08e6f2977716393c;
3e7c: 0000000000072991;
3e7d: 0000000000000000;
3e7e: 0000000000000000;
3e7f: 0000000000000000;
3e80: ec7e033d03afee44;
3e81: 7e5c65a6c8befded;
3e82: 085b851f810c3dde;
3e83: 5f2485ee191cb855;
3e84: 0000000000070fe3;
3e85: 0000000000000000;
3e86: 0000000000000000;
3e87: 0000000000000000;
3e88: 0b066338facbfe26;
3e89: 3395151b4247d96e;
3e8a: c14fd2b52862bdac;
3e8b: f2881efe58f2b740;
3e8c: 0000000000070df5;
3e8d: 0000000000000000;
3e8e: 0000000000000000;
3e8f: 0000000000000000;
3e90: c9e9f9c21e1b3abd;
3e91: e97da27f627ee1ce;
3e92: 3cb3c396613c91d5;
3e93: 93d9563196ddb575;
3e94: 0000000000068ab7;
3e95: 0000000000000000;
3e96: 0000000000000000;
3e97: 0000000000000000;
3e98: 16122a220fb5fa06;
3e99: fd80281ca1c33e2f;
3e9a: 45429646cbbfe9f9;
3e9b: 288169e9e11db788;
3e9c: 000000000006f332;
3e9d: 0000000000000000;
3e9e: 0000000000000000;
3e9f: 0000000000000000;
3ea0: e805a7390403ed1d;
3ea1: b0bb67dc56ee084e;
3ea2: 7d3bbc4764f759a6;
3ea3: 8a0806599c6e3418;
3ea4: 0000000000077e52;
3ea5: 0000000000000000;
3ea6: 0000000000000000;
3ea7: 0000000000000000;
3ea8: db043cbad33c25ca;
3ea9: fa8393e20642a3ae;
3eaa: acc80b2514e049c5;
3eab: b0e28b8875933b4b;
3eac: 000000000007197a;
3ead: 0000000000000000;
3eae: 0000000000000000;
3eaf: 0000000000000000;
3eb0: a0f618c8f7b25fcd;
3eb1: 2aafc005bea3ff0e;
3eb2: 96cdeef2418175c0;
3eb3: 3171778de46b346d;
3eb4: 0000000000071015;
3eb5: 0000000000000000;
3eb6: 0000000000000000;
3eb7: 0000000000000000;
3eb8: 6a470047b905b04b;
3eb9: 359ae51c2682c58d;
3eba: 58e8929725c9d1c1;
3ebb: 0a8d7f85dcf3b7bc;
3ebc: 00000000000764a3;
3ebd: 0000000000000000;
3ebe: 0000000000000000;
3ebf: 0000000000000000;
3ec0: 0436f3104cee10ea;
3ec1: a01ffd09a31fdeee;
3ec2: c7b12473cb97e5c4;
3ec3: 8c9487e68d13bb1f;
3ec4: 000000000007297c;
3ec5: 0000000000000000;
3ec6: 0000000000000000;
3ec7: 0000000000000000;
3ec8: e6ecb7ffe00a0819;
3ec9: 5ede897b5d22234f;
3eca: 041f62e5f75095e1;
3ecb: 068901807c7a3bf0;
3ecc: 000000000007dcfc;
3ecd: 0000000000000000;
3ece: 0000000000000000;
3ecf: 0000000000000000;
3ed0: 6e52e0cc32d2a0d9;
3ed1: ec5b5700e840390d;
3ed2: af5fd7af276e55db;
3ed3: e69dfaff35e13b95;
3ed4: 0000000000071db2;
3ed5: 0000000000000000;
3ed6: 0000000000000000;
3ed7: 0000000000000000;
3ed8: a75c441c5ee44263;
3ed9: 1a23f18ede181acd;
3eda: e0a352fbfc1f41a3;
3edb: 99f77a6e75fa3b9f;
3edc: 0000000000071120;
3edd: 0000000000000000;
3ede: 0000000000000000;
3edf: 0000000000000000;
3ee0: 0034abcc06ec01e4;
3ee1: 7b3cce26e1fe28ae;
3ee2: 381cffc4c46d0dc6;
3ee3: 8aa2077cff793bc4;
3ee4: 0000000000070efc;
3ee5: 0000000000000000;
3ee6: 0000000000000000;
3ee7: 0000000000000000;
3ee8: bea8afcfe33d5654;
3ee9: 813845e7c2c41aad;
3eea: 1c81bf6b3c20a9cc;
3eeb: e76075a6ee02b860;
3eec: 00000000000773f5;
3eed: 0000000000000000;
3eee: 0000000000000000;
3eef: 0000000000000000;
3ef0: 0007ebe856e507bf;
3ef1: e6c0758a3ba3c7ce;
3ef2: f030036fa7c711bb;
3ef3: 7a0477b719ee3948;
3ef4: 000000000007682a;
3ef5: 0000000000000000;
3ef6: 0000000000000000;
3ef7: 0000000000000000;
3ef8: c3c321e62dddeb4e;
3ef9: 7e4b9f21bd1d9a0d;
3efa: 631ac7c4738f9dc0;
3efb: 5b97197e12fd380c;
3efc: 0000000000075ea9;
3efd: 0000000000000000;
3efe: 0000000000000000;
3eff: 0000000000000000;
3f00: df438fc2eadfe9fa;
3f01: 881dbffab8e0010e;
3f02: 507ff3a94053adca;
3f03: 0df5a46d6df9b839;
3f04: 0000000000070de2;
3f05: 0000000000000000;
3f06: 0000000000000000;
3f07: 0000000000000000;
3f08: 11a81bcf0534efbe;
3f09: 38a8c70fddc462ad;
3f0a: a9187680d8b3a1a9;
3f0b: 0bd602892d82b84c;
3f0c: 000000000007786f;
3f0d: 0000000000000000;
3f0e: 0000000000000000;
3f0f: 0000000000000000;
3f10: 0d0f020d02b52faf;
3f11: ff2e430970c2e42e;
3f12: 955493307b1885c5;
3f13: ace2ed0f7a8db4bd;
3f14: 0000000000076393;
3f15: 0000000000000000;
3f16: 0000000000000000;
3f17: 0000000000000000;
3f18: 1507aff2befcd93d;
3f19: 7cad7cbeff80990e;
3f1a: aadf7f2807ebddc2;
3f1b: fd0223e28a24bf94;
3f1c: 0000000000076621;
3f1d: 0000000000000000;
3f1e: 0000000000000000;
3f1f: 0000000000000000;
3f20: 19e8a5f12a18ccb8;
3f21: 4248adc378baa20e;
3f22: ffff6fbbd76869be;
3f23: 4a20e525906abd67;
3f24: 0000000000068f2c;
3f25: 0000000000000000;
3f26: 0000000000000000;
3f27: 0000000000000000;
3f28: 24d01c4461ea2b04;
3f29: bce5f701f4db626e;
3f2a: cd4878e476b781da;
3f2b: dd1b68a361ef3857;
3f2c: 00000000000716ec;
3f2d: 0000000000000000;
3f2e: 0000000000000000;
3f2f: 0000000000000000;
3f30: bdbc15c0fefb3402;
3f31: b78732845ea29cae;
3f32: a7af509b585f45db;
3f33: 76527a5904743a6f;
3f34: 000000000007108c;
3f35: 0000000000000000;
3f36: 0000000000000000;
3f37: 0000000000000000;
3f38: c3060d444e3ef343;
3f39: bf8201b53dfebc8e;
3f3a: d747666854b32ddf;
3f3b: 83dcbda9ea76b872;
3f3c: 0000000000073b8c;
3f3d: 0000000000000000;
3f3e: 0000000000000000;
3f3f: 0000000000000000;
3f40: eafb8deefde7ea0b;
3f41: da0974fb7ea218ae;
3f42: 8bf42c1bb81c51bd;
3f43: 0c877105f55abd33;
3f44: 0000000000077cfa;
3f45: 0000000000000000;
3f46: 0000000000000000;
3f47: 0000000000000000;
3f48: 224fb625560cc0b6;
3f49: 412a3e22dc239e6d;
3f4a: c8766c97ef8d05db;
3f4b: 5b04f31b7c1a3b8c;
3f4c: 000000000007837c;
3f4d: 0000000000000000;
3f4e: 0000000000000000;
3f4f: 0000000000000000;
3f50: ca18e74e25ff7cfb;
3f51: 7d3bdb45e25fb8ee;
3f52: 881277d717e671d6;
3f53: 1c8b905cf008bbcb;
3f54: 0000000000077ef0;
3f55: 0000000000000000;
3f56: 0000000000000000;
3f57: 0000000000000000;
3f58: a9dccc1624264018;
3f59: b73c74b81c6b83ce;
3f5a: c7ffc69c543b2dc3;
3f5b: cea206a6031eb84f;
3f5c: 0000000000073686;
3f5d: 0000000000000000;
3f5e: 0000000000000000;
3f5f: 0000000000000000;
3f60: 1b38bfbcd4f60a10;
3f61: b5d3804321217aee;
3f62: 37af9f483fcc49be;
3f63: 6f7aff5fb96f39fd;
3f64: 0000000000068481;
3f65: 0000000000000000;
3f66: 0000000000000000;
3f67: 0000000000000000;
3f68: 3b1f1d63fa2b040a;
3f69: 058b1f3f5f3f3d4e;
3f6a: 93a7d0b31ae8e1c4;
3f6b: 6627903360653891;
3f6c: 000000000007700a;
3f6d: 0000000000000000;
3f6e: 0000000000000000;
3f6f: 0000000000000000;
3f70: fdd0bc37cfc54426;
3f71: dc575fbf0797962e;
3f72: 131ba423631041a1;
3f73: f4dc88fc05e3ba3b;
3f74: 000000000007047e;
3f75: 0000000000000000;
3f76: 0000000000000000;
3f77: 0000000000000000;
3f78: 88529beb1a96f936;
3f79: dc6083dc5fa8df2d;
3f7a: d313c683d07419df;
3f7b: 787313f8f5923907;
3f7c: 000000000007a1f7;
3f7d: 0000000000000000;
3f7e: 0000000000000000;
3f7f: 0000000000000000;
3f80: f6001ef8308efda0;
3f81: 6656f2525ee3740d;
3f82: 2c0fbdefb00d519f;
3f83: 5ec90329491234b5;
3f84: 0000000000069c1c;
3f85: 0000000000000000;
3f86: 0000000000000000;
3f87: 0000000000000000;
3f88: 14efd3eaf630befe;
3f89: 7dc3f49b1f3cfe8e;
3f8a: 47ae9814b6b7e5de;
3f8b: f5e4f120763b3560;
3f8c: 0000000000072596;
3f8d: 0000000000000000;
3f8e: 0000000000000000;
3f8f: 0000000000000000;
3f90: bd946388c620722b;
3f91: dd1ddafe028e590e;
3f92: f03efc7377ec29db;
3f93: 7006565381843f9f;
3f94: 0000000000071e00;
3f95: 0000000000000000;
3f96: 0000000000000000;
3f97: 0000000000000000;
3f98: 553842aec56fdd0c;
3f99: 8bbc25ec8a9f960d;
3f9a: c3fc20af98856db3;
3f9b: 19f10727f36f38a0;
3f9c: 0000000000071996;
3f9d: 0000000000000000;
3f9e: 0000000000000000;
3f9f: 0000000000000000;
3fa0: 0dad0d0d5bbc0896;
3fa1: fcdd201ca23cb5ad;
3fa2: 1b23f40f78464dc2;
3fa3: 75fafcf1e15937e8;
3fa4: 00000000000706d2;
3fa5: 0000000000000000;
3fa6: 0000000000000000;
3fa7: 0000000000000000;
3fa8: 1c26b2cf0905e1f0;
3fa9: 1d6a403fe2fcc92f;
3faa: eb32e83422a021c7;
3fab: f0048a9003393bec;
3fac: 000000000007fe0d;
3fad: 0000000000000000;
3fae: 0000000000000000;
3faf: 0000000000000000;
3fb0: f6170240020f1af2;
3fb1: 02797e475ae2f44f;
3fb2: 700f0b7807eca5d8;
3fb3: 1960fdea5c2e3949;
3fb4: 0000000000071258;
3fb5: 0000000000000000;
3fb6: 0000000000000000;
3fb7: 0000000000000000;
3fb8: 47abbee6ab52abd6;
3fb9: 5aa01548e0e2e2ad;
3fba: a32ba8047bd165d9;
3fbb: 922c759306813868;
3fbc: 0000000000077105;
3fbd: 0000000000000000;
3fbe: 0000000000000000;
3fbf: 0000000000000000;
3fc0: aa21aae26a126da7;
3fc1: 3c61dadd5f06f62d;
3fc2: 2ef7f3a8ab6405c7;
3fc3: ad3de35ce7e9b83c;
3fc4: 0000000000068e75;
3fc5: 0000000000000000;
3fc6: 0000000000000000;
3fc7: 0000000000000000;
3fc8: 0915b4cae710f4af;
3fc9: 8bc15c8122a1a82e;
3fca: 16ebfb3b1b0c09c3;
3fcb: cf288936e18ebb59;
3fcc: 00000000000704fb;
3fcd: 0000000000000000;
3fce: 0000000000000000;
3fcf: 0000000000000000;
3fd0: 176b7439d54e0062;
3fd1: 4e7561c6bf387d4d;
3fd2: 55835c5fa42c4dc7;
3fd3: 72f2f722040ab878;
3fd4: 0000000000077ecf;
3fd5: 0000000000000000;
3fd6: 0000000000000000;
3fd7: 0000000000000000;
3fd8: 011301e4aff4d1ec;
3fd9: 3b9ea62eab00de6e;
3fda: 47e059df2de915dd;
3fdb: 7682855e792d3493;
3fdc: 0000000000071101;
3fdd: 0000000000000000;
3fde: 0000000000000000;
3fdf: 0000000000000000;
3fe0: e09dfa09ead535f0;
3fe1: 77b2d15d7e52422e;
3fe2: 8f801fbff43d0ddd;
3fe3: 9d5921646a15bbe0;
3fe4: 000000000007030c;
3fe5: 0000000000000000;
3fe6: 0000000000000000;
3fe7: 0000000000000000;
3fe8: f2e7da04d4f9c14c;
3fe9: 401d7bb522579b6e;
3fea: fb2504f0084d15c3;
3feb: d76c890cf06cb94f;
3fec: 000000000006fe2e;
3fed: 0000000000000000;
3fee: 0000000000000000;
3fef: 0000000000000000;
3ff0: 08ca2c86d40a25eb;
3ff1: 57fffebddda199ee;
3ff2: bb444bf2a2faf9c2;
3ff3: 0716767c05fcbbef;
3ff4: 000000000007a68a;
3ff5: 0000000000000000;
3ff6: 0000000000000000;
3ff7: 0000000000000000;
3ff8: 65bc9d91dd81f7ca;
3ff9: 271580dabfff598d;
3ffa: 491f0d5fcb415dc0;
3ffb: 61159027955e3bd1;
3ffc: 0000000000077965;
3ffd: 0000000000000000;
3ffe: 0000000000000000;
3fff: 0000000000000000;
END;
